timestamp,building_id,voltage_v,current_a,power_factor,power_kw
2026-06-01 00:00:00,Building_A_Lecture,229.52,8.32,0.888,1.694
2026-06-01 00:15:00,Building_A_Lecture,230.98,8.97,0.89,1.846
2026-06-01 00:30:00,Building_A_Lecture,231.9,7.7,0.869,1.552
2026-06-01 00:45:00,Building_A_Lecture,220.86,7.7,0.898,1.527
2026-06-01 01:00:00,Building_A_Lecture,231.1,7.35,0.863,1.466
2026-06-01 01:15:00,Building_A_Lecture,227.8,7.1,0.895,1.446
2026-06-01 01:30:00,Building_A_Lecture,230.39,7.65,0.856,1.509
2026-06-01 01:45:00,Building_A_Lecture,227.9,8.24,0.894,1.679
2026-06-01 02:00:00,Building_A_Lecture,236.48,7.61,0.879,1.583
2026-06-01 02:15:00,Building_A_Lecture,229.2,7.32,0.889,1.492
2026-06-01 02:30:00,Building_A_Lecture,223.14,8.13,0.849,1.541
2026-06-01 02:45:00,Building_A_Lecture,230.77,8.13,0.893,1.675
2026-06-01 03:00:00,Building_A_Lecture,228.95,7.93,0.848,1.538
2026-06-01 03:15:00,Building_A_Lecture,225.29,7.54,0.862,1.464
2026-06-01 03:30:00,Building_A_Lecture,228.65,62.67,0.862,12.349
2026-06-01 03:45:00,Building_A_Lecture,233.61,8.39,0.893,1.75
2026-06-01 04:00:00,Building_A_Lecture,227.82,7.87,0.847,1.519
2026-06-01 04:15:00,Building_A_Lecture,226.13,8.7,0.848,1.669
2026-06-01 04:30:00,Building_A_Lecture,231.04,8.53,0.852,1.681
2026-06-01 04:45:00,Building_A_Lecture,231.26,7.95,0.908,1.669
2026-06-01 05:00:00,Building_A_Lecture,226.78,10.16,0.854,1.968
2026-06-01 05:15:00,Building_A_Lecture,230.3,7.96,0.871,1.597
2026-06-01 05:30:00,Building_A_Lecture,230.07,8.58,0.862,1.701
2026-06-01 05:45:00,Building_A_Lecture,227.17,7.04,0.873,1.397
2026-06-01 06:00:00,Building_A_Lecture,234.05,8.32,0.88,1.713
2026-06-01 06:15:00,Building_A_Lecture,230.34,10.68,0.878,2.161
2026-06-01 06:30:00,Building_A_Lecture,232.36,12.51,0.841,2.446
2026-06-01 06:45:00,Building_A_Lecture,231.04,60.09,0.837,11.617
2026-06-01 07:00:00,Building_A_Lecture,228.53,15.59,0.819,2.918
2026-06-01 07:15:00,Building_A_Lecture,230.75,18.62,0.765,3.288
2026-06-01 07:30:00,Building_A_Lecture,229.74,22.62,0.75,3.897
2026-06-01 07:45:00,Building_A_Lecture,230.36,24.31,0.759,4.252
2026-06-01 08:00:00,Building_A_Lecture,231.06,26.09,0.755,4.554
2026-06-01 08:15:00,Building_A_Lecture,232.69,25.89,0.75,4.518
2026-06-01 08:30:00,Building_A_Lecture,226.82,32.46,0.75,5.521
2026-06-01 08:45:00,Building_A_Lecture,226.92,28.76,0.75,4.895
2026-06-01 09:00:00,Building_A_Lecture,228.02,31.46,0.75,5.379
2026-06-01 09:15:00,Building_A_Lecture,230.03,34.38,0.75,5.931
2026-06-01 09:30:00,Building_A_Lecture,231.66,34.18,0.75,5.938
2026-06-01 09:45:00,Building_A_Lecture,228.64,43.57,0.75,7.472
2026-06-01 10:00:00,Building_A_Lecture,225.69,42.65,0.75,7.219
2026-06-01 10:15:00,Building_A_Lecture,228.86,45.49,0.75,7.808
2026-06-01 10:30:00,Building_A_Lecture,232.74,43.06,0.75,7.516
2026-06-01 10:45:00,Building_A_Lecture,232.16,38.49,0.75,6.702
2026-06-01 11:00:00,Building_A_Lecture,227.5,44.76,0.75,7.638
2026-06-01 11:15:00,Building_A_Lecture,232.57,45.97,0.75,8.018
2026-06-01 11:30:00,Building_A_Lecture,227.13,48.83,0.75,8.317
2026-06-01 11:45:00,Building_A_Lecture,226.96,46.4,0.75,7.899
2026-06-01 12:00:00,Building_A_Lecture,227.14,41.8,0.75,7.121
2026-06-01 12:15:00,Building_A_Lecture,234.23,46.15,0.75,8.107
2026-06-01 12:30:00,Building_A_Lecture,239.52,43.74,0.75,7.857
2026-06-01 12:45:00,Building_A_Lecture,230.15,41.25,0.75,7.121
2026-06-01 13:00:00,Building_A_Lecture,232.5,42.96,0.75,7.491
2026-06-01 13:15:00,Building_A_Lecture,228.42,42.79,0.75,7.33
2026-06-01 13:30:00,Building_A_Lecture,233.0,40.68,0.75,7.108
2026-06-01 13:45:00,Building_A_Lecture,232.21,37.08,0.75,6.458
2026-06-01 14:00:00,Building_A_Lecture,226.0,40.23,0.75,6.819
2026-06-01 14:15:00,Building_A_Lecture,226.64,40.5,0.75,6.885
2026-06-01 14:30:00,Building_A_Lecture,231.8,38.89,0.75,6.762
2026-06-01 14:45:00,Building_A_Lecture,234.66,46.86,0.75,8.247
2026-06-01 15:00:00,Building_A_Lecture,232.66,33.3,0.75,5.811
2026-06-01 15:15:00,Building_A_Lecture,229.86,31.78,0.75,5.479
2026-06-01 15:30:00,Building_A_Lecture,224.36,32.2,0.75,5.418
2026-06-01 15:45:00,Building_A_Lecture,235.46,31.04,0.75,5.482
2026-06-01 16:00:00,Building_A_Lecture,230.76,24.95,0.765,4.402
2026-06-01 16:15:00,Building_A_Lecture,234.77,23.09,0.793,4.298
2026-06-01 16:30:00,Building_A_Lecture,230.65,18.57,0.793,3.396
2026-06-01 16:45:00,Building_A_Lecture,227.3,21.25,0.822,3.968
2026-06-01 17:00:00,Building_A_Lecture,227.71,16.91,0.853,3.283
2026-06-01 17:15:00,Building_A_Lecture,231.32,15.71,0.858,3.119
2026-06-01 17:30:00,Building_A_Lecture,228.31,11.27,0.88,2.265
2026-06-01 17:45:00,Building_A_Lecture,229.17,9.83,0.902,2.032
2026-06-01 18:00:00,Building_A_Lecture,226.41,5.93,0.885,1.188
2026-06-01 18:15:00,Building_A_Lecture,235.4,7.2,0.908,1.54
2026-06-01 18:30:00,Building_A_Lecture,224.97,8.92,0.894,1.794
2026-06-01 18:45:00,Building_A_Lecture,229.29,8.01,0.878,1.612
2026-06-01 19:00:00,Building_A_Lecture,232.32,8.07,0.908,1.703
2026-06-01 19:15:00,Building_A_Lecture,232.4,7.21,0.883,1.48
2026-06-01 19:30:00,Building_A_Lecture,227.82,8.18,0.871,1.624
2026-06-01 19:45:00,Building_A_Lecture,227.82,7.68,0.872,1.526
2026-06-01 20:00:00,Building_A_Lecture,231.08,8.58,0.889,1.762
2026-06-01 20:15:00,Building_A_Lecture,231.93,8.4,0.86,1.676
2026-06-01 20:30:00,Building_A_Lecture,230.41,7.99,0.902,1.66
2026-06-01 20:45:00,Building_A_Lecture,235.44,7.62,0.87,1.562
2026-06-01 21:00:00,Building_A_Lecture,230.07,8.84,0.885,1.799
2026-06-01 21:15:00,Building_A_Lecture,229.05,7.8,0.866,1.547
2026-06-01 21:30:00,Building_A_Lecture,232.08,8.06,0.86,1.609
2026-06-01 21:45:00,Building_A_Lecture,234.22,9.34,0.844,1.846
2026-06-01 22:00:00,Building_A_Lecture,232.2,8.4,0.874,1.704
2026-06-01 22:15:00,Building_A_Lecture,222.68,7.43,0.916,1.515
2026-06-01 22:30:00,Building_A_Lecture,228.88,7.47,0.888,1.519
2026-06-01 22:45:00,Building_A_Lecture,228.48,7.64,0.883,1.541
2026-06-01 23:00:00,Building_A_Lecture,230.81,7.7,0.85,1.51
2026-06-01 23:15:00,Building_A_Lecture,227.68,7.1,0.91,1.471
2026-06-01 23:30:00,Building_A_Lecture,235.16,8.2,0.892,1.721
2026-06-01 23:45:00,Building_A_Lecture,228.94,7.9,0.877,1.586
2026-06-02 00:00:00,Building_A_Lecture,227.1,8.21,0.886,1.651
2026-06-02 00:15:00,Building_A_Lecture,224.94,8.98,0.853,1.724
2026-06-02 00:30:00,Building_A_Lecture,230.04,8.14,0.878,1.644
2026-06-02 00:45:00,Building_A_Lecture,237.97,7.51,0.888,1.586
2026-06-02 01:00:00,Building_A_Lecture,227.31,9.38,0.885,1.886
2026-06-02 01:15:00,Building_A_Lecture,229.61,8.12,0.895,1.669
2026-06-02 01:30:00,Building_A_Lecture,227.9,7.46,0.838,1.425
2026-06-02 01:45:00,Building_A_Lecture,223.31,7.66,0.886,1.516
2026-06-02 02:00:00,Building_A_Lecture,231.72,7.43,0.854,1.47
2026-06-02 02:15:00,Building_A_Lecture,229.74,9.17,0.863,1.819
2026-06-02 02:30:00,Building_A_Lecture,234.74,6.9,0.882,1.429
2026-06-02 02:45:00,Building_A_Lecture,229.62,8.79,0.87,1.757
2026-06-02 03:00:00,Building_A_Lecture,230.16,8.0,0.868,1.598
2026-06-02 03:15:00,Building_A_Lecture,225.21,8.4,0.885,1.673
2026-06-02 03:30:00,Building_A_Lecture,234.47,7.02,0.89,1.464
2026-06-02 03:45:00,Building_A_Lecture,230.4,7.52,0.911,1.578
2026-06-02 04:00:00,Building_A_Lecture,236.14,9.32,0.863,1.899
2026-06-02 04:15:00,Building_A_Lecture,235.21,8.62,0.89,1.805
2026-06-02 04:30:00,Building_A_Lecture,223.84,8.68,0.848,1.648
2026-06-02 04:45:00,Building_A_Lecture,230.7,6.69,0.842,1.3
2026-06-02 05:00:00,Building_A_Lecture,225.17,9.04,0.836,1.701
2026-06-02 05:15:00,Building_A_Lecture,229.98,7.96,0.885,1.621
2026-06-02 05:30:00,Building_A_Lecture,232.34,7.17,0.89,1.481
2026-06-02 05:45:00,Building_A_Lecture,232.62,7.4,0.875,1.506
2026-06-02 06:00:00,Building_A_Lecture,231.76,7.37,0.87,1.486
2026-06-02 06:15:00,Building_A_Lecture,224.98,9.76,0.861,1.891
2026-06-02 06:30:00,Building_A_Lecture,230.12,14.85,0.817,2.791
2026-06-02 06:45:00,Building_A_Lecture,232.98,15.48,0.814,2.937
2026-06-02 07:00:00,Building_A_Lecture,227.98,16.83,0.812,3.117
2026-06-02 07:15:00,Building_A_Lecture,227.81,16.23,0.778,2.876
2026-06-02 07:30:00,Building_A_Lecture,231.09,23.18,0.837,4.484
2026-06-02 07:45:00,Building_A_Lecture,235.33,26.55,0.75,4.686
2026-06-02 08:00:00,Building_A_Lecture,225.02,24.9,0.751,4.208
2026-06-02 08:15:00,Building_A_Lecture,230.76,26.09,0.774,4.661
2026-06-02 08:30:00,Building_A_Lecture,235.18,30.5,0.75,5.381
2026-06-02 08:45:00,Building_A_Lecture,228.46,30.16,0.761,5.241
2026-06-02 09:00:00,Building_A_Lecture,225.16,31.77,0.75,5.365
2026-06-02 09:15:00,Building_A_Lecture,230.1,41.29,0.75,7.125
2026-06-02 09:30:00,Building_A_Lecture,228.3,35.41,0.75,6.063
2026-06-02 09:45:00,Building_A_Lecture,221.24,36.09,0.75,5.988
2026-06-02 10:00:00,Building_A_Lecture,226.82,39.28,0.75,6.682
2026-06-02 10:15:00,Building_A_Lecture,231.85,43.67,0.75,7.594
2026-06-02 10:30:00,Building_A_Lecture,231.9,36.55,0.75,6.357
2026-06-02 10:45:00,Building_A_Lecture,230.98,45.0,0.75,7.796
2026-06-02 11:00:00,Building_A_Lecture,226.83,44.65,0.75,7.596
2026-06-02 11:15:00,Building_A_Lecture,239.74,38.4,0.75,6.905
2026-06-02 11:30:00,Building_A_Lecture,228.65,41.61,0.75,7.135
2026-06-02 11:45:00,Building_A_Lecture,233.87,42.85,0.75,7.516
2026-06-02 12:00:00,Building_A_Lecture,227.21,36.1,0.75,6.152
2026-06-02 12:15:00,Building_A_Lecture,230.59,44.19,0.75,7.643
2026-06-02 12:30:00,Building_A_Lecture,229.46,44.99,0.75,7.743
2026-06-02 12:45:00,Building_A_Lecture,227.92,45.19,0.75,7.725
2026-06-02 13:00:00,Building_A_Lecture,228.53,45.12,0.75,7.733
2026-06-02 13:15:00,Building_A_Lecture,229.05,50.18,0.75,8.621
2026-06-02 13:30:00,Building_A_Lecture,226.47,35.31,0.75,5.997
2026-06-02 13:45:00,Building_A_Lecture,224.47,40.03,0.75,6.738
2026-06-02 14:00:00,Building_A_Lecture,222.26,42.7,0.75,7.118
2026-06-02 14:15:00,Building_A_Lecture,230.58,41.15,0.75,7.117
2026-06-02 14:30:00,Building_A_Lecture,228.55,38.37,0.75,6.576
2026-06-02 14:45:00,Building_A_Lecture,228.29,42.32,0.75,7.247
2026-06-02 15:00:00,Building_A_Lecture,227.0,36.43,0.75,6.203
2026-06-02 15:15:00,Building_A_Lecture,228.78,31.16,0.75,5.346
2026-06-02 15:30:00,Building_A_Lecture,226.57,29.87,0.75,5.075
2026-06-02 15:45:00,Building_A_Lecture,233.37,29.42,0.753,5.172
2026-06-02 16:00:00,Building_A_Lecture,236.57,27.38,0.75,4.857
2026-06-02 16:15:00,Building_A_Lecture,230.6,21.94,0.8,4.049
2026-06-02 16:30:00,Building_A_Lecture,229.81,23.32,0.78,4.181
2026-06-02 16:45:00,Building_A_Lecture,229.29,18.1,0.81,3.363
2026-06-02 17:00:00,Building_A_Lecture,232.54,17.73,0.821,3.387
2026-06-02 17:15:00,Building_A_Lecture,230.88,15.49,0.804,2.875
2026-06-02 17:30:00,Building_A_Lecture,228.21,14.46,0.814,2.686
2026-06-02 17:45:00,Building_A_Lecture,238.89,10.32,0.872,2.148
2026-06-02 18:00:00,Building_A_Lecture,228.51,7.9,0.857,1.547
2026-06-02 18:15:00,Building_A_Lecture,229.2,6.94,0.896,1.426
2026-06-02 18:30:00,Building_A_Lecture,235.84,7.79,0.873,1.603
2026-06-02 18:45:00,Building_A_Lecture,229.98,7.04,0.857,1.387
2026-06-02 19:00:00,Building_A_Lecture,232.44,7.85,0.915,1.669
2026-06-02 19:15:00,Building_A_Lecture,226.44,8.72,0.882,1.742
2026-06-02 19:30:00,Building_A_Lecture,226.13,7.83,0.929,1.645
2026-06-02 19:45:00,Building_A_Lecture,227.26,8.04,0.89,1.626
2026-06-02 20:00:00,Building_A_Lecture,228.09,7.63,0.878,1.529
2026-06-02 20:15:00,Building_A_Lecture,234.86,7.65,0.826,1.484
2026-06-02 20:30:00,Building_A_Lecture,222.74,8.8,0.864,1.694
2026-06-02 20:45:00,Building_A_Lecture,229.48,7.76,0.889,1.583
2026-06-02 21:00:00,Building_A_Lecture,236.13,7.29,0.9,1.549
2026-06-02 21:15:00,Building_A_Lecture,227.53,8.81,0.857,1.718
2026-06-02 21:30:00,Building_A_Lecture,231.71,7.66,0.854,1.517
2026-06-02 21:45:00,Building_A_Lecture,232.85,8.46,0.855,1.683
2026-06-02 22:00:00,Building_A_Lecture,234.06,7.77,0.857,1.558
2026-06-02 22:15:00,Building_A_Lecture,224.16,8.39,0.909,1.711
2026-06-02 22:30:00,Building_A_Lecture,233.67,7.67,0.865,1.549
2026-06-02 22:45:00,Building_A_Lecture,232.65,7.1,0.854,1.411
2026-06-02 23:00:00,Building_A_Lecture,235.94,6.67,0.89,1.4
2026-06-02 23:15:00,Building_A_Lecture,233.4,7.94,0.876,1.624
2026-06-02 23:30:00,Building_A_Lecture,229.8,7.77,0.884,1.579
2026-06-02 23:45:00,Building_A_Lecture,227.82,6.91,0.876,1.378
2026-06-03 00:00:00,Building_A_Lecture,231.22,8.01,0.866,1.604
2026-06-03 00:15:00,Building_A_Lecture,224.3,7.5,0.891,1.499
2026-06-03 00:30:00,Building_A_Lecture,231.65,8.66,0.877,1.76
2026-06-03 00:45:00,Building_A_Lecture,226.49,8.63,0.883,1.725
2026-06-03 01:00:00,Building_A_Lecture,225.52,6.82,0.872,1.342
2026-06-03 01:15:00,Building_A_Lecture,228.78,8.02,0.881,1.615
2026-06-03 01:30:00,Building_A_Lecture,225.08,7.61,0.861,1.474
2026-06-03 01:45:00,Building_A_Lecture,232.01,7.13,0.847,1.403
2026-06-03 02:00:00,Building_A_Lecture,230.65,8.32,0.857,1.644
2026-06-03 02:15:00,Building_A_Lecture,232.13,8.45,0.843,1.654
2026-06-03 02:30:00,Building_A_Lecture,229.66,9.64,0.889,1.967
2026-06-03 02:45:00,Building_A_Lecture,230.63,7.55,0.873,1.52
2026-06-03 03:00:00,Building_A_Lecture,236.34,7.6,0.893,1.605
2026-06-03 03:15:00,Building_A_Lecture,226.19,7.64,0.898,1.551
2026-06-03 03:30:00,Building_A_Lecture,229.13,7.53,0.878,1.516
2026-06-03 03:45:00,Building_A_Lecture,233.73,8.4,0.876,1.72
2026-06-03 04:00:00,Building_A_Lecture,233.78,8.36,0.891,1.741
2026-06-03 04:15:00,Building_A_Lecture,224.66,8.29,0.874,1.628
2026-06-03 04:30:00,Building_A_Lecture,230.73,8.27,0.88,1.681
2026-06-03 04:45:00,Building_A_Lecture,231.56,7.18,0.878,1.46
2026-06-03 05:00:00,Building_A_Lecture,232.39,7.97,0.877,1.626
2026-06-03 05:15:00,Building_A_Lecture,225.08,8.02,0.887,1.6
2026-06-03 05:30:00,Building_A_Lecture,228.32,8.14,0.901,1.675
2026-06-03 05:45:00,Building_A_Lecture,231.44,7.43,0.842,1.447
2026-06-03 06:00:00,Building_A_Lecture,224.8,8.66,0.878,1.709
2026-06-03 06:15:00,Building_A_Lecture,232.5,11.16,0.857,2.223
2026-06-03 06:30:00,Building_A_Lecture,234.93,12.3,0.894,2.583
2026-06-03 06:45:00,Building_A_Lecture,224.11,14.78,0.796,2.637
2026-06-03 07:00:00,Building_A_Lecture,229.01,16.99,0.79,3.073
2026-06-03 07:15:00,Building_A_Lecture,223.23,18.43,0.783,3.222
2026-06-03 07:30:00,Building_A_Lecture,229.25,23.9,0.77,4.218
2026-06-03 07:45:00,Building_A_Lecture,234.08,25.68,0.791,4.756
2026-06-03 08:00:00,Building_A_Lecture,228.14,25.15,0.75,4.303
2026-06-03 08:15:00,Building_A_Lecture,228.26,27.29,0.75,4.672
2026-06-03 08:30:00,Building_A_Lecture,228.0,33.99,0.75,5.813
2026-06-03 08:45:00,Building_A_Lecture,227.53,33.62,0.75,5.737
2026-06-03 09:00:00,Building_A_Lecture,236.29,38.39,0.75,6.804
2026-06-03 09:15:00,Building_A_Lecture,231.9,34.71,0.75,6.036
2026-06-03 09:30:00,Building_A_Lecture,227.21,36.83,0.75,6.275
2026-06-03 09:45:00,Building_A_Lecture,227.06,36.5,0.75,6.215
2026-06-03 10:00:00,Building_A_Lecture,230.78,38.38,0.75,6.644
2026-06-03 10:15:00,Building_A_Lecture,234.22,45.1,0.75,7.922
2026-06-03 10:30:00,Building_A_Lecture,236.46,44.48,0.75,7.889
2026-06-03 10:45:00,Building_A_Lecture,233.27,41.8,0.75,7.313
2026-06-03 11:00:00,Building_A_Lecture,231.78,46.61,0.75,8.102
2026-06-03 11:15:00,Building_A_Lecture,227.73,48.43,0.75,8.272
2026-06-03 11:30:00,Building_A_Lecture,230.51,44.09,0.75,7.622
2026-06-03 11:45:00,Building_A_Lecture,231.46,41.98,0.75,7.289
2026-06-03 12:00:00,Building_A_Lecture,230.16,45.69,0.75,7.887
2026-06-03 12:15:00,Building_A_Lecture,235.23,47.6,0.75,8.398
2026-06-03 12:30:00,Building_A_Lecture,235.52,45.57,0.75,8.05
2026-06-03 12:45:00,Building_A_Lecture,230.61,45.28,0.75,7.831
2026-06-03 13:00:00,Building_A_Lecture,226.41,47.5,0.75,8.065
2026-06-03 13:15:00,Building_A_Lecture,228.32,40.63,0.75,6.957
2026-06-03 13:30:00,Building_A_Lecture,231.32,40.3,0.75,6.991
2026-06-03 13:45:00,Building_A_Lecture,224.05,40.97,0.75,6.884
2026-06-03 14:00:00,Building_A_Lecture,222.3,35.4,0.75,5.903
2026-06-03 14:15:00,Building_A_Lecture,233.93,37.21,0.75,6.528
2026-06-03 14:30:00,Building_A_Lecture,229.65,39.3,0.75,6.769
2026-06-03 14:45:00,Building_A_Lecture,233.14,32.75,0.75,5.727
2026-06-03 15:00:00,Building_A_Lecture,235.05,30.74,0.75,5.42
2026-06-03 15:15:00,Building_A_Lecture,230.94,35.29,0.75,6.113
2026-06-03 15:30:00,Building_A_Lecture,231.57,31.92,0.75,5.543
2026-06-03 15:45:00,Building_A_Lecture,234.37,31.59,0.75,5.553
2026-06-03 16:00:00,Building_A_Lecture,236.3,25.07,0.762,4.514
2026-06-03 16:15:00,Building_A_Lecture,224.43,21.58,0.797,3.861
2026-06-03 16:30:00,Building_A_Lecture,223.39,21.37,0.778,3.716
2026-06-03 16:45:00,Building_A_Lecture,233.58,16.04,0.801,3.001
2026-06-03 17:00:00,Building_A_Lecture,229.83,16.22,0.822,3.063
2026-06-03 17:15:00,Building_A_Lecture,231.84,13.81,0.874,2.797
2026-06-03 17:30:00,Building_A_Lecture,222.85,13.04,0.838,2.436
2026-06-03 17:45:00,Building_A_Lecture,229.37,9.85,0.85,1.92
2026-06-03 18:00:00,Building_A_Lecture,232.24,9.15,0.858,1.822
2026-06-03 18:15:00,Building_A_Lecture,230.96,8.37,0.858,1.658
2026-06-03 18:30:00,Building_A_Lecture,227.74,8.04,0.89,1.63
2026-06-03 18:45:00,Building_A_Lecture,227.97,8.25,0.897,1.687
2026-06-03 19:00:00,Building_A_Lecture,230.69,8.84,0.913,1.862
2026-06-03 19:15:00,Building_A_Lecture,228.71,7.56,0.884,1.528
2026-06-03 19:30:00,Building_A_Lecture,228.31,7.58,0.873,1.511
2026-06-03 19:45:00,Building_A_Lecture,226.39,8.27,0.864,1.618
2026-06-03 20:00:00,Building_A_Lecture,237.5,7.98,0.911,1.728
2026-06-03 20:15:00,Building_A_Lecture,226.05,8.28,0.886,1.658
2026-06-03 20:30:00,Building_A_Lecture,224.16,7.84,0.886,1.556
2026-06-03 20:45:00,Building_A_Lecture,223.47,8.41,0.856,1.609
2026-06-03 21:00:00,Building_A_Lecture,233.66,8.14,0.909,1.73
2026-06-03 21:15:00,Building_A_Lecture,224.28,7.71,0.867,1.499
2026-06-03 21:30:00,Building_A_Lecture,234.83,8.94,0.858,1.802
2026-06-03 21:45:00,Building_A_Lecture,231.13,8.25,0.869,1.658
2026-06-03 22:00:00,Building_A_Lecture,228.7,8.35,0.89,1.699
2026-06-03 22:15:00,Building_A_Lecture,225.96,6.18,0.895,1.249
2026-06-03 22:30:00,Building_A_Lecture,234.06,7.17,0.873,1.465
2026-06-03 22:45:00,Building_A_Lecture,224.55,8.22,0.87,1.606
2026-06-03 23:00:00,Building_A_Lecture,225.51,8.05,0.896,1.627
2026-06-03 23:15:00,Building_A_Lecture,232.27,7.68,0.851,1.519
2026-06-03 23:30:00,Building_A_Lecture,228.78,7.78,0.872,1.551
2026-06-03 23:45:00,Building_A_Lecture,231.27,9.33,0.894,1.928
2026-06-04 00:00:00,Building_A_Lecture,229.31,7.83,0.876,1.574
2026-06-04 00:15:00,Building_A_Lecture,229.54,7.98,0.856,1.567
2026-06-04 00:30:00,Building_A_Lecture,223.01,8.05,0.895,1.606
2026-06-04 00:45:00,Building_A_Lecture,222.65,8.22,0.934,1.71
2026-06-04 01:00:00,Building_A_Lecture,226.36,8.71,0.884,1.743
2026-06-04 01:15:00,Building_A_Lecture,230.97,7.33,0.868,1.469
2026-06-04 01:30:00,Building_A_Lecture,230.76,7.88,0.895,1.627
2026-06-04 01:45:00,Building_A_Lecture,229.89,8.32,0.915,1.749
2026-06-04 02:00:00,Building_A_Lecture,233.68,8.13,0.898,1.706
2026-06-04 02:15:00,Building_A_Lecture,226.19,8.76,0.904,1.792
2026-06-04 02:30:00,Building_A_Lecture,227.36,8.19,0.874,1.628
2026-06-04 02:45:00,Building_A_Lecture,231.19,8.21,0.904,1.716
2026-06-04 03:00:00,Building_A_Lecture,233.37,7.84,0.901,1.65
2026-06-04 03:15:00,Building_A_Lecture,232.53,7.21,0.895,1.501
2026-06-04 03:30:00,Building_A_Lecture,230.44,7.9,0.874,1.592
2026-06-04 03:45:00,Building_A_Lecture,225.53,8.01,0.844,1.524
2026-06-04 04:00:00,Building_A_Lecture,222.46,7.37,0.868,1.422
2026-06-04 04:15:00,Building_A_Lecture,230.59,7.15,0.868,1.432
2026-06-04 04:30:00,Building_A_Lecture,237.88,7.56,0.899,1.617
2026-06-04 04:45:00,Building_A_Lecture,228.41,7.79,0.878,1.562
2026-06-04 05:00:00,Building_A_Lecture,224.24,7.11,0.903,1.44
2026-06-04 05:15:00,Building_A_Lecture,232.38,9.56,0.878,1.95
2026-06-04 05:30:00,Building_A_Lecture,230.98,8.49,0.876,1.716
2026-06-04 05:45:00,Building_A_Lecture,229.34,7.96,0.888,1.621
2026-06-04 06:00:00,Building_A_Lecture,229.66,6.92,0.864,1.373
2026-06-04 06:15:00,Building_A_Lecture,223.31,9.5,0.875,1.855
2026-06-04 06:30:00,Building_A_Lecture,233.29,11.81,0.832,2.292
2026-06-04 06:45:00,Building_A_Lecture,226.61,14.94,0.841,2.849
2026-06-04 07:00:00,Building_A_Lecture,231.12,16.73,0.787,3.042
2026-06-04 07:15:00,Building_A_Lecture,234.89,20.59,0.791,3.827
2026-06-04 07:30:00,Building_A_Lecture,228.5,22.38,0.783,4.006
2026-06-04 07:45:00,Building_A_Lecture,229.01,25.42,0.769,4.475
2026-06-04 08:00:00,Building_A_Lecture,236.12,23.53,0.75,4.166
2026-06-04 08:15:00,Building_A_Lecture,232.81,26.97,0.75,4.71
2026-06-04 08:30:00,Building_A_Lecture,230.98,28.88,0.75,5.003
2026-06-04 08:45:00,Building_A_Lecture,231.84,37.96,0.75,6.6
2026-06-04 09:00:00,Building_A_Lecture,229.55,33.66,0.75,5.794
2026-06-04 09:15:00,Building_A_Lecture,224.62,35.4,0.75,5.963
2026-06-04 09:30:00,Building_A_Lecture,239.03,37.09,0.75,6.649
2026-06-04 09:45:00,Building_A_Lecture,233.42,43.85,0.75,7.676
2026-06-04 10:00:00,Building_A_Lecture,235.7,41.87,0.75,7.401
2026-06-04 10:15:00,Building_A_Lecture,226.15,40.51,0.75,6.872
2026-06-04 10:30:00,Building_A_Lecture,227.31,42.3,0.75,7.211
2026-06-04 10:45:00,Building_A_Lecture,231.62,37.68,0.75,6.545
2026-06-04 11:00:00,Building_A_Lecture,225.77,48.04,0.75,8.134
2026-06-04 11:15:00,Building_A_Lecture,230.34,45.77,0.75,7.908
2026-06-04 11:30:00,Building_A_Lecture,226.78,46.61,0.75,7.927
2026-06-04 11:45:00,Building_A_Lecture,235.54,39.84,0.75,7.038
2026-06-04 12:00:00,Building_A_Lecture,232.13,48.93,0.75,8.518
2026-06-04 12:15:00,Building_A_Lecture,230.26,43.78,0.75,7.561
2026-06-04 12:30:00,Building_A_Lecture,231.38,52.97,0.75,9.193
2026-06-04 12:45:00,Building_A_Lecture,231.76,43.19,0.75,7.508
2026-06-04 13:00:00,Building_A_Lecture,225.34,40.99,0.75,6.927
2026-06-04 13:15:00,Building_A_Lecture,237.55,44.79,0.75,7.979
2026-06-04 13:30:00,Building_A_Lecture,232.93,42.16,0.75,7.366
2026-06-04 13:45:00,Building_A_Lecture,231.99,40.86,0.75,7.109
2026-06-04 14:00:00,Building_A_Lecture,227.35,39.48,0.75,6.732
2026-06-04 14:15:00,Building_A_Lecture,230.18,35.98,0.75,6.211
2026-06-04 14:30:00,Building_A_Lecture,232.86,37.28,0.75,6.511
2026-06-04 14:45:00,Building_A_Lecture,221.16,37.42,0.75,6.206
2026-06-04 15:00:00,Building_A_Lecture,229.35,32.5,0.75,5.59
2026-06-04 15:15:00,Building_A_Lecture,223.69,33.77,0.75,5.665
2026-06-04 15:30:00,Building_A_Lecture,229.5,28.23,0.75,4.859
2026-06-04 15:45:00,Building_A_Lecture,226.62,29.93,0.75,5.086
2026-06-04 16:00:00,Building_A_Lecture,235.22,26.05,0.759,4.652
2026-06-04 16:15:00,Building_A_Lecture,228.03,23.71,0.764,4.129
2026-06-04 16:30:00,Building_A_Lecture,228.94,21.07,0.782,3.771
2026-06-04 16:45:00,Building_A_Lecture,224.63,20.16,0.814,3.686
2026-06-04 17:00:00,Building_A_Lecture,233.27,13.99,0.809,2.641
2026-06-04 17:15:00,Building_A_Lecture,234.23,14.94,0.824,2.885
2026-06-04 17:30:00,Building_A_Lecture,220.93,12.24,0.837,2.264
2026-06-04 17:45:00,Building_A_Lecture,226.52,10.75,0.858,2.088
2026-06-04 18:00:00,Building_A_Lecture,229.45,8.77,0.871,1.752
2026-06-04 18:15:00,Building_A_Lecture,234.09,7.4,0.863,1.496
2026-06-04 18:30:00,Building_A_Lecture,224.35,7.12,0.912,1.457
2026-06-04 18:45:00,Building_A_Lecture,234.0,7.87,0.855,1.574
2026-06-04 19:00:00,Building_A_Lecture,228.29,8.43,0.917,1.765
2026-06-04 19:15:00,Building_A_Lecture,230.97,7.61,0.895,1.574
2026-06-04 19:30:00,Building_A_Lecture,227.36,8.02,0.886,1.615
2026-06-04 19:45:00,Building_A_Lecture,229.2,7.57,0.881,1.528
2026-06-04 20:00:00,Building_A_Lecture,230.65,7.77,0.851,1.525
2026-06-04 20:15:00,Building_A_Lecture,232.38,7.38,0.904,1.55
2026-06-04 20:30:00,Building_A_Lecture,232.52,8.76,0.892,1.816
2026-06-04 20:45:00,Building_A_Lecture,225.62,7.52,0.87,1.475
2026-06-04 21:00:00,Building_A_Lecture,231.95,8.85,0.88,1.807
2026-06-04 21:15:00,Building_A_Lecture,235.09,9.39,0.903,1.993
2026-06-04 21:30:00,Building_A_Lecture,233.75,8.34,0.867,1.691
2026-06-04 21:45:00,Building_A_Lecture,227.92,7.46,0.855,1.454
2026-06-04 22:00:00,Building_A_Lecture,226.14,9.32,0.863,1.819
2026-06-04 22:15:00,Building_A_Lecture,225.31,7.82,0.896,1.579
2026-06-04 22:30:00,Building_A_Lecture,230.99,7.89,0.872,1.591
2026-06-04 22:45:00,Building_A_Lecture,233.11,9.03,0.884,1.862
2026-06-04 23:00:00,Building_A_Lecture,225.46,8.12,0.884,1.617
2026-06-04 23:15:00,Building_A_Lecture,230.11,7.58,0.85,1.483
2026-06-04 23:30:00,Building_A_Lecture,235.96,8.2,0.88,1.703
2026-06-04 23:45:00,Building_A_Lecture,236.34,9.67,0.878,2.006
2026-06-05 00:00:00,Building_A_Lecture,232.36,8.83,0.868,1.781
2026-06-05 00:15:00,Building_A_Lecture,232.9,7.22,0.863,1.451
2026-06-05 00:30:00,Building_A_Lecture,227.02,7.87,0.866,1.546
2026-06-05 00:45:00,Building_A_Lecture,232.52,8.38,0.903,1.759
2026-06-05 01:00:00,Building_A_Lecture,227.87,8.77,0.869,1.736
2026-06-05 01:15:00,Building_A_Lecture,224.93,8.01,0.854,1.539
2026-06-05 01:30:00,Building_A_Lecture,228.7,8.46,0.908,1.757
2026-06-05 01:45:00,Building_A_Lecture,224.05,7.74,0.908,1.575
2026-06-05 02:00:00,Building_A_Lecture,234.42,7.02,0.872,1.436
2026-06-05 02:15:00,Building_A_Lecture,230.44,9.64,0.852,1.892
2026-06-05 02:30:00,Building_A_Lecture,234.23,9.32,0.888,1.939
2026-06-05 02:45:00,Building_A_Lecture,229.98,8.38,0.9,1.735
2026-06-05 03:00:00,Building_A_Lecture,228.41,7.89,0.891,1.607
2026-06-05 03:15:00,Building_A_Lecture,220.29,8.61,0.889,1.686
2026-06-05 03:30:00,Building_A_Lecture,223.47,7.54,0.878,1.48
2026-06-05 03:45:00,Building_A_Lecture,230.66,7.92,0.889,1.624
2026-06-05 04:00:00,Building_A_Lecture,232.04,8.78,0.867,1.766
2026-06-05 04:15:00,Building_A_Lecture,234.2,7.39,0.842,1.456
2026-06-05 04:30:00,Building_A_Lecture,226.08,7.69,0.882,1.532
2026-06-05 04:45:00,Building_A_Lecture,233.62,6.87,0.88,1.412
2026-06-05 05:00:00,Building_A_Lecture,228.14,8.33,0.851,1.617
2026-06-05 05:15:00,Building_A_Lecture,230.72,6.16,0.881,1.253
2026-06-05 05:30:00,Building_A_Lecture,228.4,9.06,0.858,1.775
2026-06-05 05:45:00,Building_A_Lecture,231.38,8.3,0.863,1.658
2026-06-05 06:00:00,Building_A_Lecture,229.29,7.94,0.86,1.564
2026-06-05 06:15:00,Building_A_Lecture,227.06,9.73,0.847,1.871
2026-06-05 06:30:00,Building_A_Lecture,229.05,14.36,0.834,2.743
2026-06-05 06:45:00,Building_A_Lecture,230.36,14.31,0.812,2.676
2026-06-05 07:00:00,Building_A_Lecture,229.02,18.61,0.807,3.441
2026-06-05 07:15:00,Building_A_Lecture,229.62,20.71,0.78,3.709
2026-06-05 07:30:00,Building_A_Lecture,225.61,23.57,0.779,4.141
2026-06-05 07:45:00,Building_A_Lecture,230.28,21.72,0.792,3.962
2026-06-05 08:00:00,Building_A_Lecture,227.16,24.94,0.768,4.35
2026-06-05 08:15:00,Building_A_Lecture,228.97,31.18,0.75,5.354
2026-06-05 08:30:00,Building_A_Lecture,230.3,28.5,0.75,4.923
2026-06-05 08:45:00,Building_A_Lecture,228.43,24.82,0.805,4.563
2026-06-05 09:00:00,Building_A_Lecture,237.2,35.86,0.75,6.379
2026-06-05 09:15:00,Building_A_Lecture,227.73,33.73,0.75,5.761
2026-06-05 09:30:00,Building_A_Lecture,227.2,35.42,0.75,6.036
2026-06-05 09:45:00,Building_A_Lecture,224.94,35.81,0.75,6.041
2026-06-05 10:00:00,Building_A_Lecture,224.53,39.11,0.75,6.586
2026-06-05 10:15:00,Building_A_Lecture,226.59,40.93,0.75,6.955
2026-06-05 10:30:00,Building_A_Lecture,234.02,40.74,0.75,7.151
2026-06-05 10:45:00,Building_A_Lecture,231.27,38.08,0.75,6.606
2026-06-05 11:00:00,Building_A_Lecture,234.48,42.17,0.75,7.417
2026-06-05 11:15:00,Building_A_Lecture,233.44,47.31,0.75,8.283
2026-06-05 11:30:00,Building_A_Lecture,228.59,43.49,0.75,7.455
2026-06-05 11:45:00,Building_A_Lecture,227.42,46.44,0.75,7.922
2026-06-05 12:00:00,Building_A_Lecture,234.94,45.09,0.75,7.945
2026-06-05 12:15:00,Building_A_Lecture,234.02,46.55,0.75,8.17
2026-06-05 12:30:00,Building_A_Lecture,233.45,44.01,0.75,7.706
2026-06-05 12:45:00,Building_A_Lecture,227.18,53.46,0.75,9.11
2026-06-05 13:00:00,Building_A_Lecture,234.61,44.33,0.75,7.8
2026-06-05 13:15:00,Building_A_Lecture,229.42,46.96,0.75,8.08
2026-06-05 13:30:00,Building_A_Lecture,229.92,46.56,0.75,8.029
2026-06-05 13:45:00,Building_A_Lecture,228.02,39.52,0.75,6.759
2026-06-05 14:00:00,Building_A_Lecture,228.87,45.22,0.75,7.762
2026-06-05 14:15:00,Building_A_Lecture,229.64,43.48,0.75,7.489
2026-06-05 14:30:00,Building_A_Lecture,231.14,34.65,0.75,6.007
2026-06-05 14:45:00,Building_A_Lecture,228.59,39.22,0.75,6.724
2026-06-05 15:00:00,Building_A_Lecture,225.29,36.54,0.75,6.175
2026-06-05 15:15:00,Building_A_Lecture,233.6,37.42,0.75,6.556
2026-06-05 15:30:00,Building_A_Lecture,231.71,31.38,0.75,5.453
2026-06-05 15:45:00,Building_A_Lecture,230.95,31.09,0.75,5.385
2026-06-05 16:00:00,Building_A_Lecture,226.59,26.22,0.777,4.618
2026-06-05 16:15:00,Building_A_Lecture,230.89,24.13,0.768,4.278
2026-06-05 16:30:00,Building_A_Lecture,229.68,21.21,0.795,3.874
2026-06-05 16:45:00,Building_A_Lecture,228.48,20.2,0.81,3.739
2026-06-05 17:00:00,Building_A_Lecture,232.15,18.62,0.787,3.402
2026-06-05 17:15:00,Building_A_Lecture,232.31,16.54,0.812,3.12
2026-06-05 17:30:00,Building_A_Lecture,236.43,13.21,0.837,2.615
2026-06-05 17:45:00,Building_A_Lecture,223.4,10.13,0.857,1.938
2026-06-05 18:00:00,Building_A_Lecture,226.26,7.33,0.9,1.492
2026-06-05 18:15:00,Building_A_Lecture,232.57,9.09,0.856,1.811
2026-06-05 18:30:00,Building_A_Lecture,234.07,8.04,0.858,1.615
2026-06-05 18:45:00,Building_A_Lecture,230.93,8.15,0.888,1.673
2026-06-05 19:00:00,Building_A_Lecture,233.5,8.12,0.822,1.558
2026-06-05 19:15:00,Building_A_Lecture,235.16,8.43,0.867,1.719
2026-06-05 19:30:00,Building_A_Lecture,233.34,7.91,0.909,1.679
2026-06-05 19:45:00,Building_A_Lecture,226.45,8.84,0.887,1.775
2026-06-05 20:00:00,Building_A_Lecture,227.05,7.84,0.921,1.64
2026-06-05 20:15:00,Building_A_Lecture,235.18,7.89,0.89,1.65
2026-06-05 20:30:00,Building_A_Lecture,230.68,7.6,0.864,1.516
2026-06-05 20:45:00,Building_A_Lecture,229.23,7.16,0.841,1.379
2026-06-05 21:00:00,Building_A_Lecture,232.66,37.27,0.885,7.671
2026-06-05 21:15:00,Building_A_Lecture,228.92,7.07,0.868,1.404
2026-06-05 21:30:00,Building_A_Lecture,239.56,8.31,0.882,1.756
2026-06-05 21:45:00,Building_A_Lecture,230.75,7.88,0.862,1.569
2026-06-05 22:00:00,Building_A_Lecture,222.43,8.07,0.876,1.571
2026-06-05 22:15:00,Building_A_Lecture,227.52,8.69,0.842,1.664
2026-06-05 22:30:00,Building_A_Lecture,229.36,8.53,0.889,1.739
2026-06-05 22:45:00,Building_A_Lecture,228.31,8.98,0.873,1.79
2026-06-05 23:00:00,Building_A_Lecture,227.85,8.09,0.862,1.589
2026-06-05 23:15:00,Building_A_Lecture,222.47,8.22,0.861,1.574
2026-06-05 23:30:00,Building_A_Lecture,228.28,8.97,0.88,1.804
2026-06-05 23:45:00,Building_A_Lecture,226.18,7.89,0.906,1.617
2026-06-06 00:00:00,Building_A_Lecture,232.66,8.13,0.883,1.671
2026-06-06 00:15:00,Building_A_Lecture,226.0,8.41,0.876,1.665
2026-06-06 00:30:00,Building_A_Lecture,227.74,6.91,0.937,1.476
2026-06-06 00:45:00,Building_A_Lecture,230.56,7.69,0.858,1.521
2026-06-06 01:00:00,Building_A_Lecture,234.51,8.55,0.882,1.769
2026-06-06 01:15:00,Building_A_Lecture,225.82,8.54,0.891,1.719
2026-06-06 01:30:00,Building_A_Lecture,235.02,7.83,0.888,1.635
2026-06-06 01:45:00,Building_A_Lecture,229.53,8.31,0.891,1.7
2026-06-06 02:00:00,Building_A_Lecture,234.1,6.83,0.916,1.464
2026-06-06 02:15:00,Building_A_Lecture,226.18,8.5,0.865,1.663
2026-06-06 02:30:00,Building_A_Lecture,228.49,7.38,0.882,1.487
2026-06-06 02:45:00,Building_A_Lecture,228.03,7.9,0.873,1.572
2026-06-06 03:00:00,Building_A_Lecture,225.86,8.71,0.839,1.651
2026-06-06 03:15:00,Building_A_Lecture,229.91,8.81,0.877,1.777
2026-06-06 03:30:00,Building_A_Lecture,225.99,7.97,0.877,1.58
2026-06-06 03:45:00,Building_A_Lecture,228.47,7.7,0.877,1.541
2026-06-06 04:00:00,Building_A_Lecture,228.73,7.3,0.845,1.411
2026-06-06 04:15:00,Building_A_Lecture,232.44,7.77,0.872,1.575
2026-06-06 04:30:00,Building_A_Lecture,224.8,7.01,0.894,1.409
2026-06-06 04:45:00,Building_A_Lecture,236.06,6.7,0.93,1.47
2026-06-06 05:00:00,Building_A_Lecture,234.3,7.86,0.856,1.577
2026-06-06 05:15:00,Building_A_Lecture,229.41,7.44,0.871,1.487
2026-06-06 05:30:00,Building_A_Lecture,231.73,8.04,0.896,1.668
2026-06-06 05:45:00,Building_A_Lecture,237.26,6.83,0.866,1.404
2026-06-06 06:00:00,Building_A_Lecture,233.15,8.19,0.915,1.746
2026-06-06 06:15:00,Building_A_Lecture,228.37,9.51,0.864,1.878
2026-06-06 06:30:00,Building_A_Lecture,230.84,8.3,0.88,1.685
2026-06-06 06:45:00,Building_A_Lecture,231.08,11.6,0.845,2.265
2026-06-06 07:00:00,Building_A_Lecture,233.06,10.29,0.859,2.061
2026-06-06 07:15:00,Building_A_Lecture,233.94,10.48,0.859,2.107
2026-06-06 07:30:00,Building_A_Lecture,227.05,10.83,0.871,2.141
2026-06-06 07:45:00,Building_A_Lecture,222.53,12.16,0.912,2.467
2026-06-06 08:00:00,Building_A_Lecture,228.82,14.84,0.839,2.851
2026-06-06 08:15:00,Building_A_Lecture,229.31,15.86,0.821,2.986
2026-06-06 08:30:00,Building_A_Lecture,229.28,16.13,0.82,3.032
2026-06-06 08:45:00,Building_A_Lecture,232.3,16.55,0.824,3.166
2026-06-06 09:00:00,Building_A_Lecture,229.16,18.33,0.827,3.473
2026-06-06 09:15:00,Building_A_Lecture,226.6,17.79,0.784,3.159
2026-06-06 09:30:00,Building_A_Lecture,227.61,15.6,0.815,2.895
2026-06-06 09:45:00,Building_A_Lecture,232.54,18.41,0.818,3.5
2026-06-06 10:00:00,Building_A_Lecture,227.92,18.21,0.823,3.413
2026-06-06 10:15:00,Building_A_Lecture,231.23,19.65,0.82,3.728
2026-06-06 10:30:00,Building_A_Lecture,229.92,17.06,0.783,3.073
2026-06-06 10:45:00,Building_A_Lecture,227.23,16.09,0.817,2.986
2026-06-06 11:00:00,Building_A_Lecture,232.13,18.77,0.796,3.466
2026-06-06 11:15:00,Building_A_Lecture,232.31,18.56,0.825,3.556
2026-06-06 11:30:00,Building_A_Lecture,227.52,18.76,0.785,3.35
2026-06-06 11:45:00,Building_A_Lecture,232.9,17.91,0.807,3.365
2026-06-06 12:00:00,Building_A_Lecture,229.54,16.75,0.82,3.152
2026-06-06 12:15:00,Building_A_Lecture,234.76,19.11,0.776,3.484
2026-06-06 12:30:00,Building_A_Lecture,233.51,19.02,0.847,3.761
2026-06-06 12:45:00,Building_A_Lecture,230.73,16.94,0.807,3.155
2026-06-06 13:00:00,Building_A_Lecture,231.96,19.98,0.801,3.715
2026-06-06 13:15:00,Building_A_Lecture,231.37,20.54,0.783,3.72
2026-06-06 13:30:00,Building_A_Lecture,229.9,15.58,0.833,2.983
2026-06-06 13:45:00,Building_A_Lecture,466.22,16.59,0.842,6.513
2026-06-06 14:00:00,Building_A_Lecture,230.54,17.15,0.832,3.29
2026-06-06 14:15:00,Building_A_Lecture,229.04,16.03,0.808,2.966
2026-06-06 14:30:00,Building_A_Lecture,233.06,16.17,0.827,3.118
2026-06-06 14:45:00,Building_A_Lecture,229.21,16.6,0.834,3.175
2026-06-06 15:00:00,Building_A_Lecture,227.96,16.19,0.773,2.853
2026-06-06 15:15:00,Building_A_Lecture,231.83,15.15,0.813,2.855
2026-06-06 15:30:00,Building_A_Lecture,230.69,14.86,0.819,2.806
2026-06-06 15:45:00,Building_A_Lecture,228.47,13.81,0.841,2.652
2026-06-06 16:00:00,Building_A_Lecture,232.1,13.55,0.811,2.55
2026-06-06 16:15:00,Building_A_Lecture,225.08,10.54,0.831,1.972
2026-06-06 16:30:00,Building_A_Lecture,235.08,11.8,0.858,2.38
2026-06-06 16:45:00,Building_A_Lecture,228.7,11.85,0.893,2.42
2026-06-06 17:00:00,Building_A_Lecture,226.25,11.46,0.823,2.132
2026-06-06 17:15:00,Building_A_Lecture,234.46,10.83,0.874,2.219
2026-06-06 17:30:00,Building_A_Lecture,235.75,8.55,0.855,1.723
2026-06-06 17:45:00,Building_A_Lecture,226.93,9.17,0.841,1.75
2026-06-06 18:00:00,Building_A_Lecture,226.49,8.03,0.891,1.62
2026-06-06 18:15:00,Building_A_Lecture,224.66,7.67,0.856,1.476
2026-06-06 18:30:00,Building_A_Lecture,226.52,7.85,0.826,1.47
2026-06-06 18:45:00,Building_A_Lecture,229.73,7.88,0.878,1.589
2026-06-06 19:00:00,Building_A_Lecture,231.91,8.01,0.853,1.585
2026-06-06 19:15:00,Building_A_Lecture,230.42,8.71,0.903,1.813
2026-06-06 19:30:00,Building_A_Lecture,232.07,8.43,0.867,1.696
2026-06-06 19:45:00,Building_A_Lecture,233.43,7.63,0.864,1.54
2026-06-06 20:00:00,Building_A_Lecture,224.86,7.21,0.885,1.435
2026-06-06 20:15:00,Building_A_Lecture,232.35,8.03,0.89,1.661
2026-06-06 20:30:00,Building_A_Lecture,227.1,6.98,0.881,1.396
2026-06-06 20:45:00,Building_A_Lecture,227.57,6.95,0.883,1.396
2026-06-06 21:00:00,Building_A_Lecture,230.81,8.01,0.851,1.575
2026-06-06 21:15:00,Building_A_Lecture,231.19,7.61,0.859,1.511
2026-06-06 21:30:00,Building_A_Lecture,230.86,7.29,0.891,1.5
2026-06-06 21:45:00,Building_A_Lecture,225.9,8.73,0.889,1.753
2026-06-06 22:00:00,Building_A_Lecture,231.63,7.85,0.897,1.632
2026-06-06 22:15:00,Building_A_Lecture,226.19,7.95,0.874,1.572
2026-06-06 22:30:00,Building_A_Lecture,230.65,6.97,0.924,1.486
2026-06-06 22:45:00,Building_A_Lecture,232.95,8.0,0.864,1.612
2026-06-06 23:00:00,Building_A_Lecture,235.37,6.58,0.858,1.329
2026-06-06 23:15:00,Building_A_Lecture,231.57,7.83,0.885,1.605
2026-06-06 23:30:00,Building_A_Lecture,231.62,6.98,0.924,1.493
2026-06-06 23:45:00,Building_A_Lecture,230.57,7.13,0.883,1.452
2026-06-07 00:00:00,Building_A_Lecture,230.07,8.27,0.862,1.641
2026-06-07 00:15:00,Building_A_Lecture,226.63,8.31,0.891,1.679
2026-06-07 00:30:00,Building_A_Lecture,231.65,7.39,0.91,1.558
2026-06-07 00:45:00,Building_A_Lecture,232.16,8.23,0.871,1.664
2026-06-07 01:00:00,Building_A_Lecture,232.12,7.2,0.9,1.503
2026-06-07 01:15:00,Building_A_Lecture,229.46,7.71,0.861,1.524
2026-06-07 01:30:00,Building_A_Lecture,229.14,9.34,0.861,1.842
2026-06-07 01:45:00,Building_A_Lecture,225.3,7.59,0.847,1.448
2026-06-07 02:00:00,Building_A_Lecture,233.53,6.81,0.871,1.384
2026-06-07 02:15:00,Building_A_Lecture,234.83,8.51,0.848,1.695
2026-06-07 02:30:00,Building_A_Lecture,226.66,8.01,0.868,1.577
2026-06-07 02:45:00,Building_A_Lecture,224.61,8.44,0.913,1.731
2026-06-07 03:00:00,Building_A_Lecture,230.37,9.04,0.852,1.773
2026-06-07 03:15:00,Building_A_Lecture,234.94,7.15,0.874,1.468
2026-06-07 03:30:00,Building_A_Lecture,229.96,7.07,0.858,1.395
2026-06-07 03:45:00,Building_A_Lecture,228.72,8.23,0.884,1.665
2026-06-07 04:00:00,Building_A_Lecture,230.7,6.33,0.897,1.31
2026-06-07 04:15:00,Building_A_Lecture,233.63,8.26,0.89,1.717
2026-06-07 04:30:00,Building_A_Lecture,231.12,6.86,0.874,1.386
2026-06-07 04:45:00,Building_A_Lecture,232.42,7.95,0.826,1.526
2026-06-07 05:00:00,Building_A_Lecture,226.2,7.3,0.895,1.479
2026-06-07 05:15:00,Building_A_Lecture,229.12,7.26,0.904,1.505
2026-06-07 05:30:00,Building_A_Lecture,226.57,8.76,0.862,1.712
2026-06-07 05:45:00,Building_A_Lecture,235.11,8.3,0.84,1.639
2026-06-07 06:00:00,Building_A_Lecture,227.17,8.05,0.86,1.573
2026-06-07 06:15:00,Building_A_Lecture,231.99,9.09,0.872,1.838
2026-06-07 06:30:00,Building_A_Lecture,224.74,9.94,0.885,1.977
2026-06-07 06:45:00,Building_A_Lecture,230.12,9.35,0.849,1.826
2026-06-07 07:00:00,Building_A_Lecture,229.36,11.4,0.865,2.261
2026-06-07 07:15:00,Building_A_Lecture,232.86,12.39,0.846,2.44
2026-06-07 07:30:00,Building_A_Lecture,231.48,12.9,0.861,2.57
2026-06-07 07:45:00,Building_A_Lecture,225.45,12.27,0.824,2.279
2026-06-07 08:00:00,Building_A_Lecture,232.73,14.03,0.846,2.76
2026-06-07 08:15:00,Building_A_Lecture,221.63,16.06,0.821,2.925
2026-06-07 08:30:00,Building_A_Lecture,232.97,15.58,0.82,2.977
2026-06-07 08:45:00,Building_A_Lecture,229.79,15.23,0.838,2.931
2026-06-07 09:00:00,Building_A_Lecture,232.01,16.98,0.827,3.257
2026-06-07 09:15:00,Building_A_Lecture,236.37,16.41,0.821,3.186
2026-06-07 09:30:00,Building_A_Lecture,228.16,17.47,0.77,3.071
2026-06-07 09:45:00,Building_A_Lecture,226.09,18.74,0.785,3.325
2026-06-07 10:00:00,Building_A_Lecture,232.16,19.11,0.816,3.621
2026-06-07 10:15:00,Building_A_Lecture,230.24,15.99,0.811,2.985
2026-06-07 10:30:00,Building_A_Lecture,225.27,16.75,0.788,2.973
2026-06-07 10:45:00,Building_A_Lecture,227.6,20.16,0.793,3.636
2026-06-07 11:00:00,Building_A_Lecture,224.02,17.92,0.788,3.164
2026-06-07 11:15:00,Building_A_Lecture,231.89,20.75,0.789,3.795
2026-06-07 11:30:00,Building_A_Lecture,235.07,20.7,0.785,3.819
2026-06-07 11:45:00,Building_A_Lecture,228.97,17.05,0.806,3.146
2026-06-07 12:00:00,Building_A_Lecture,229.83,19.63,0.8,3.608
2026-06-07 12:15:00,Building_A_Lecture,235.3,17.92,0.798,3.366
2026-06-07 12:30:00,Building_A_Lecture,226.75,16.2,0.792,2.909
2026-06-07 12:45:00,Building_A_Lecture,223.88,17.9,0.808,3.239
2026-06-07 13:00:00,Building_A_Lecture,230.24,19.03,0.789,3.456
2026-06-07 13:15:00,Building_A_Lecture,229.71,18.77,0.809,3.487
2026-06-07 13:30:00,Building_A_Lecture,234.69,20.7,0.766,3.721
2026-06-07 13:45:00,Building_A_Lecture,234.16,19.15,0.823,3.688
2026-06-07 14:00:00,Building_A_Lecture,226.79,16.03,0.843,3.067
2026-06-07 14:15:00,Building_A_Lecture,229.25,17.6,0.818,3.302
2026-06-07 14:30:00,Building_A_Lecture,234.09,18.21,0.804,3.428
2026-06-07 14:45:00,Building_A_Lecture,228.86,16.29,0.789,2.941
2026-06-07 15:00:00,Building_A_Lecture,228.83,17.27,0.826,3.266
2026-06-07 15:15:00,Building_A_Lecture,226.97,14.07,0.833,2.661
2026-06-07 15:30:00,Building_A_Lecture,232.89,14.6,0.824,2.802
2026-06-07 15:45:00,Building_A_Lecture,230.06,12.35,0.846,2.403
2026-06-07 16:00:00,Building_A_Lecture,232.41,12.15,0.839,2.369
2026-06-07 16:15:00,Building_A_Lecture,231.26,13.18,0.853,2.602
2026-06-07 16:30:00,Building_A_Lecture,227.58,11.48,0.835,2.182
2026-06-07 16:45:00,Building_A_Lecture,235.97,10.8,0.852,2.171
2026-06-07 17:00:00,Building_A_Lecture,230.84,10.37,0.871,2.084
2026-06-07 17:15:00,Building_A_Lecture,225.1,10.55,0.864,2.051
2026-06-07 17:30:00,Building_A_Lecture,233.11,10.11,0.847,1.996
2026-06-07 17:45:00,Building_A_Lecture,230.54,8.75,0.887,1.79
2026-06-07 18:00:00,Building_A_Lecture,225.17,7.5,0.886,1.496
2026-06-07 18:15:00,Building_A_Lecture,237.49,8.46,0.859,1.725
2026-06-07 18:30:00,Building_A_Lecture,236.02,7.61,0.919,1.651
2026-06-07 18:45:00,Building_A_Lecture,228.32,7.51,0.844,1.448
2026-06-07 19:00:00,Building_A_Lecture,223.28,8.02,0.876,1.568
2026-06-07 19:15:00,Building_A_Lecture,230.88,7.56,0.872,1.522
2026-06-07 19:30:00,Building_A_Lecture,232.85,7.2,0.876,1.469
2026-06-07 19:45:00,Building_A_Lecture,231.9,7.82,0.857,1.554
2026-06-07 20:00:00,Building_A_Lecture,233.39,8.37,0.868,1.694
2026-06-07 20:15:00,Building_A_Lecture,230.35,7.61,0.846,1.483
2026-06-07 20:30:00,Building_A_Lecture,225.37,7.14,0.892,1.435
2026-06-07 20:45:00,Building_A_Lecture,225.99,8.35,0.847,1.598
2026-06-07 21:00:00,Building_A_Lecture,227.02,7.85,0.881,1.571
2026-06-07 21:15:00,Building_A_Lecture,231.46,9.91,0.881,2.021
2026-06-07 21:30:00,Building_A_Lecture,232.12,8.27,0.916,1.758
2026-06-07 21:45:00,Building_A_Lecture,226.54,7.28,0.892,1.471
2026-06-07 22:00:00,Building_A_Lecture,228.97,7.73,0.898,1.59
2026-06-07 22:15:00,Building_A_Lecture,229.02,8.59,0.881,1.733
2026-06-07 22:30:00,Building_A_Lecture,228.92,7.86,0.926,1.667
2026-06-07 22:45:00,Building_A_Lecture,229.49,8.28,0.863,1.639
2026-06-07 23:00:00,Building_A_Lecture,237.31,8.65,0.841,1.726
2026-06-07 23:15:00,Building_A_Lecture,233.8,6.8,0.906,1.439
2026-06-07 23:30:00,Building_A_Lecture,230.01,6.31,0.894,1.299
2026-06-07 23:45:00,Building_A_Lecture,230.88,8.59,0.854,1.695
2026-06-08 00:00:00,Building_A_Lecture,228.57,7.43,0.861,1.461
2026-06-08 00:15:00,Building_A_Lecture,229.54,8.42,0.877,1.695
2026-06-08 00:30:00,Building_A_Lecture,229.82,7.81,0.93,1.67
2026-06-08 00:45:00,Building_A_Lecture,226.16,7.29,0.898,1.481
2026-06-08 01:00:00,Building_A_Lecture,236.16,8.18,0.883,1.705
2026-06-08 01:15:00,Building_A_Lecture,222.7,8.25,0.871,1.601
2026-06-08 01:30:00,Building_A_Lecture,229.29,7.16,0.866,1.421
2026-06-08 01:45:00,Building_A_Lecture,229.04,7.96,0.896,1.633
2026-06-08 02:00:00,Building_A_Lecture,230.74,7.61,0.903,1.586
2026-06-08 02:15:00,Building_A_Lecture,226.23,7.69,0.865,1.504
2026-06-08 02:30:00,Building_A_Lecture,229.35,7.6,0.867,1.512
2026-06-08 02:45:00,Building_A_Lecture,234.51,6.59,0.905,1.399
2026-06-08 03:00:00,Building_A_Lecture,226.02,8.42,0.87,1.655
2026-06-08 03:15:00,Building_A_Lecture,230.94,8.0,0.907,1.675
2026-06-08 03:30:00,Building_A_Lecture,235.1,8.29,0.889,1.733
2026-06-08 03:45:00,Building_A_Lecture,226.0,8.5,0.874,1.681
2026-06-08 04:00:00,Building_A_Lecture,232.44,8.9,0.862,1.783
2026-06-08 04:15:00,Building_A_Lecture,231.25,7.69,0.883,1.571
2026-06-08 04:30:00,Building_A_Lecture,233.75,9.09,0.873,1.855
2026-06-08 04:45:00,Building_A_Lecture,229.68,8.6,0.848,1.676
2026-06-08 05:00:00,Building_A_Lecture,227.72,7.46,0.858,1.458
2026-06-08 05:15:00,Building_A_Lecture,232.98,7.5,0.877,1.532
2026-06-08 05:30:00,Building_A_Lecture,235.32,7.42,0.891,1.555
2026-06-08 05:45:00,Building_A_Lecture,233.24,8.66,0.85,1.717
2026-06-08 06:00:00,Building_A_Lecture,231.94,8.11,0.852,1.603
2026-06-08 06:15:00,Building_A_Lecture,226.45,9.67,0.88,1.927
2026-06-08 06:30:00,Building_A_Lecture,225.69,13.7,0.85,2.627
2026-06-08 06:45:00,Building_A_Lecture,226.68,15.98,0.852,3.087
2026-06-08 07:00:00,Building_A_Lecture,224.52,18.07,0.811,3.292
2026-06-08 07:15:00,Building_A_Lecture,232.35,19.47,0.794,3.594
2026-06-08 07:30:00,Building_A_Lecture,231.11,22.75,0.788,4.142
2026-06-08 07:45:00,Building_A_Lecture,234.06,21.37,0.771,3.858
2026-06-08 08:00:00,Building_A_Lecture,229.15,24.34,0.767,4.278
2026-06-08 08:15:00,Building_A_Lecture,223.66,28.25,0.754,4.767
2026-06-08 08:30:00,Building_A_Lecture,234.65,32.04,0.75,5.639
2026-06-08 08:45:00,Building_A_Lecture,233.38,35.22,0.75,6.165
2026-06-08 09:00:00,Building_A_Lecture,230.08,34.56,0.75,5.964
2026-06-08 09:15:00,Building_A_Lecture,225.26,40.3,0.75,6.808
2026-06-08 09:30:00,Building_A_Lecture,222.65,38.45,0.75,6.421
2026-06-08 09:45:00,Building_A_Lecture,229.77,41.51,0.75,7.153
2026-06-08 10:00:00,Building_A_Lecture,235.19,36.65,0.75,6.465
2026-06-08 10:15:00,Building_A_Lecture,225.41,41.2,0.75,6.965
2026-06-08 10:30:00,Building_A_Lecture,235.9,46.34,0.75,8.198
2026-06-08 10:45:00,Building_A_Lecture,233.33,40.01,0.75,7.001
2026-06-08 11:00:00,Building_A_Lecture,232.99,49.18,0.75,8.593
2026-06-08 11:15:00,Building_A_Lecture,226.57,45.93,0.75,7.805
2026-06-08 11:30:00,Building_A_Lecture,225.97,45.55,0.75,7.719
2026-06-08 11:45:00,Building_A_Lecture,223.91,44.19,0.75,7.42
2026-06-08 12:00:00,Building_A_Lecture,228.42,44.73,0.75,7.664
2026-06-08 12:15:00,Building_A_Lecture,231.16,42.2,0.75,7.316
2026-06-08 12:30:00,Building_A_Lecture,227.18,46.93,0.75,7.997
2026-06-08 12:45:00,Building_A_Lecture,231.01,42.05,0.75,7.286
2026-06-08 13:00:00,Building_A_Lecture,229.31,41.93,0.75,7.212
2026-06-08 13:15:00,Building_A_Lecture,227.69,40.47,0.75,6.91
2026-06-08 13:30:00,Building_A_Lecture,229.0,40.53,0.75,6.96
2026-06-08 13:45:00,Building_A_Lecture,224.04,40.39,0.75,6.787
2026-06-08 14:00:00,Building_A_Lecture,226.35,36.19,0.75,6.144
2026-06-08 14:15:00,Building_A_Lecture,234.79,37.67,0.75,6.634
2026-06-08 14:30:00,Building_A_Lecture,228.05,39.13,0.75,6.693
2026-06-08 14:45:00,Building_A_Lecture,223.29,33.16,0.75,5.554
2026-06-08 15:00:00,Building_A_Lecture,231.05,33.18,0.75,5.75
2026-06-08 15:15:00,Building_A_Lecture,225.01,39.38,0.75,6.645
2026-06-08 15:30:00,Building_A_Lecture,227.08,30.33,0.75,5.165
2026-06-08 15:45:00,Building_A_Lecture,225.85,27.3,0.75,4.624
2026-06-08 16:00:00,Building_A_Lecture,232.85,30.39,0.75,5.306
2026-06-08 16:15:00,Building_A_Lecture,234.28,25.08,0.766,4.499
2026-06-08 16:30:00,Building_A_Lecture,232.96,21.66,0.785,3.96
2026-06-08 16:45:00,Building_A_Lecture,218.36,17.66,0.783,3.019
2026-06-08 17:00:00,Building_A_Lecture,228.72,18.91,0.77,3.33
2026-06-08 17:15:00,Building_A_Lecture,228.28,14.09,0.843,2.712
2026-06-08 17:30:00,Building_A_Lecture,235.69,14.78,0.876,3.052
2026-06-08 17:45:00,Building_A_Lecture,222.66,10.29,0.879,2.013
2026-06-08 18:00:00,Building_A_Lecture,226.16,8.14,0.864,1.59
2026-06-08 18:15:00,Building_A_Lecture,231.55,7.46,0.872,1.506
2026-06-08 18:30:00,Building_A_Lecture,230.77,7.29,0.906,1.524
2026-06-08 18:45:00,Building_A_Lecture,230.41,7.67,0.862,1.524
2026-06-08 19:00:00,Building_A_Lecture,231.69,7.66,0.857,1.521
2026-06-08 19:15:00,Building_A_Lecture,228.74,8.44,0.885,1.707
2026-06-08 19:30:00,Building_A_Lecture,234.3,8.34,0.862,1.684
2026-06-08 19:45:00,Building_A_Lecture,227.5,8.29,0.869,1.64
2026-06-08 20:00:00,Building_A_Lecture,227.66,7.4,0.887,1.494
2026-06-08 20:15:00,Building_A_Lecture,235.57,7.88,0.873,1.621
2026-06-08 20:30:00,Building_A_Lecture,228.25,6.24,0.878,1.251
2026-06-08 20:45:00,Building_A_Lecture,227.9,8.89,0.849,1.719
2026-06-08 21:00:00,Building_A_Lecture,230.75,8.49,0.884,1.731
2026-06-08 21:15:00,Building_A_Lecture,230.2,10.51,0.85,2.056
2026-06-08 21:30:00,Building_A_Lecture,231.01,7.82,0.877,1.583
2026-06-08 21:45:00,Building_A_Lecture,230.87,7.73,0.861,1.536
2026-06-08 22:00:00,Building_A_Lecture,226.04,7.73,0.869,1.52
2026-06-08 22:15:00,Building_A_Lecture,231.14,8.8,0.862,1.755
2026-06-08 22:30:00,Building_A_Lecture,236.47,8.44,0.87,1.737
2026-06-08 22:45:00,Building_A_Lecture,235.37,8.43,0.877,1.739
2026-06-08 23:00:00,Building_A_Lecture,229.78,7.88,0.879,1.591
2026-06-08 23:15:00,Building_A_Lecture,232.43,8.16,0.846,1.606
2026-06-08 23:30:00,Building_A_Lecture,228.41,8.56,0.855,1.671
2026-06-08 23:45:00,Building_A_Lecture,233.47,8.61,0.893,1.796
2026-06-09 00:00:00,Building_A_Lecture,229.2,7.61,0.846,1.477
2026-06-09 00:15:00,Building_A_Lecture,228.36,7.75,0.855,1.513
2026-06-09 00:30:00,Building_A_Lecture,225.98,8.21,0.877,1.627
2026-06-09 00:45:00,Building_A_Lecture,237.26,6.09,0.882,1.274
2026-06-09 01:00:00,Building_A_Lecture,235.32,8.3,0.856,1.671
2026-06-09 01:15:00,Building_A_Lecture,229.05,9.12,0.881,1.84
2026-06-09 01:30:00,Building_A_Lecture,227.87,7.47,0.87,1.481
2026-06-09 01:45:00,Building_A_Lecture,230.8,7.32,0.915,1.547
2026-06-09 02:00:00,Building_A_Lecture,229.76,6.78,0.857,1.335
2026-06-09 02:15:00,Building_A_Lecture,230.43,9.27,0.848,1.812
2026-06-09 02:30:00,Building_A_Lecture,227.04,8.81,0.882,1.764
2026-06-09 02:45:00,Building_A_Lecture,236.68,8.13,0.892,1.716
2026-06-09 03:00:00,Building_A_Lecture,226.64,6.94,0.881,1.386
2026-06-09 03:15:00,Building_A_Lecture,226.4,8.06,0.874,1.595
2026-06-09 03:30:00,Building_A_Lecture,232.11,8.97,0.872,1.815
2026-06-09 03:45:00,Building_A_Lecture,223.89,7.86,0.889,1.566
2026-06-09 04:00:00,Building_A_Lecture,226.99,6.78,0.877,1.349
2026-06-09 04:15:00,Building_A_Lecture,225.04,9.21,0.882,1.827
2026-06-09 04:30:00,Building_A_Lecture,228.35,8.69,0.87,1.727
2026-06-09 04:45:00,Building_A_Lecture,234.04,8.85,0.861,1.782
2026-06-09 05:00:00,Building_A_Lecture,220.09,7.03,0.874,1.352
2026-06-09 05:15:00,Building_A_Lecture,231.7,8.35,0.884,1.71
2026-06-09 05:30:00,Building_A_Lecture,228.64,6.8,0.888,1.382
2026-06-09 05:45:00,Building_A_Lecture,229.91,8.29,0.864,1.647
2026-06-09 06:00:00,Building_A_Lecture,226.56,8.29,0.876,1.645
2026-06-09 06:15:00,Building_A_Lecture,229.53,10.79,0.844,2.091
2026-06-09 06:30:00,Building_A_Lecture,230.55,13.46,0.829,2.57
2026-06-09 06:45:00,Building_A_Lecture,222.35,15.49,0.85,2.926
2026-06-09 07:00:00,Building_A_Lecture,234.19,18.17,0.781,3.326
2026-06-09 07:15:00,Building_A_Lecture,226.26,18.76,0.769,3.266
2026-06-09 07:30:00,Building_A_Lecture,230.72,21.17,0.765,3.736
2026-06-09 07:45:00,Building_A_Lecture,225.8,23.59,0.767,4.085
2026-06-09 08:00:00,Building_A_Lecture,231.13,23.29,0.81,4.359
2026-06-09 08:15:00,Building_A_Lecture,231.24,28.6,0.75,4.96
2026-06-09 08:30:00,Building_A_Lecture,232.42,31.07,0.75,5.417
2026-06-09 08:45:00,Building_A_Lecture,236.96,36.81,0.75,6.542
2026-06-09 09:00:00,Building_A_Lecture,231.94,36.28,0.75,6.311
2026-06-09 09:15:00,Building_A_Lecture,229.19,35.11,0.75,6.034
2026-06-09 09:30:00,Building_A_Lecture,231.08,36.8,0.75,6.378
2026-06-09 09:45:00,Building_A_Lecture,232.36,42.54,0.75,7.414
2026-06-09 10:00:00,Building_A_Lecture,231.47,39.74,0.75,6.899
2026-06-09 10:15:00,Building_A_Lecture,234.71,45.4,0.75,7.992
2026-06-09 10:30:00,Building_A_Lecture,233.75,47.75,0.75,8.371
2026-06-09 10:45:00,Building_A_Lecture,231.55,44.28,0.75,7.69
2026-06-09 11:00:00,Building_A_Lecture,223.46,45.32,0.75,7.595
2026-06-09 11:15:00,Building_A_Lecture,235.24,43.29,0.75,7.637
2026-06-09 11:30:00,Building_A_Lecture,227.35,43.99,0.75,7.501
2026-06-09 11:45:00,Building_A_Lecture,228.69,50.87,0.75,8.725
2026-06-09 12:00:00,Building_A_Lecture,232.59,44.5,0.75,7.762
2026-06-09 12:15:00,Building_A_Lecture,229.36,49.66,0.75,8.542
2026-06-09 12:30:00,Building_A_Lecture,229.87,44.36,0.75,7.648
2026-06-09 12:45:00,Building_A_Lecture,223.93,49.59,0.75,8.328
2026-06-09 13:00:00,Building_A_Lecture,229.06,45.4,0.75,7.799
2026-06-09 13:15:00,Building_A_Lecture,234.24,35.71,0.75,6.274
2026-06-09 13:30:00,Building_A_Lecture,227.51,39.8,0.75,6.79
2026-06-09 13:45:00,Building_A_Lecture,232.37,38.23,0.75,6.663
2026-06-09 14:00:00,Building_A_Lecture,228.69,30.73,0.75,5.271
2026-06-09 14:15:00,Building_A_Lecture,230.88,33.71,0.75,5.837
2026-06-09 14:30:00,Building_A_Lecture,231.6,35.54,0.75,6.173
2026-06-09 14:45:00,Building_A_Lecture,235.94,33.83,0.75,5.986
2026-06-09 15:00:00,Building_A_Lecture,228.54,33.9,0.75,5.811
2026-06-09 15:15:00,Building_A_Lecture,231.83,33.97,0.75,5.907
2026-06-09 15:30:00,Building_A_Lecture,227.37,28.08,0.75,4.788
2026-06-09 15:45:00,Building_A_Lecture,231.81,27.41,0.767,4.872
2026-06-09 16:00:00,Building_A_Lecture,228.84,24.16,0.753,4.165
2026-06-09 16:15:00,Building_A_Lecture,228.68,26.96,0.75,4.624
2026-06-09 16:30:00,Building_A_Lecture,236.4,23.74,0.764,4.285
2026-06-09 16:45:00,Building_A_Lecture,225.4,21.03,0.825,3.911
2026-06-09 17:00:00,Building_A_Lecture,223.41,18.58,0.799,3.315
2026-06-09 17:15:00,Building_A_Lecture,233.25,15.75,0.836,3.071
2026-06-09 17:30:00,Building_A_Lecture,227.63,11.85,0.836,2.254
2026-06-09 17:45:00,Building_A_Lecture,228.41,11.11,0.874,2.218
2026-06-09 18:00:00,Building_A_Lecture,235.33,9.07,0.884,1.887
2026-06-09 18:15:00,Building_A_Lecture,233.21,9.14,0.854,1.82
2026-06-09 18:30:00,Building_A_Lecture,232.65,7.33,0.909,1.549
2026-06-09 18:45:00,Building_A_Lecture,233.76,8.44,0.88,1.738
2026-06-09 19:00:00,Building_A_Lecture,234.37,7.46,0.896,1.566
2026-06-09 19:15:00,Building_A_Lecture,228.89,7.98,0.876,1.6
2026-06-09 19:30:00,Building_A_Lecture,236.69,7.31,0.856,1.481
2026-06-09 19:45:00,Building_A_Lecture,230.77,8.12,0.877,1.644
2026-06-09 20:00:00,Building_A_Lecture,233.28,8.12,0.876,1.659
2026-06-09 20:15:00,Building_A_Lecture,230.69,9.84,0.848,1.925
2026-06-09 20:30:00,Building_A_Lecture,232.7,7.89,0.886,1.627
2026-06-09 20:45:00,Building_A_Lecture,236.66,7.53,0.885,1.577
2026-06-09 21:00:00,Building_A_Lecture,233.7,8.41,0.881,1.732
2026-06-09 21:15:00,Building_A_Lecture,232.28,8.09,0.853,1.604
2026-06-09 21:30:00,Building_A_Lecture,230.16,7.85,0.86,1.553
2026-06-09 21:45:00,Building_A_Lecture,223.1,8.75,0.886,1.729
2026-06-09 22:00:00,Building_A_Lecture,232.26,8.15,0.871,1.649
2026-06-09 22:15:00,Building_A_Lecture,488.34,7.44,0.886,3.219
2026-06-09 22:30:00,Building_A_Lecture,227.35,7.17,0.883,1.439
2026-06-09 22:45:00,Building_A_Lecture,230.28,7.81,0.889,1.598
2026-06-09 23:00:00,Building_A_Lecture,227.05,8.06,0.905,1.656
2026-06-09 23:15:00,Building_A_Lecture,228.84,6.98,0.879,1.405
2026-06-09 23:30:00,Building_A_Lecture,230.96,7.98,0.898,1.655
2026-06-09 23:45:00,Building_A_Lecture,234.47,8.06,0.883,1.668
2026-06-10 00:00:00,Building_A_Lecture,224.29,7.48,0.904,1.516
2026-06-10 00:15:00,Building_A_Lecture,231.18,8.73,0.853,1.722
2026-06-10 00:30:00,Building_A_Lecture,232.46,9.11,0.89,1.884
2026-06-10 00:45:00,Building_A_Lecture,236.16,8.52,0.873,1.758
2026-06-10 01:00:00,Building_A_Lecture,223.92,7.71,0.9,1.552
2026-06-10 01:15:00,Building_A_Lecture,229.81,8.22,0.856,1.617
2026-06-10 01:30:00,Building_A_Lecture,230.3,7.45,0.904,1.552
2026-06-10 01:45:00,Building_A_Lecture,233.86,9.46,0.876,1.939
2026-06-10 02:00:00,Building_A_Lecture,229.93,9.26,0.852,1.813
2026-06-10 02:15:00,Building_A_Lecture,235.56,7.31,0.893,1.537
2026-06-10 02:30:00,Building_A_Lecture,237.57,7.67,0.891,1.623
2026-06-10 02:45:00,Building_A_Lecture,232.47,7.41,0.876,1.509
2026-06-10 03:00:00,Building_A_Lecture,229.46,7.76,0.894,1.591
2026-06-10 03:15:00,Building_A_Lecture,226.62,8.65,0.905,1.773
2026-06-10 03:30:00,Building_A_Lecture,225.88,6.56,0.891,1.319
2026-06-10 03:45:00,Building_A_Lecture,227.92,7.37,0.878,1.475
2026-06-10 04:00:00,Building_A_Lecture,230.08,7.2,0.841,1.393
2026-06-10 04:15:00,Building_A_Lecture,223.72,7.56,0.852,1.442
2026-06-10 04:30:00,Building_A_Lecture,227.27,9.28,0.872,1.837
2026-06-10 04:45:00,Building_A_Lecture,229.73,8.33,0.851,1.627
2026-06-10 05:00:00,Building_A_Lecture,235.22,6.85,0.868,1.398
2026-06-10 05:15:00,Building_A_Lecture,231.77,7.77,0.864,1.555
2026-06-10 05:30:00,Building_A_Lecture,227.62,8.05,0.896,1.643
2026-06-10 05:45:00,Building_A_Lecture,233.87,8.16,0.864,1.65
2026-06-10 06:00:00,Building_A_Lecture,227.23,8.08,0.872,1.601
2026-06-10 06:15:00,Building_A_Lecture,229.74,11.09,0.855,2.177
2026-06-10 06:30:00,Building_A_Lecture,230.6,12.05,0.874,2.428
2026-06-10 06:45:00,Building_A_Lecture,237.95,15.6,0.818,3.037
2026-06-10 07:00:00,Building_A_Lecture,233.15,16.58,0.831,3.211
2026-06-10 07:15:00,Building_A_Lecture,231.53,18.6,0.755,3.253
2026-06-10 07:30:00,Building_A_Lecture,231.65,22.49,0.808,4.208
2026-06-10 07:45:00,Building_A_Lecture,227.64,24.2,0.761,4.19
2026-06-10 08:00:00,Building_A_Lecture,235.35,23.82,0.774,4.338
2026-06-10 08:15:00,Building_A_Lecture,225.48,27.21,0.75,4.601
2026-06-10 08:30:00,Building_A_Lecture,234.23,31.32,0.75,5.502
2026-06-10 08:45:00,Building_A_Lecture,231.55,30.95,0.75,5.374
2026-06-10 09:00:00,Building_A_Lecture,236.11,30.0,0.75,5.313
2026-06-10 09:15:00,Building_A_Lecture,232.01,37.47,0.75,6.52
2026-06-10 09:30:00,Building_A_Lecture,231.94,41.54,0.75,7.226
2026-06-10 09:45:00,Building_A_Lecture,229.61,39.17,0.75,6.746
2026-06-10 10:00:00,Building_A_Lecture,228.08,38.39,0.75,6.566
2026-06-10 10:15:00,Building_A_Lecture,219.75,40.74,0.75,6.714
2026-06-10 10:30:00,Building_A_Lecture,230.66,41.52,0.75,7.182
2026-06-10 10:45:00,Building_A_Lecture,235.94,43.07,0.75,7.621
2026-06-10 11:00:00,Building_A_Lecture,230.24,45.65,0.75,7.883
2026-06-10 11:15:00,Building_A_Lecture,228.41,46.4,0.75,7.949
2026-06-10 11:30:00,Building_A_Lecture,230.42,38.83,0.75,6.71
2026-06-10 11:45:00,Building_A_Lecture,233.42,45.39,0.75,7.947
2026-06-10 12:00:00,Building_A_Lecture,236.2,40.99,0.75,7.261
2026-06-10 12:15:00,Building_A_Lecture,226.46,43.76,0.75,7.432
2026-06-10 12:30:00,Building_A_Lecture,231.78,45.08,0.75,7.836
2026-06-10 12:45:00,Building_A_Lecture,228.86,48.31,0.75,8.292
2026-06-10 13:00:00,Building_A_Lecture,233.64,45.91,0.75,8.045
2026-06-10 13:15:00,Building_A_Lecture,229.36,52.14,0.75,8.97
2026-06-10 13:30:00,Building_A_Lecture,228.78,43.88,0.75,7.529
2026-06-10 13:45:00,Building_A_Lecture,231.13,43.15,0.75,7.479
2026-06-10 14:00:00,Building_A_Lecture,233.77,38.13,0.75,6.685
2026-06-10 14:15:00,Building_A_Lecture,231.52,43.72,0.75,7.592
2026-06-10 14:30:00,Building_A_Lecture,228.72,37.83,0.75,6.49
2026-06-10 14:45:00,Building_A_Lecture,231.76,32.75,0.75,5.693
2026-06-10 15:00:00,Building_A_Lecture,227.1,35.25,0.75,6.004
2026-06-10 15:15:00,Building_A_Lecture,227.96,31.66,0.75,5.413
2026-06-10 15:30:00,Building_A_Lecture,228.18,24.11,0.792,4.358
2026-06-10 15:45:00,Building_A_Lecture,229.64,24.6,0.75,4.236
2026-06-10 16:00:00,Building_A_Lecture,231.19,23.54,0.797,4.338
2026-06-10 16:15:00,Building_A_Lecture,233.08,23.15,0.754,4.069
2026-06-10 16:30:00,Building_A_Lecture,232.9,23.32,0.769,4.179
2026-06-10 16:45:00,Building_A_Lecture,228.14,23.78,0.75,4.069
2026-06-10 17:00:00,Building_A_Lecture,230.42,14.98,0.83,2.865
2026-06-10 17:15:00,Building_A_Lecture,232.24,14.94,0.833,2.89
2026-06-10 17:30:00,Building_A_Lecture,229.78,11.91,0.868,2.375
2026-06-10 17:45:00,Building_A_Lecture,233.35,12.19,0.85,2.417
2026-06-10 18:00:00,Building_A_Lecture,230.65,8.6,0.898,1.781
2026-06-10 18:15:00,Building_A_Lecture,231.12,8.25,0.879,1.676
2026-06-10 18:30:00,Building_A_Lecture,227.23,7.63,0.867,1.503
2026-06-10 18:45:00,Building_A_Lecture,237.44,7.52,0.906,1.619
2026-06-10 19:00:00,Building_A_Lecture,230.7,7.54,0.85,1.478
2026-06-10 19:15:00,Building_A_Lecture,234.34,8.06,0.868,1.64
2026-06-10 19:30:00,Building_A_Lecture,234.14,8.86,0.869,1.801
2026-06-10 19:45:00,Building_A_Lecture,234.41,8.64,0.895,1.813
2026-06-10 20:00:00,Building_A_Lecture,228.73,8.42,0.868,1.672
2026-06-10 20:15:00,Building_A_Lecture,237.17,8.29,0.875,1.72
2026-06-10 20:30:00,Building_A_Lecture,232.75,8.51,0.857,1.697
2026-06-10 20:45:00,Building_A_Lecture,230.12,6.92,0.886,1.41
2026-06-10 21:00:00,Building_A_Lecture,227.55,8.64,0.888,1.746
2026-06-10 21:15:00,Building_A_Lecture,226.55,8.67,0.866,1.703
2026-06-10 21:30:00,Building_A_Lecture,235.68,8.34,0.875,1.72
2026-06-10 21:45:00,Building_A_Lecture,236.64,7.07,0.864,1.444
2026-06-10 22:00:00,Building_A_Lecture,225.04,7.68,0.862,1.49
2026-06-10 22:15:00,Building_A_Lecture,229.17,7.59,0.894,1.556
2026-06-10 22:30:00,Building_A_Lecture,225.95,7.03,0.883,1.403
2026-06-10 22:45:00,Building_A_Lecture,227.16,7.53,0.857,1.467
2026-06-10 23:00:00,Building_A_Lecture,232.51,7.76,0.867,1.564
2026-06-10 23:15:00,Building_A_Lecture,230.52,8.27,0.882,1.682
2026-06-10 23:30:00,Building_A_Lecture,230.03,9.42,0.846,1.834
2026-06-10 23:45:00,Building_A_Lecture,231.31,8.02,0.883,1.637
2026-06-11 00:00:00,Building_A_Lecture,231.19,7.92,0.901,1.65
2026-06-11 00:15:00,Building_A_Lecture,229.5,8.5,0.88,1.716
2026-06-11 00:30:00,Building_A_Lecture,227.47,8.26,0.892,1.675
2026-06-11 00:45:00,Building_A_Lecture,229.77,8.74,0.873,1.753
2026-06-11 01:00:00,Building_A_Lecture,236.32,7.87,0.871,1.619
2026-06-11 01:15:00,Building_A_Lecture,230.63,8.67,0.897,1.794
2026-06-11 01:30:00,Building_A_Lecture,236.32,8.06,0.859,1.636
2026-06-11 01:45:00,Building_A_Lecture,231.87,9.47,0.884,1.94
2026-06-11 02:00:00,Building_A_Lecture,233.28,8.3,0.855,1.656
2026-06-11 02:15:00,Building_A_Lecture,228.0,8.9,0.877,1.78
2026-06-11 02:30:00,Building_A_Lecture,230.66,8.05,0.849,1.575
2026-06-11 02:45:00,Building_A_Lecture,229.51,8.51,0.879,1.717
2026-06-11 03:00:00,Building_A_Lecture,228.94,7.35,0.882,1.482
2026-06-11 03:15:00,Building_A_Lecture,224.97,7.83,0.851,1.5
2026-06-11 03:30:00,Building_A_Lecture,233.3,6.26,0.889,1.297
2026-06-11 03:45:00,Building_A_Lecture,229.36,8.67,0.87,1.73
2026-06-11 04:00:00,Building_A_Lecture,236.11,7.01,0.911,1.507
2026-06-11 04:15:00,Building_A_Lecture,231.74,7.76,0.9,1.617
2026-06-11 04:30:00,Building_A_Lecture,229.0,6.94,0.885,1.407
2026-06-11 04:45:00,Building_A_Lecture,232.78,9.06,0.867,1.828
2026-06-11 05:00:00,Building_A_Lecture,228.57,7.1,0.892,1.448
2026-06-11 05:15:00,Building_A_Lecture,231.13,8.43,0.877,1.71
2026-06-11 05:30:00,Building_A_Lecture,226.35,8.02,0.852,1.547
2026-06-11 05:45:00,Building_A_Lecture,227.95,7.05,0.89,1.429
2026-06-11 06:00:00,Building_A_Lecture,228.41,7.93,0.866,1.568
2026-06-11 06:15:00,Building_A_Lecture,230.36,11.33,0.895,2.337
2026-06-11 06:30:00,Building_A_Lecture,235.26,12.61,0.846,2.509
2026-06-11 06:45:00,Building_A_Lecture,227.15,15.58,0.843,2.982
2026-06-11 07:00:00,Building_A_Lecture,228.03,17.98,0.782,3.205
2026-06-11 07:15:00,Building_A_Lecture,443.86,19.07,0.793,6.712
2026-06-11 07:30:00,Building_A_Lecture,227.34,20.77,0.756,3.571
2026-06-11 07:45:00,Building_A_Lecture,233.22,25.28,0.755,4.454
2026-06-11 08:00:00,Building_A_Lecture,229.7,22.1,0.78,3.958
2026-06-11 08:15:00,Building_A_Lecture,226.78,27.81,0.75,4.73
2026-06-11 08:30:00,Building_A_Lecture,226.9,31.3,0.75,5.326
2026-06-11 08:45:00,Building_A_Lecture,229.29,35.77,0.75,6.152
2026-06-11 09:00:00,Building_A_Lecture,228.86,34.18,0.75,5.868
2026-06-11 09:15:00,Building_A_Lecture,227.02,36.43,0.75,6.202
2026-06-11 09:30:00,Building_A_Lecture,230.56,33.72,0.75,5.83
2026-06-11 09:45:00,Building_A_Lecture,235.06,40.36,0.75,7.115
2026-06-11 10:00:00,Building_A_Lecture,231.47,36.86,0.75,6.399
2026-06-11 10:15:00,Building_A_Lecture,228.24,41.51,0.75,7.105
2026-06-11 10:30:00,Building_A_Lecture,229.57,40.89,0.75,7.041
2026-06-11 10:45:00,Building_A_Lecture,231.41,38.96,0.75,6.762
2026-06-11 11:00:00,Building_A_Lecture,230.64,43.58,0.75,7.539
2026-06-11 11:15:00,Building_A_Lecture,228.67,48.44,0.75,8.308
2026-06-11 11:30:00,Building_A_Lecture,231.68,48.91,0.75,8.498
2026-06-11 11:45:00,Building_A_Lecture,225.09,43.02,0.75,7.263
2026-06-11 12:00:00,Building_A_Lecture,231.33,49.46,0.75,8.58
2026-06-11 12:15:00,Building_A_Lecture,227.27,43.81,0.75,7.467
2026-06-11 12:30:00,Building_A_Lecture,232.9,50.43,0.75,8.81
2026-06-11 12:45:00,Building_A_Lecture,234.94,42.65,0.75,7.515
2026-06-11 13:00:00,Building_A_Lecture,226.12,48.27,0.75,8.187
2026-06-11 13:15:00,Building_A_Lecture,227.89,42.52,0.75,7.266
2026-06-11 13:30:00,Building_A_Lecture,227.24,40.66,0.75,6.929
2026-06-11 13:45:00,Building_A_Lecture,231.66,40.47,0.75,7.032
2026-06-11 14:00:00,Building_A_Lecture,235.79,41.07,0.75,7.262
2026-06-11 14:15:00,Building_A_Lecture,228.35,41.85,0.75,7.168
2026-06-11 14:30:00,Building_A_Lecture,224.83,34.07,0.75,5.746
2026-06-11 14:45:00,Building_A_Lecture,232.16,39.23,0.75,6.831
2026-06-11 15:00:00,Building_A_Lecture,229.31,29.97,0.75,5.155
2026-06-11 15:15:00,Building_A_Lecture,231.04,32.85,0.75,5.692
2026-06-11 15:30:00,Building_A_Lecture,229.43,25.16,0.765,4.417
2026-06-11 15:45:00,Building_A_Lecture,228.11,30.5,0.75,5.217
2026-06-11 16:00:00,Building_A_Lecture,233.51,25.67,0.787,4.715
2026-06-11 16:15:00,Building_A_Lecture,228.84,25.75,0.78,4.597
2026-06-11 16:30:00,Building_A_Lecture,226.7,25.12,0.795,4.526
2026-06-11 16:45:00,Building_A_Lecture,226.03,19.38,0.811,3.551
2026-06-11 17:00:00,Building_A_Lecture,230.76,15.59,0.846,3.044
2026-06-11 17:15:00,Building_A_Lecture,226.91,14.19,0.784,2.523
2026-06-11 17:30:00,Building_A_Lecture,230.78,14.73,0.825,2.805
2026-06-11 17:45:00,Building_A_Lecture,232.63,9.08,0.846,1.786
2026-06-11 18:00:00,Building_A_Lecture,230.6,7.25,0.895,1.496
2026-06-11 18:15:00,Building_A_Lecture,223.49,8.98,0.887,1.781
2026-06-11 18:30:00,Building_A_Lecture,227.3,7.78,0.886,1.566
2026-06-11 18:45:00,Building_A_Lecture,234.08,8.79,0.87,1.789
2026-06-11 19:00:00,Building_A_Lecture,231.5,8.34,0.869,1.678
2026-06-11 19:15:00,Building_A_Lecture,231.1,7.18,0.919,1.525
2026-06-11 19:30:00,Building_A_Lecture,227.86,7.63,0.877,1.525
2026-06-11 19:45:00,Building_A_Lecture,231.44,7.85,0.895,1.626
2026-06-11 20:00:00,Building_A_Lecture,232.69,8.03,0.864,1.615
2026-06-11 20:15:00,Building_A_Lecture,238.7,8.23,0.9,1.769
2026-06-11 20:30:00,Building_A_Lecture,226.14,7.75,0.885,1.551
2026-06-11 20:45:00,Building_A_Lecture,230.27,8.06,0.879,1.63
2026-06-11 21:00:00,Building_A_Lecture,226.33,8.36,0.901,1.706
2026-06-11 21:15:00,Building_A_Lecture,222.8,9.05,0.877,1.768
2026-06-11 21:30:00,Building_A_Lecture,228.08,8.35,0.913,1.739
2026-06-11 21:45:00,Building_A_Lecture,231.55,7.5,0.846,1.47
2026-06-11 22:00:00,Building_A_Lecture,230.1,6.68,0.844,1.297
2026-06-11 22:15:00,Building_A_Lecture,230.1,7.8,0.873,1.565
2026-06-11 22:30:00,Building_A_Lecture,229.89,7.45,0.881,1.508
2026-06-11 22:45:00,Building_A_Lecture,229.65,8.3,0.843,1.607
2026-06-11 23:00:00,Building_A_Lecture,232.22,7.69,0.879,1.57
2026-06-11 23:15:00,Building_A_Lecture,230.41,7.1,0.869,1.422
2026-06-11 23:30:00,Building_A_Lecture,227.97,7.95,0.867,1.572
2026-06-11 23:45:00,Building_A_Lecture,229.79,8.45,0.863,1.674
2026-06-12 00:00:00,Building_A_Lecture,232.74,6.81,0.871,1.381
2026-06-12 00:15:00,Building_A_Lecture,230.76,7.8,0.871,1.568
2026-06-12 00:30:00,Building_A_Lecture,232.81,9.02,0.887,1.863
2026-06-12 00:45:00,Building_A_Lecture,235.67,7.09,0.88,1.472
2026-06-12 01:00:00,Building_A_Lecture,229.22,8.33,0.874,1.669
2026-06-12 01:15:00,Building_A_Lecture,233.24,7.56,0.924,1.629
2026-06-12 01:30:00,Building_A_Lecture,228.55,8.6,0.887,1.742
2026-06-12 01:45:00,Building_A_Lecture,234.8,9.8,0.832,1.915
2026-06-12 02:00:00,Building_A_Lecture,230.68,8.29,0.854,1.635
2026-06-12 02:15:00,Building_A_Lecture,228.25,8.13,0.904,1.679
2026-06-12 02:30:00,Building_A_Lecture,230.98,8.48,0.854,1.674
2026-06-12 02:45:00,Building_A_Lecture,232.67,8.2,0.898,1.714
2026-06-12 03:00:00,Building_A_Lecture,227.53,8.37,0.843,1.606
2026-06-12 03:15:00,Building_A_Lecture,229.67,7.91,0.872,1.584
2026-06-12 03:30:00,Building_A_Lecture,228.93,7.75,0.891,1.581
2026-06-12 03:45:00,Building_A_Lecture,228.73,7.55,0.881,1.521
2026-06-12 04:00:00,Building_A_Lecture,229.21,8.84,0.888,1.8
2026-06-12 04:15:00,Building_A_Lecture,229.37,8.05,0.88,1.624
2026-06-12 04:30:00,Building_A_Lecture,234.97,7.3,0.879,1.507
2026-06-12 04:45:00,Building_A_Lecture,233.56,8.14,0.891,1.695
2026-06-12 05:00:00,Building_A_Lecture,227.94,8.38,0.871,1.665
2026-06-12 05:15:00,Building_A_Lecture,226.57,8.05,0.855,1.558
2026-06-12 05:30:00,Building_A_Lecture,233.1,8.86,0.87,1.797
2026-06-12 05:45:00,Building_A_Lecture,233.69,8.16,0.872,1.662
2026-06-12 06:00:00,Building_A_Lecture,227.28,8.73,0.903,1.792
2026-06-12 06:15:00,Building_A_Lecture,227.06,9.14,0.884,1.835
2026-06-12 06:30:00,Building_A_Lecture,223.38,12.58,0.837,2.352
2026-06-12 06:45:00,Building_A_Lecture,230.42,13.95,0.824,2.65
2026-06-12 07:00:00,Building_A_Lecture,226.17,18.01,0.792,3.227
2026-06-12 07:15:00,Building_A_Lecture,230.48,22.76,0.75,3.934
2026-06-12 07:30:00,Building_A_Lecture,234.45,24.06,0.767,4.328
2026-06-12 07:45:00,Building_A_Lecture,230.23,23.61,0.75,4.076
2026-06-12 08:00:00,Building_A_Lecture,235.73,27.81,0.752,4.932
2026-06-12 08:15:00,Building_A_Lecture,221.75,29.27,0.75,4.868
2026-06-12 08:30:00,Building_A_Lecture,230.85,29.27,0.75,5.067
2026-06-12 08:45:00,Building_A_Lecture,222.3,35.32,0.75,5.889
2026-06-12 09:00:00,Building_A_Lecture,228.33,35.6,0.75,6.097
2026-06-12 09:15:00,Building_A_Lecture,223.48,36.06,0.75,6.044
2026-06-12 09:30:00,Building_A_Lecture,232.78,36.06,0.75,6.296
2026-06-12 09:45:00,Building_A_Lecture,229.47,38.0,0.75,6.54
2026-06-12 10:00:00,Building_A_Lecture,226.62,38.49,0.75,6.542
2026-06-12 10:15:00,Building_A_Lecture,225.35,42.8,0.75,7.234
2026-06-12 10:30:00,Building_A_Lecture,228.8,48.3,0.75,8.289
2026-06-12 10:45:00,Building_A_Lecture,229.66,41.28,0.75,7.111
2026-06-12 11:00:00,Building_A_Lecture,229.78,42.28,0.75,7.287
2026-06-12 11:15:00,Building_A_Lecture,224.02,45.22,0.75,7.598
2026-06-12 11:30:00,Building_A_Lecture,224.52,48.61,0.75,8.185
2026-06-12 11:45:00,Building_A_Lecture,224.24,46.97,0.75,7.9
2026-06-12 12:00:00,Building_A_Lecture,227.81,45.4,0.75,7.757
2026-06-12 12:15:00,Building_A_Lecture,227.97,34.66,0.75,5.926
2026-06-12 12:30:00,Building_A_Lecture,223.49,47.54,0.75,7.968
2026-06-12 12:45:00,Building_A_Lecture,228.81,46.27,0.75,7.94
2026-06-12 13:00:00,Building_A_Lecture,223.69,44.87,0.75,7.528
2026-06-12 13:15:00,Building_A_Lecture,238.79,45.94,0.75,8.228
2026-06-12 13:30:00,Building_A_Lecture,231.47,48.49,0.75,8.418
2026-06-12 13:45:00,Building_A_Lecture,234.5,41.21,0.75,7.248
2026-06-12 14:00:00,Building_A_Lecture,225.87,35.04,0.75,5.935
2026-06-12 14:15:00,Building_A_Lecture,231.24,37.69,0.75,6.536
2026-06-12 14:30:00,Building_A_Lecture,232.45,35.59,0.75,6.205
2026-06-12 14:45:00,Building_A_Lecture,219.83,31.4,0.75,5.176
2026-06-12 15:00:00,Building_A_Lecture,230.74,37.1,0.75,6.421
2026-06-12 15:15:00,Building_A_Lecture,235.71,29.57,0.75,5.227
2026-06-12 15:30:00,Building_A_Lecture,226.89,30.3,0.75,5.156
2026-06-12 15:45:00,Building_A_Lecture,227.37,27.9,0.75,4.758
2026-06-12 16:00:00,Building_A_Lecture,231.73,26.37,0.76,4.645
2026-06-12 16:15:00,Building_A_Lecture,233.29,20.48,0.775,3.704
2026-06-12 16:30:00,Building_A_Lecture,228.17,21.93,0.757,3.785
2026-06-12 16:45:00,Building_A_Lecture,226.48,18.17,0.797,3.281
2026-06-12 17:00:00,Building_A_Lecture,231.27,17.48,0.855,3.458
2026-06-12 17:15:00,Building_A_Lecture,232.73,13.38,0.819,2.549
2026-06-12 17:30:00,Building_A_Lecture,230.71,12.03,0.841,2.333
2026-06-12 17:45:00,Building_A_Lecture,227.12,10.57,0.873,2.097
2026-06-12 18:00:00,Building_A_Lecture,229.27,7.05,0.907,1.466
2026-06-12 18:15:00,Building_A_Lecture,228.66,7.02,0.87,1.396
2026-06-12 18:30:00,Building_A_Lecture,225.22,7.73,0.859,1.495
2026-06-12 18:45:00,Building_A_Lecture,231.03,8.45,0.872,1.703
2026-06-12 19:00:00,Building_A_Lecture,232.56,7.6,0.875,1.547
2026-06-12 19:15:00,Building_A_Lecture,235.37,7.7,0.879,1.594
2026-06-12 19:30:00,Building_A_Lecture,233.52,7.74,0.856,1.547
2026-06-12 19:45:00,Building_A_Lecture,223.98,8.72,0.854,1.667
2026-06-12 20:00:00,Building_A_Lecture,233.63,7.51,0.868,1.523
2026-06-12 20:15:00,Building_A_Lecture,233.26,8.58,0.895,1.79
2026-06-12 20:30:00,Building_A_Lecture,225.96,8.44,0.889,1.694
2026-06-12 20:45:00,Building_A_Lecture,231.48,8.13,0.907,1.706
2026-06-12 21:00:00,Building_A_Lecture,228.89,6.68,0.904,1.383
2026-06-12 21:15:00,Building_A_Lecture,231.13,8.12,0.921,1.73
2026-06-12 21:30:00,Building_A_Lecture,224.46,7.97,0.858,1.535
2026-06-12 21:45:00,Building_A_Lecture,225.96,7.64,0.862,1.489
2026-06-12 22:00:00,Building_A_Lecture,232.51,8.26,0.879,1.689
2026-06-12 22:15:00,Building_A_Lecture,228.56,7.79,0.884,1.574
2026-06-12 22:30:00,Building_A_Lecture,234.18,8.18,0.864,1.654
2026-06-12 22:45:00,Building_A_Lecture,230.34,9.34,0.861,1.853
2026-06-12 23:00:00,Building_A_Lecture,228.09,6.88,0.862,1.354
2026-06-12 23:15:00,Building_A_Lecture,228.25,8.09,0.885,1.633
2026-06-12 23:30:00,Building_A_Lecture,237.15,6.48,0.893,1.372
2026-06-12 23:45:00,Building_A_Lecture,231.49,7.5,0.902,1.567
2026-06-13 00:00:00,Building_A_Lecture,228.58,7.61,0.866,1.506
2026-06-13 00:15:00,Building_A_Lecture,233.93,7.08,0.89,1.475
2026-06-13 00:30:00,Building_A_Lecture,228.14,8.21,0.892,1.67
2026-06-13 00:45:00,Building_A_Lecture,231.12,7.13,0.879,1.449
2026-06-13 01:00:00,Building_A_Lecture,233.3,8.69,0.882,1.788
2026-06-13 01:15:00,Building_A_Lecture,231.23,8.69,0.855,1.717
2026-06-13 01:30:00,Building_A_Lecture,232.96,7.92,0.875,1.614
2026-06-13 01:45:00,Building_A_Lecture,228.69,7.75,0.915,1.623
2026-06-13 02:00:00,Building_A_Lecture,221.26,7.32,0.885,1.434
2026-06-13 02:15:00,Building_A_Lecture,227.39,8.39,0.875,1.669
2026-06-13 02:30:00,Building_A_Lecture,222.24,7.78,0.906,1.565
2026-06-13 02:45:00,Building_A_Lecture,226.53,7.3,0.9,1.489
2026-06-13 03:00:00,Building_A_Lecture,227.04,8.22,0.877,1.638
2026-06-13 03:15:00,Building_A_Lecture,229.56,7.69,0.898,1.586
2026-06-13 03:30:00,Building_A_Lecture,228.03,8.15,0.865,1.606
2026-06-13 03:45:00,Building_A_Lecture,231.09,8.45,0.842,1.644
2026-06-13 04:00:00,Building_A_Lecture,232.38,8.35,0.836,1.622
2026-06-13 04:15:00,Building_A_Lecture,230.7,7.51,0.874,1.514
2026-06-13 04:30:00,Building_A_Lecture,228.26,7.68,0.902,1.581
2026-06-13 04:45:00,Building_A_Lecture,230.34,8.19,0.864,1.629
2026-06-13 05:00:00,Building_A_Lecture,225.33,7.26,0.851,1.391
2026-06-13 05:15:00,Building_A_Lecture,232.61,8.42,0.902,1.767
2026-06-13 05:30:00,Building_A_Lecture,234.07,8.54,0.861,1.722
2026-06-13 05:45:00,Building_A_Lecture,231.34,7.26,0.866,1.454
2026-06-13 06:00:00,Building_A_Lecture,231.36,8.07,0.883,1.648
2026-06-13 06:15:00,Building_A_Lecture,232.48,9.62,0.885,1.981
2026-06-13 06:30:00,Building_A_Lecture,232.65,9.1,0.841,1.781
2026-06-13 06:45:00,Building_A_Lecture,230.28,11.02,0.847,2.151
2026-06-13 07:00:00,Building_A_Lecture,231.94,10.14,0.862,2.026
2026-06-13 07:15:00,Building_A_Lecture,228.39,10.09,0.855,1.971
2026-06-13 07:30:00,Building_A_Lecture,230.0,13.11,0.851,2.565
2026-06-13 07:45:00,Building_A_Lecture,231.65,11.92,0.833,2.3
2026-06-13 08:00:00,Building_A_Lecture,233.77,12.68,0.802,2.377
2026-06-13 08:15:00,Building_A_Lecture,226.39,12.81,0.824,2.389
2026-06-13 08:30:00,Building_A_Lecture,231.45,12.89,0.84,2.505
2026-06-13 08:45:00,Building_A_Lecture,231.03,15.78,0.81,2.953
2026-06-13 09:00:00,Building_A_Lecture,229.76,16.68,0.795,3.047
2026-06-13 09:15:00,Building_A_Lecture,227.99,17.73,0.806,3.259
2026-06-13 09:30:00,Building_A_Lecture,226.81,16.57,0.811,3.048
2026-06-13 09:45:00,Building_A_Lecture,226.0,17.7,0.823,3.292
2026-06-13 10:00:00,Building_A_Lecture,233.76,16.93,0.827,3.272
2026-06-13 10:15:00,Building_A_Lecture,233.62,20.94,0.82,4.01
2026-06-13 10:30:00,Building_A_Lecture,228.07,18.18,0.812,3.367
2026-06-13 10:45:00,Building_A_Lecture,233.82,19.91,0.821,3.823
2026-06-13 11:00:00,Building_A_Lecture,227.77,19.83,0.802,3.624
2026-06-13 11:15:00,Building_A_Lecture,235.33,18.43,0.78,3.382
2026-06-13 11:30:00,Building_A_Lecture,227.91,16.24,0.829,3.068
2026-06-13 11:45:00,Building_A_Lecture,229.55,19.97,0.792,3.631
2026-06-13 12:00:00,Building_A_Lecture,232.94,21.23,0.806,3.985
2026-06-13 12:15:00,Building_A_Lecture,235.07,17.6,0.784,3.245
2026-06-13 12:30:00,Building_A_Lecture,232.29,18.19,0.787,3.326
2026-06-13 12:45:00,Building_A_Lecture,229.15,21.48,0.795,3.916
2026-06-13 13:00:00,Building_A_Lecture,225.7,20.0,0.826,3.727
2026-06-13 13:15:00,Building_A_Lecture,228.23,18.53,0.789,3.339
2026-06-13 13:30:00,Building_A_Lecture,227.95,19.44,0.785,3.48
2026-06-13 13:45:00,Building_A_Lecture,230.1,17.64,0.815,3.305
2026-06-13 14:00:00,Building_A_Lecture,232.91,16.81,0.822,3.22
2026-06-13 14:15:00,Building_A_Lecture,234.3,15.87,0.824,3.064
2026-06-13 14:30:00,Building_A_Lecture,233.22,18.18,0.8,3.39
2026-06-13 14:45:00,Building_A_Lecture,229.31,14.93,0.818,2.802
2026-06-13 15:00:00,Building_A_Lecture,230.55,15.84,0.819,2.99
2026-06-13 15:15:00,Building_A_Lecture,233.24,16.9,0.822,3.24
2026-06-13 15:30:00,Building_A_Lecture,234.59,16.69,0.797,3.12
2026-06-13 15:45:00,Building_A_Lecture,227.43,13.88,0.824,2.601
2026-06-13 16:00:00,Building_A_Lecture,222.93,13.62,0.868,2.636
2026-06-13 16:15:00,Building_A_Lecture,225.9,12.38,0.893,2.497
2026-06-13 16:30:00,Building_A_Lecture,229.63,12.23,0.839,2.358
2026-06-13 16:45:00,Building_A_Lecture,232.35,13.17,0.831,2.541
2026-06-13 17:00:00,Building_A_Lecture,227.43,10.29,0.883,2.068
2026-06-13 17:15:00,Building_A_Lecture,232.1,10.51,0.852,2.079
2026-06-13 17:30:00,Building_A_Lecture,219.8,8.94,0.881,1.73
2026-06-13 17:45:00,Building_A_Lecture,229.98,7.87,0.881,1.595
2026-06-13 18:00:00,Building_A_Lecture,230.45,8.52,0.869,1.706
2026-06-13 18:15:00,Building_A_Lecture,229.18,8.89,0.924,1.881
2026-06-13 18:30:00,Building_A_Lecture,229.2,6.97,0.879,1.403
2026-06-13 18:45:00,Building_A_Lecture,237.75,8.4,0.885,1.768
2026-06-13 19:00:00,Building_A_Lecture,226.71,7.8,0.883,1.561
2026-06-13 19:15:00,Building_A_Lecture,227.58,7.49,0.894,1.523
2026-06-13 19:30:00,Building_A_Lecture,229.45,8.46,0.861,1.671
2026-06-13 19:45:00,Building_A_Lecture,225.68,9.07,0.889,1.818
2026-06-13 20:00:00,Building_A_Lecture,226.31,8.31,0.891,1.675
2026-06-13 20:15:00,Building_A_Lecture,233.61,7.38,0.912,1.573
2026-06-13 20:30:00,Building_A_Lecture,227.98,7.85,0.907,1.624
2026-06-13 20:45:00,Building_A_Lecture,227.64,7.55,0.865,1.487
2026-06-13 21:00:00,Building_A_Lecture,228.31,7.08,0.881,1.424
2026-06-13 21:15:00,Building_A_Lecture,228.97,8.16,0.881,1.645
2026-06-13 21:30:00,Building_A_Lecture,234.45,8.33,0.877,1.712
2026-06-13 21:45:00,Building_A_Lecture,234.5,7.7,0.866,1.564
2026-06-13 22:00:00,Building_A_Lecture,229.55,8.37,0.902,1.734
2026-06-13 22:15:00,Building_A_Lecture,231.72,7.69,0.89,1.585
2026-06-13 22:30:00,Building_A_Lecture,231.25,8.26,0.877,1.675
2026-06-13 22:45:00,Building_A_Lecture,230.44,7.98,0.853,1.568
2026-06-13 23:00:00,Building_A_Lecture,230.39,8.46,0.894,1.743
2026-06-13 23:15:00,Building_A_Lecture,222.88,8.33,0.917,1.702
2026-06-13 23:30:00,Building_A_Lecture,228.29,8.13,0.908,1.686
2026-06-13 23:45:00,Building_A_Lecture,231.42,8.01,0.857,1.59
2026-06-14 00:00:00,Building_A_Lecture,233.35,8.19,0.86,1.642
2026-06-14 00:15:00,Building_A_Lecture,232.69,8.02,0.864,1.613
2026-06-14 00:30:00,Building_A_Lecture,231.45,8.0,0.909,1.683
2026-06-14 00:45:00,Building_A_Lecture,237.0,7.82,0.918,1.702
2026-06-14 01:00:00,Building_A_Lecture,229.1,8.71,0.867,1.73
2026-06-14 01:15:00,Building_A_Lecture,231.37,7.74,0.865,1.549
2026-06-14 01:30:00,Building_A_Lecture,234.48,7.04,0.87,1.436
2026-06-14 01:45:00,Building_A_Lecture,232.73,8.46,0.854,1.682
2026-06-14 02:00:00,Building_A_Lecture,230.87,7.36,0.857,1.457
2026-06-14 02:15:00,Building_A_Lecture,228.59,7.84,0.883,1.582
2026-06-14 02:30:00,Building_A_Lecture,230.07,8.41,0.828,1.602
2026-06-14 02:45:00,Building_A_Lecture,218.54,8.5,0.857,1.592
2026-06-14 03:00:00,Building_A_Lecture,231.02,8.18,0.842,1.59
2026-06-14 03:15:00,Building_A_Lecture,224.73,7.37,0.889,1.474
2026-06-14 03:30:00,Building_A_Lecture,229.4,6.66,0.88,1.345
2026-06-14 03:45:00,Building_A_Lecture,226.9,7.74,0.868,1.525
2026-06-14 04:00:00,Building_A_Lecture,223.18,8.31,0.834,1.546
2026-06-14 04:15:00,Building_A_Lecture,229.65,8.47,0.881,1.714
2026-06-14 04:30:00,Building_A_Lecture,224.41,7.83,0.863,1.517
2026-06-14 04:45:00,Building_A_Lecture,229.8,8.42,0.867,1.677
2026-06-14 05:00:00,Building_A_Lecture,223.3,8.48,0.887,1.68
2026-06-14 05:15:00,Building_A_Lecture,228.76,7.49,0.888,1.521
2026-06-14 05:30:00,Building_A_Lecture,226.94,8.85,0.884,1.774
2026-06-14 05:45:00,Building_A_Lecture,229.9,7.82,0.851,1.531
2026-06-14 06:00:00,Building_A_Lecture,230.84,7.96,0.879,1.614
2026-06-14 06:15:00,Building_A_Lecture,233.52,9.28,0.894,1.937
2026-06-14 06:30:00,Building_A_Lecture,225.85,10.11,0.874,1.996
2026-06-14 06:45:00,Building_A_Lecture,227.16,10.67,0.85,2.059
2026-06-14 07:00:00,Building_A_Lecture,227.71,12.05,0.834,2.287
2026-06-14 07:15:00,Building_A_Lecture,229.31,11.64,0.835,2.228
2026-06-14 07:30:00,Building_A_Lecture,231.86,13.39,0.797,2.475
2026-06-14 07:45:00,Building_A_Lecture,231.04,12.36,0.855,2.443
2026-06-14 08:00:00,Building_A_Lecture,238.92,10.7,0.869,2.223
2026-06-14 08:15:00,Building_A_Lecture,227.77,14.34,0.836,2.728
2026-06-14 08:30:00,Building_A_Lecture,233.32,15.79,0.827,3.047
2026-06-14 08:45:00,Building_A_Lecture,226.34,15.15,0.812,2.785
2026-06-14 09:00:00,Building_A_Lecture,224.1,15.75,0.829,2.926
2026-06-14 09:15:00,Building_A_Lecture,228.13,16.3,0.824,3.065
2026-06-14 09:30:00,Building_A_Lecture,234.76,20.94,0.765,3.764
2026-06-14 09:45:00,Building_A_Lecture,233.04,17.55,0.779,3.187
2026-06-14 10:00:00,Building_A_Lecture,233.39,16.65,0.839,3.26
2026-06-14 10:15:00,Building_A_Lecture,230.6,19.93,0.805,3.699
2026-06-14 10:30:00,Building_A_Lecture,228.34,19.18,0.787,3.445
2026-06-14 10:45:00,Building_A_Lecture,227.57,20.89,0.796,3.784
2026-06-14 11:00:00,Building_A_Lecture,225.73,17.49,0.802,3.166
2026-06-14 11:15:00,Building_A_Lecture,229.11,18.7,0.786,3.367
2026-06-14 11:30:00,Building_A_Lecture,232.11,20.03,0.789,3.666
2026-06-14 11:45:00,Building_A_Lecture,231.33,17.52,0.804,3.26
2026-06-14 12:00:00,Building_A_Lecture,225.96,18.34,0.813,3.37
2026-06-14 12:15:00,Building_A_Lecture,234.66,17.82,0.774,3.236
2026-06-14 12:30:00,Building_A_Lecture,230.74,17.07,0.837,3.299
2026-06-14 12:45:00,Building_A_Lecture,233.12,18.32,0.815,3.481
2026-06-14 13:00:00,Building_A_Lecture,231.07,21.21,0.8,3.923
2026-06-14 13:15:00,Building_A_Lecture,232.28,20.61,0.81,3.878
2026-06-14 13:30:00,Building_A_Lecture,229.5,16.37,0.843,3.166
2026-06-14 13:45:00,Building_A_Lecture,233.39,14.81,0.841,2.906
2026-06-14 14:00:00,Building_A_Lecture,234.3,17.62,0.832,3.435
2026-06-14 14:15:00,Building_A_Lecture,237.72,15.3,0.852,3.099
2026-06-14 14:30:00,Building_A_Lecture,225.33,15.81,0.817,2.91
2026-06-14 14:45:00,Building_A_Lecture,235.35,16.91,0.825,3.282
2026-06-14 15:00:00,Building_A_Lecture,225.14,16.26,0.818,2.994
2026-06-14 15:15:00,Building_A_Lecture,226.03,16.62,0.816,3.066
2026-06-14 15:30:00,Building_A_Lecture,231.08,14.61,0.819,2.767
2026-06-14 15:45:00,Building_A_Lecture,233.62,13.9,0.824,2.674
2026-06-14 16:00:00,Building_A_Lecture,229.72,15.21,0.808,2.824
2026-06-14 16:15:00,Building_A_Lecture,231.54,10.76,0.813,2.026
2026-06-14 16:30:00,Building_A_Lecture,222.23,12.63,0.822,2.307
2026-06-14 16:45:00,Building_A_Lecture,230.51,12.39,0.853,2.436
2026-06-14 17:00:00,Building_A_Lecture,230.24,10.68,0.863,2.121
2026-06-14 17:15:00,Building_A_Lecture,227.66,12.11,0.845,2.329
2026-06-14 17:30:00,Building_A_Lecture,231.98,9.36,0.854,1.856
2026-06-14 17:45:00,Building_A_Lecture,231.09,8.69,0.908,1.823
2026-06-14 18:00:00,Building_A_Lecture,227.03,8.52,0.865,1.672
2026-06-14 18:15:00,Building_A_Lecture,226.57,7.71,0.862,1.506
2026-06-14 18:30:00,Building_A_Lecture,231.71,8.67,0.858,1.723
2026-06-14 18:45:00,Building_A_Lecture,230.2,7.91,0.883,1.608
2026-06-14 19:00:00,Building_A_Lecture,229.17,8.01,0.878,1.611
2026-06-14 19:15:00,Building_A_Lecture,230.15,7.67,0.889,1.569
2026-06-14 19:30:00,Building_A_Lecture,231.39,8.1,0.875,1.64
2026-06-14 19:45:00,Building_A_Lecture,221.35,7.53,0.846,1.41
2026-06-14 20:00:00,Building_A_Lecture,228.46,7.34,0.907,1.521
2026-06-14 20:15:00,Building_A_Lecture,231.78,8.01,0.873,1.62
2026-06-14 20:30:00,Building_A_Lecture,231.88,8.47,0.888,1.743
2026-06-14 20:45:00,Building_A_Lecture,229.1,9.53,0.834,1.822
2026-06-14 21:00:00,Building_A_Lecture,231.34,9.04,0.88,1.84
2026-06-14 21:15:00,Building_A_Lecture,235.28,6.92,0.873,1.422
2026-06-14 21:30:00,Building_A_Lecture,229.92,6.67,0.908,1.393
2026-06-14 21:45:00,Building_A_Lecture,229.22,7.88,0.883,1.595
2026-06-14 22:00:00,Building_A_Lecture,226.07,7.22,0.896,1.463
2026-06-14 22:15:00,Building_A_Lecture,233.29,8.01,0.869,1.624
2026-06-14 22:30:00,Building_A_Lecture,225.31,7.79,0.893,1.566
2026-06-14 22:45:00,Building_A_Lecture,231.07,7.87,0.878,1.596
2026-06-14 23:00:00,Building_A_Lecture,229.23,7.25,0.894,1.485
2026-06-14 23:15:00,Building_A_Lecture,235.4,7.0,0.885,1.459
2026-06-14 23:30:00,Building_A_Lecture,230.48,7.36,0.883,1.498
2026-06-14 23:45:00,Building_A_Lecture,230.3,7.32,0.873,1.47
2026-06-15 00:00:00,Building_A_Lecture,231.77,40.22,0.878,8.188
2026-06-15 00:15:00,Building_A_Lecture,229.03,38.98,0.883,7.883
2026-06-15 00:30:00,Building_A_Lecture,228.79,39.2,0.895,8.025
2026-06-15 00:45:00,Building_A_Lecture,227.9,40.32,0.874,8.035
2026-06-15 01:00:00,Building_A_Lecture,231.76,42.2,0.877,8.579
2026-06-15 01:15:00,Building_A_Lecture,232.82,39.44,0.878,8.062
2026-06-15 01:30:00,Building_A_Lecture,238.89,38.49,0.878,8.072
2026-06-15 01:45:00,Building_A_Lecture,223.36,45.87,0.897,9.19
2026-06-15 02:00:00,Building_A_Lecture,228.47,41.83,0.877,8.385
2026-06-15 02:15:00,Building_A_Lecture,232.14,39.93,0.878,8.142
2026-06-15 02:30:00,Building_A_Lecture,230.34,44.11,0.885,8.989
2026-06-15 02:45:00,Building_A_Lecture,231.49,45.58,0.875,9.235
2026-06-15 03:00:00,Building_A_Lecture,232.55,40.35,0.861,8.078
2026-06-15 03:15:00,Building_A_Lecture,233.7,45.0,0.882,9.278
2026-06-15 03:30:00,Building_A_Lecture,229.26,42.81,0.892,8.757
2026-06-15 03:45:00,Building_A_Lecture,231.47,37.61,0.881,7.671
2026-06-15 04:00:00,Building_A_Lecture,240.21,39.17,0.872,8.209
2026-06-15 04:15:00,Building_A_Lecture,232.28,45.51,0.848,8.966
2026-06-15 04:30:00,Building_A_Lecture,226.05,38.82,0.886,7.775
2026-06-15 04:45:00,Building_A_Lecture,226.5,44.73,0.83,8.405
2026-06-15 05:00:00,Building_A_Lecture,230.05,40.88,0.882,8.292
2026-06-15 05:15:00,Building_A_Lecture,225.12,42.45,0.9,8.599
2026-06-15 05:30:00,Building_A_Lecture,230.75,46.33,0.86,9.192
2026-06-15 05:45:00,Building_A_Lecture,235.04,38.19,0.86,7.719
2026-06-15 06:00:00,Building_A_Lecture,233.24,40.72,0.874,8.299
2026-06-15 06:15:00,Building_A_Lecture,238.53,11.25,0.821,2.203
2026-06-15 06:30:00,Building_A_Lecture,226.41,14.09,0.837,2.671
2026-06-15 06:45:00,Building_A_Lecture,230.21,16.1,0.838,3.106
2026-06-15 07:00:00,Building_A_Lecture,231.02,17.02,0.806,3.171
2026-06-15 07:15:00,Building_A_Lecture,221.85,19.94,0.786,3.475
2026-06-15 07:30:00,Building_A_Lecture,240.27,22.75,0.757,4.138
2026-06-15 07:45:00,Building_A_Lecture,228.34,25.23,0.772,4.45
2026-06-15 08:00:00,Building_A_Lecture,226.3,30.39,0.75,5.158
2026-06-15 08:15:00,Building_A_Lecture,231.37,33.61,0.75,5.832
2026-06-15 08:30:00,Building_A_Lecture,229.64,29.87,0.75,5.144
2026-06-15 08:45:00,Building_A_Lecture,235.1,32.33,0.75,5.7
2026-06-15 09:00:00,Building_A_Lecture,232.87,35.56,0.75,6.21
2026-06-15 09:15:00,Building_A_Lecture,232.86,34.67,0.75,6.055
2026-06-15 09:30:00,Building_A_Lecture,227.14,35.34,0.75,6.02
2026-06-15 09:45:00,Building_A_Lecture,223.96,40.66,0.75,6.83
2026-06-15 10:00:00,Building_A_Lecture,230.95,37.64,0.75,6.52
2026-06-15 10:15:00,Building_A_Lecture,231.62,39.01,0.75,6.777
2026-06-15 10:30:00,Building_A_Lecture,225.32,39.25,0.75,6.633
2026-06-15 10:45:00,Building_A_Lecture,231.31,50.32,0.75,8.729
2026-06-15 11:00:00,Building_A_Lecture,224.85,42.42,0.75,7.154
2026-06-15 11:15:00,Building_A_Lecture,226.22,46.69,0.75,7.921
2026-06-15 11:30:00,Building_A_Lecture,225.74,49.54,0.75,8.387
2026-06-15 11:45:00,Building_A_Lecture,223.96,47.07,0.75,7.907
2026-06-15 12:00:00,Building_A_Lecture,234.63,50.01,0.75,8.801
2026-06-15 12:15:00,Building_A_Lecture,231.97,52.16,0.75,9.074
2026-06-15 12:30:00,Building_A_Lecture,229.1,41.18,0.75,7.075
2026-06-15 12:45:00,Building_A_Lecture,228.79,38.97,0.75,6.687
2026-06-15 13:00:00,Building_A_Lecture,229.05,41.13,0.75,7.065
2026-06-15 13:15:00,Building_A_Lecture,227.7,42.14,0.75,7.197
2026-06-15 13:30:00,Building_A_Lecture,229.32,46.81,0.75,8.051
2026-06-15 13:45:00,Building_A_Lecture,230.33,43.34,0.75,7.487
2026-06-15 14:00:00,Building_A_Lecture,230.69,36.95,0.75,6.393
2026-06-15 14:15:00,Building_A_Lecture,227.56,33.77,0.75,5.764
2026-06-15 14:30:00,Building_A_Lecture,230.9,38.96,0.75,6.747
2026-06-15 14:45:00,Building_A_Lecture,226.58,32.94,0.75,5.597
2026-06-15 15:00:00,Building_A_Lecture,228.78,33.34,0.75,5.721
2026-06-15 15:15:00,Building_A_Lecture,233.2,33.27,0.75,5.819
2026-06-15 15:30:00,Building_A_Lecture,228.85,27.58,0.78,4.921
2026-06-15 15:45:00,Building_A_Lecture,228.3,28.19,0.754,4.856
2026-06-15 16:00:00,Building_A_Lecture,232.15,18.91,0.811,3.562
2026-06-15 16:15:00,Building_A_Lecture,231.24,25.16,0.788,4.583
2026-06-15 16:30:00,Building_A_Lecture,224.29,22.51,0.762,3.846
2026-06-15 16:45:00,Building_A_Lecture,228.98,18.89,0.79,3.419
2026-06-15 17:00:00,Building_A_Lecture,229.33,17.64,0.782,3.165
2026-06-15 17:15:00,Building_A_Lecture,232.81,16.0,0.787,2.93
2026-06-15 17:30:00,Building_A_Lecture,226.16,11.99,0.849,2.302
2026-06-15 17:45:00,Building_A_Lecture,236.49,10.29,0.87,2.118
2026-06-15 18:00:00,Building_A_Lecture,232.13,40.53,0.865,8.143
2026-06-15 18:15:00,Building_A_Lecture,232.4,42.06,0.876,8.566
2026-06-15 18:30:00,Building_A_Lecture,234.73,38.67,0.85,7.718
2026-06-15 18:45:00,Building_A_Lecture,233.82,43.14,0.856,8.639
2026-06-15 19:00:00,Building_A_Lecture,223.38,39.03,0.884,7.707
2026-06-15 19:15:00,Building_A_Lecture,230.01,42.52,0.89,8.706
2026-06-15 19:30:00,Building_A_Lecture,229.28,40.68,0.902,8.415
2026-06-15 19:45:00,Building_A_Lecture,233.07,40.41,0.863,8.134
2026-06-15 20:00:00,Building_A_Lecture,228.0,42.08,0.858,8.229
2026-06-15 20:15:00,Building_A_Lecture,229.4,38.36,0.834,7.335
2026-06-15 20:30:00,Building_A_Lecture,230.37,43.72,0.872,8.778
2026-06-15 20:45:00,Building_A_Lecture,220.88,40.26,0.869,7.725
2026-06-15 21:00:00,Building_A_Lecture,232.64,38.63,0.876,7.874
2026-06-15 21:15:00,Building_A_Lecture,237.0,41.75,0.892,8.824
2026-06-15 21:30:00,Building_A_Lecture,233.42,40.43,0.907,8.556
2026-06-15 21:45:00,Building_A_Lecture,223.07,41.97,0.872,8.168
2026-06-15 22:00:00,Building_A_Lecture,231.03,41.18,0.875,8.324
2026-06-15 22:15:00,Building_A_Lecture,228.14,43.03,0.884,8.677
2026-06-15 22:30:00,Building_A_Lecture,229.41,41.54,0.911,8.678
2026-06-15 22:45:00,Building_A_Lecture,232.17,44.96,0.834,8.707
2026-06-15 23:00:00,Building_A_Lecture,221.65,42.34,0.887,8.325
2026-06-15 23:15:00,Building_A_Lecture,234.93,38.47,0.851,7.688
2026-06-15 23:30:00,Building_A_Lecture,229.55,36.51,0.864,7.244
2026-06-15 23:45:00,Building_A_Lecture,231.79,43.84,0.882,8.965
2026-06-16 00:00:00,Building_A_Lecture,228.31,39.37,0.893,8.029
2026-06-16 00:15:00,Building_A_Lecture,227.25,46.5,0.872,9.212
2026-06-16 00:30:00,Building_A_Lecture,234.18,43.26,0.843,8.537
2026-06-16 00:45:00,Building_A_Lecture,232.15,40.33,0.829,7.761
2026-06-16 01:00:00,Building_A_Lecture,227.0,44.8,0.868,8.824
2026-06-16 01:15:00,Building_A_Lecture,229.23,42.83,0.864,8.48
2026-06-16 01:30:00,Building_A_Lecture,229.44,39.36,0.92,8.306
2026-06-16 01:45:00,Building_A_Lecture,232.27,38.66,0.846,7.593
2026-06-16 02:00:00,Building_A_Lecture,228.72,47.09,0.834,8.984
2026-06-16 02:15:00,Building_A_Lecture,235.74,45.63,0.851,9.154
2026-06-16 02:30:00,Building_A_Lecture,229.78,42.19,0.851,8.248
2026-06-16 02:45:00,Building_A_Lecture,223.56,42.52,0.81,7.699
2026-06-16 03:00:00,Building_A_Lecture,230.11,44.72,0.892,9.175
2026-06-16 03:15:00,Building_A_Lecture,228.5,38.96,0.876,7.794
2026-06-16 03:30:00,Building_A_Lecture,226.57,40.33,0.838,7.653
2026-06-16 03:45:00,Building_A_Lecture,231.04,44.1,0.85,8.664
2026-06-16 04:00:00,Building_A_Lecture,234.09,40.39,0.853,8.069
2026-06-16 04:15:00,Building_A_Lecture,224.68,42.56,0.907,8.676
2026-06-16 04:30:00,Building_A_Lecture,233.94,43.02,0.84,8.451
2026-06-16 04:45:00,Building_A_Lecture,224.95,43.22,0.892,8.667
2026-06-16 05:00:00,Building_A_Lecture,231.47,38.82,0.882,7.93
2026-06-16 05:15:00,Building_A_Lecture,230.64,44.14,0.87,8.858
2026-06-16 05:30:00,Building_A_Lecture,233.64,40.72,0.878,8.352
2026-06-16 05:45:00,Building_A_Lecture,226.72,41.79,0.864,8.185
2026-06-16 06:00:00,Building_A_Lecture,226.71,46.29,0.885,9.292
2026-06-16 06:15:00,Building_A_Lecture,235.21,10.34,0.883,2.148
2026-06-16 06:30:00,Building_A_Lecture,233.03,12.07,0.853,2.398
2026-06-16 06:45:00,Building_A_Lecture,228.96,15.58,0.797,2.843
2026-06-16 07:00:00,Building_A_Lecture,230.81,17.1,0.832,3.282
2026-06-16 07:15:00,Building_A_Lecture,223.25,19.0,0.795,3.374
2026-06-16 07:30:00,Building_A_Lecture,235.49,21.08,0.818,4.063
2026-06-16 07:45:00,Building_A_Lecture,224.11,26.19,0.75,4.403
2026-06-16 08:00:00,Building_A_Lecture,229.84,28.64,0.767,5.047
2026-06-16 08:15:00,Building_A_Lecture,230.87,27.02,0.75,4.679
2026-06-16 08:30:00,Building_A_Lecture,224.83,30.54,0.75,5.15
2026-06-16 08:45:00,Building_A_Lecture,227.45,28.67,0.753,4.913
2026-06-16 09:00:00,Building_A_Lecture,234.67,29.43,0.784,5.413
2026-06-16 09:15:00,Building_A_Lecture,234.49,35.95,0.75,6.323
2026-06-16 09:30:00,Building_A_Lecture,234.71,37.89,0.75,6.67
2026-06-16 09:45:00,Building_A_Lecture,229.48,37.22,0.75,6.406
2026-06-16 10:00:00,Building_A_Lecture,230.17,36.82,0.75,6.356
2026-06-16 10:15:00,Building_A_Lecture,229.26,36.26,0.75,6.235
2026-06-16 10:30:00,Building_A_Lecture,223.89,42.41,0.75,7.122
2026-06-16 10:45:00,Building_A_Lecture,231.0,39.43,0.75,6.831
2026-06-16 11:00:00,Building_A_Lecture,227.39,42.34,0.75,7.221
2026-06-16 11:15:00,Building_A_Lecture,227.93,46.46,0.75,7.942
2026-06-16 11:30:00,Building_A_Lecture,222.7,43.46,0.75,7.258
2026-06-16 11:45:00,Building_A_Lecture,234.48,45.99,0.75,8.089
2026-06-16 12:00:00,Building_A_Lecture,226.37,45.31,0.75,7.693
2026-06-16 12:15:00,Building_A_Lecture,231.27,46.35,0.75,8.04
2026-06-16 12:30:00,Building_A_Lecture,229.08,46.29,0.75,7.954
2026-06-16 12:45:00,Building_A_Lecture,224.32,37.54,0.75,6.316
2026-06-16 13:00:00,Building_A_Lecture,225.75,42.17,0.75,7.14
2026-06-16 13:15:00,Building_A_Lecture,230.36,42.24,0.75,7.298
2026-06-16 13:30:00,Building_A_Lecture,229.33,45.64,0.75,7.849
2026-06-16 13:45:00,Building_A_Lecture,234.53,40.26,0.75,7.081
2026-06-16 14:00:00,Building_A_Lecture,226.53,41.13,0.75,6.987
2026-06-16 14:15:00,Building_A_Lecture,230.4,34.22,0.75,5.913
2026-06-16 14:30:00,Building_A_Lecture,230.71,36.21,0.75,6.265
2026-06-16 14:45:00,Building_A_Lecture,222.06,33.02,0.75,5.499
2026-06-16 15:00:00,Building_A_Lecture,226.35,33.63,0.75,5.709
2026-06-16 15:15:00,Building_A_Lecture,233.38,31.54,0.75,5.52
2026-06-16 15:30:00,Building_A_Lecture,231.81,30.6,0.75,5.319
2026-06-16 15:45:00,Building_A_Lecture,227.45,25.35,0.801,4.615
2026-06-16 16:00:00,Building_A_Lecture,224.32,26.93,0.788,4.762
2026-06-16 16:15:00,Building_A_Lecture,227.99,24.04,0.757,4.152
2026-06-16 16:30:00,Building_A_Lecture,225.44,22.71,0.788,4.032
2026-06-16 16:45:00,Building_A_Lecture,222.35,19.33,0.807,3.466
2026-06-16 17:00:00,Building_A_Lecture,237.34,18.22,0.806,3.484
2026-06-16 17:15:00,Building_A_Lecture,239.86,15.94,0.776,2.966
2026-06-16 17:30:00,Building_A_Lecture,221.23,11.16,0.862,2.127
2026-06-16 17:45:00,Building_A_Lecture,229.98,10.54,0.848,2.055
2026-06-16 18:00:00,Building_A_Lecture,227.73,41.4,0.88,8.301
2026-06-16 18:15:00,Building_A_Lecture,222.39,44.98,0.867,8.674
2026-06-16 18:30:00,Building_A_Lecture,229.19,45.6,0.887,9.273
2026-06-16 18:45:00,Building_A_Lecture,230.91,39.95,0.882,8.134
2026-06-16 19:00:00,Building_A_Lecture,230.62,41.34,0.855,8.152
2026-06-16 19:15:00,Building_A_Lecture,232.09,41.3,0.856,8.204
2026-06-16 19:30:00,Building_A_Lecture,224.14,42.09,0.877,8.273
2026-06-16 19:45:00,Building_A_Lecture,231.02,43.67,0.89,8.983
2026-06-16 20:00:00,Building_A_Lecture,228.53,45.61,0.838,8.733
2026-06-16 20:15:00,Building_A_Lecture,226.13,46.66,0.845,8.914
2026-06-16 20:30:00,Building_A_Lecture,228.09,39.51,0.932,8.401
2026-06-16 20:45:00,Building_A_Lecture,232.2,45.93,0.862,9.197
2026-06-16 21:00:00,Building_A_Lecture,228.19,40.42,0.88,8.118
2026-06-16 21:15:00,Building_A_Lecture,233.36,41.55,0.854,8.285
2026-06-16 21:30:00,Building_A_Lecture,227.56,41.03,0.866,8.09
2026-06-16 21:45:00,Building_A_Lecture,234.3,46.42,0.892,9.704
2026-06-16 22:00:00,Building_A_Lecture,231.12,45.48,0.832,8.747
2026-06-16 22:15:00,Building_A_Lecture,230.96,40.79,0.845,7.958
2026-06-16 22:30:00,Building_A_Lecture,228.77,43.79,0.882,8.833
2026-06-16 22:45:00,Building_A_Lecture,228.67,45.93,0.896,9.408
2026-06-16 23:00:00,Building_A_Lecture,233.82,35.69,0.875,7.304
2026-06-16 23:15:00,Building_A_Lecture,227.64,39.26,0.881,7.877
2026-06-16 23:30:00,Building_A_Lecture,226.85,41.78,0.88,8.338
2026-06-16 23:45:00,Building_A_Lecture,230.33,39.4,0.844,7.66
2026-06-17 00:00:00,Building_A_Lecture,226.15,42.4,0.899,8.621
2026-06-17 00:15:00,Building_A_Lecture,226.28,43.52,0.874,8.603
2026-06-17 00:30:00,Building_A_Lecture,230.58,43.01,0.897,8.9
2026-06-17 00:45:00,Building_A_Lecture,227.63,40.66,0.87,8.055
2026-06-17 01:00:00,Building_A_Lecture,231.55,38.05,0.894,7.877
2026-06-17 01:15:00,Building_A_Lecture,232.48,41.49,0.861,8.303
2026-06-17 01:30:00,Building_A_Lecture,224.59,44.08,0.887,8.777
2026-06-17 01:45:00,Building_A_Lecture,223.99,40.93,0.857,7.854
2026-06-17 02:00:00,Building_A_Lecture,230.09,44.02,0.862,8.729
2026-06-17 02:15:00,Building_A_Lecture,230.41,39.56,0.91,8.297
2026-06-17 02:30:00,Building_A_Lecture,237.37,38.56,0.881,8.062
2026-06-17 02:45:00,Building_A_Lecture,232.78,42.82,0.859,8.558
2026-06-17 03:00:00,Building_A_Lecture,230.0,36.62,0.886,7.463
2026-06-17 03:15:00,Building_A_Lecture,225.79,42.58,0.884,8.504
2026-06-17 03:30:00,Building_A_Lecture,235.68,42.98,0.921,9.327
2026-06-17 03:45:00,Building_A_Lecture,236.11,43.88,0.886,9.18
2026-06-17 04:00:00,Building_A_Lecture,231.82,42.43,0.898,8.834
2026-06-17 04:15:00,Building_A_Lecture,231.96,44.86,0.851,8.856
2026-06-17 04:30:00,Building_A_Lecture,228.08,44.09,0.876,8.814
2026-06-17 04:45:00,Building_A_Lecture,228.08,41.53,0.907,8.589
2026-06-17 05:00:00,Building_A_Lecture,226.99,42.49,0.918,8.855
2026-06-17 05:15:00,Building_A_Lecture,229.53,46.15,0.871,9.229
2026-06-17 05:30:00,Building_A_Lecture,230.41,38.23,0.899,7.924
2026-06-17 05:45:00,Building_A_Lecture,228.55,37.24,0.863,7.343
2026-06-17 06:00:00,Building_A_Lecture,226.88,42.17,0.846,8.095
2026-06-17 06:15:00,Building_A_Lecture,230.54,9.82,0.876,1.985
2026-06-17 06:30:00,Building_A_Lecture,233.34,13.58,0.864,2.737
2026-06-17 06:45:00,Building_A_Lecture,230.38,14.79,0.857,2.921
2026-06-17 07:00:00,Building_A_Lecture,225.29,18.37,0.79,3.271
2026-06-17 07:15:00,Building_A_Lecture,231.37,21.09,0.813,3.967
2026-06-17 07:30:00,Building_A_Lecture,230.26,20.93,0.811,3.909
2026-06-17 07:45:00,Building_A_Lecture,231.68,27.36,0.794,5.034
2026-06-17 08:00:00,Building_A_Lecture,230.63,27.78,0.75,4.805
2026-06-17 08:15:00,Building_A_Lecture,226.17,25.99,0.75,4.408
2026-06-17 08:30:00,Building_A_Lecture,230.65,31.83,0.75,5.506
2026-06-17 08:45:00,Building_A_Lecture,234.56,29.62,0.75,5.21
2026-06-17 09:00:00,Building_A_Lecture,235.42,37.66,0.75,6.65
2026-06-17 09:15:00,Building_A_Lecture,227.7,32.1,0.75,5.482
2026-06-17 09:30:00,Building_A_Lecture,230.92,37.07,0.75,6.421
2026-06-17 09:45:00,Building_A_Lecture,230.86,40.0,0.75,6.926
2026-06-17 10:00:00,Building_A_Lecture,499.12,39.65,0.75,14.843
2026-06-17 10:15:00,Building_A_Lecture,227.49,41.95,0.75,7.158
2026-06-17 10:30:00,Building_A_Lecture,231.78,42.96,0.75,7.468
2026-06-17 10:45:00,Building_A_Lecture,226.99,51.09,0.75,8.697
2026-06-17 11:00:00,Building_A_Lecture,226.66,41.2,0.75,7.003
2026-06-17 11:15:00,Building_A_Lecture,226.39,43.56,0.75,7.395
2026-06-17 11:30:00,Building_A_Lecture,231.62,41.69,0.75,7.242
2026-06-17 11:45:00,Building_A_Lecture,227.28,50.42,0.75,8.595
2026-06-17 12:00:00,Building_A_Lecture,227.12,50.39,0.75,8.584
2026-06-17 12:15:00,Building_A_Lecture,230.12,51.64,0.75,8.912
2026-06-17 12:30:00,Building_A_Lecture,230.1,40.58,0.75,7.004
2026-06-17 12:45:00,Building_A_Lecture,229.84,42.57,0.75,7.339
2026-06-17 13:00:00,Building_A_Lecture,234.65,46.13,0.75,8.118
2026-06-17 13:15:00,Building_A_Lecture,226.91,49.55,0.75,8.433
2026-06-17 13:30:00,Building_A_Lecture,227.49,39.25,0.75,6.696
2026-06-17 13:45:00,Building_A_Lecture,231.57,43.57,0.75,7.567
2026-06-17 14:00:00,Building_A_Lecture,224.13,37.1,0.75,6.237
2026-06-17 14:15:00,Building_A_Lecture,233.05,39.21,0.75,6.853
2026-06-17 14:30:00,Building_A_Lecture,228.73,32.77,0.75,5.622
2026-06-17 14:45:00,Building_A_Lecture,231.53,35.35,0.75,6.139
2026-06-17 15:00:00,Building_A_Lecture,225.3,34.53,0.75,5.834
2026-06-17 15:15:00,Building_A_Lecture,225.76,31.99,0.75,5.416
2026-06-17 15:30:00,Building_A_Lecture,230.68,32.67,0.75,5.651
2026-06-17 15:45:00,Building_A_Lecture,227.38,28.42,0.75,4.846
2026-06-17 16:00:00,Building_A_Lecture,226.36,28.97,0.75,4.919
2026-06-17 16:15:00,Building_A_Lecture,226.23,26.48,0.75,4.492
2026-06-17 16:30:00,Building_A_Lecture,223.71,23.86,0.75,4.003
2026-06-17 16:45:00,Building_A_Lecture,228.75,19.42,0.79,3.507
2026-06-17 17:00:00,Building_A_Lecture,230.31,16.03,0.843,3.111
2026-06-17 17:15:00,Building_A_Lecture,235.54,13.8,0.83,2.698
2026-06-17 17:30:00,Building_A_Lecture,237.56,12.96,0.806,2.483
2026-06-17 17:45:00,Building_A_Lecture,225.43,10.02,0.845,1.91
2026-06-17 18:00:00,Building_A_Lecture,234.98,40.84,0.884,8.484
2026-06-17 18:15:00,Building_A_Lecture,229.7,43.3,0.927,9.216
2026-06-17 18:30:00,Building_A_Lecture,227.46,40.86,0.861,7.998
2026-06-17 18:45:00,Building_A_Lecture,229.22,-40.42,0.891,-8.252
2026-06-17 19:00:00,Building_A_Lecture,232.77,46.42,0.854,9.228
2026-06-17 19:15:00,Building_A_Lecture,227.88,43.34,0.891,8.802
2026-06-17 19:30:00,Building_A_Lecture,225.71,42.07,0.857,8.139
2026-06-17 19:45:00,Building_A_Lecture,228.65,45.47,0.837,8.704
2026-06-17 20:00:00,Building_A_Lecture,228.64,42.86,0.86,8.432
2026-06-17 20:15:00,Building_A_Lecture,229.45,40.5,0.887,8.243
2026-06-17 20:30:00,Building_A_Lecture,237.12,41.3,0.883,8.65
2026-06-17 20:45:00,Building_A_Lecture,228.73,41.77,0.89,8.507
2026-06-17 21:00:00,Building_A_Lecture,229.73,39.4,0.872,7.894
2026-06-17 21:15:00,Building_A_Lecture,225.77,42.28,0.876,8.363
2026-06-17 21:30:00,Building_A_Lecture,226.79,43.66,0.889,8.8
2026-06-17 21:45:00,Building_A_Lecture,235.07,41.4,0.875,8.512
2026-06-17 22:00:00,Building_A_Lecture,231.58,40.12,0.89,8.27
2026-06-17 22:15:00,Building_A_Lecture,228.79,41.45,0.869,8.238
2026-06-17 22:30:00,Building_A_Lecture,231.07,40.46,0.872,8.15
2026-06-17 22:45:00,Building_A_Lecture,223.18,39.97,0.895,7.985
2026-06-17 23:00:00,Building_A_Lecture,237.26,43.73,0.857,8.894
2026-06-17 23:15:00,Building_A_Lecture,238.14,44.39,0.871,9.205
2026-06-17 23:30:00,Building_A_Lecture,231.41,38.43,0.886,7.883
2026-06-17 23:45:00,Building_A_Lecture,228.19,45.48,0.891,9.248
2026-06-18 00:00:00,Building_A_Lecture,225.51,42.44,0.891,8.524
2026-06-18 00:15:00,Building_A_Lecture,232.42,42.35,0.869,8.551
2026-06-18 00:30:00,Building_A_Lecture,228.49,42.75,0.913,8.918
2026-06-18 00:45:00,Building_A_Lecture,229.5,42.08,0.876,8.458
2026-06-18 01:00:00,Building_A_Lecture,224.21,41.71,0.856,8.002
2026-06-18 01:15:00,Building_A_Lecture,225.26,36.81,0.898,7.446
2026-06-18 01:30:00,Building_A_Lecture,223.93,45.93,0.916,9.419
2026-06-18 01:45:00,Building_A_Lecture,228.21,45.48,0.893,9.265
2026-06-18 02:00:00,Building_A_Lecture,223.07,41.08,0.866,7.937
2026-06-18 02:15:00,Building_A_Lecture,233.92,41.57,0.904,8.792
2026-06-18 02:30:00,Building_A_Lecture,230.1,41.36,0.881,8.381
2026-06-18 02:45:00,Building_A_Lecture,228.2,43.1,0.88,8.653
2026-06-18 03:00:00,Building_A_Lecture,235.96,41.99,0.871,8.626
2026-06-18 03:15:00,Building_A_Lecture,224.43,39.74,0.857,7.641
2026-06-18 03:30:00,Building_A_Lecture,223.58,39.8,0.878,7.817
2026-06-18 03:45:00,Building_A_Lecture,228.72,43.3,0.885,8.77
2026-06-18 04:00:00,Building_A_Lecture,235.19,41.62,0.85,8.323
2026-06-18 04:15:00,Building_A_Lecture,223.69,42.91,0.886,8.505
2026-06-18 04:30:00,Building_A_Lecture,231.73,41.42,0.877,8.415
2026-06-18 04:45:00,Building_A_Lecture,234.56,40.62,0.877,8.357
2026-06-18 05:00:00,Building_A_Lecture,225.04,41.46,0.841,7.848
2026-06-18 05:15:00,Building_A_Lecture,224.81,42.34,0.854,8.131
2026-06-18 05:30:00,Building_A_Lecture,231.81,41.84,0.868,8.42
2026-06-18 05:45:00,Building_A_Lecture,225.16,43.96,0.889,8.796
2026-06-18 06:00:00,Building_A_Lecture,228.46,42.09,0.869,8.351
2026-06-18 06:15:00,Building_A_Lecture,229.05,11.03,0.876,2.213
2026-06-18 06:30:00,Building_A_Lecture,225.64,12.3,0.871,2.416
2026-06-18 06:45:00,Building_A_Lecture,227.56,13.78,0.841,2.636
2026-06-18 07:00:00,Building_A_Lecture,229.51,18.5,0.837,3.554
2026-06-18 07:15:00,Building_A_Lecture,227.03,18.09,0.8,3.285
2026-06-18 07:30:00,Building_A_Lecture,233.48,18.49,0.864,3.729
2026-06-18 07:45:00,Building_A_Lecture,233.63,24.95,0.75,4.371
2026-06-18 08:00:00,Building_A_Lecture,232.64,25.9,0.75,4.519
2026-06-18 08:15:00,Building_A_Lecture,232.46,30.28,0.778,5.477
2026-06-18 08:30:00,Building_A_Lecture,229.2,33.96,0.75,5.838
2026-06-18 08:45:00,Building_A_Lecture,233.35,32.89,0.75,5.757
2026-06-18 09:00:00,Building_A_Lecture,227.27,35.45,0.75,6.043
2026-06-18 09:15:00,Building_A_Lecture,231.54,33.18,0.75,5.761
2026-06-18 09:30:00,Building_A_Lecture,236.25,33.56,0.75,5.947
2026-06-18 09:45:00,Building_A_Lecture,234.44,40.64,0.75,7.145
2026-06-18 10:00:00,Building_A_Lecture,227.56,41.86,0.75,7.145
2026-06-18 10:15:00,Building_A_Lecture,227.33,35.98,0.75,6.135
2026-06-18 10:30:00,Building_A_Lecture,238.89,44.17,0.75,7.915
2026-06-18 10:45:00,Building_A_Lecture,228.78,48.89,0.75,8.389
2026-06-18 11:00:00,Building_A_Lecture,223.91,46.87,0.75,7.871
2026-06-18 11:15:00,Building_A_Lecture,230.07,48.42,0.75,8.356
2026-06-18 11:30:00,Building_A_Lecture,230.71,43.08,0.75,7.454
2026-06-18 11:45:00,Building_A_Lecture,235.39,42.55,0.75,7.511
2026-06-18 12:00:00,Building_A_Lecture,231.93,46.74,0.75,8.131
2026-06-18 12:15:00,Building_A_Lecture,228.19,41.28,0.75,7.064
2026-06-18 12:30:00,Building_A_Lecture,234.18,33.05,0.75,5.805
2026-06-18 12:45:00,Building_A_Lecture,231.37,49.84,0.75,8.648
2026-06-18 13:00:00,Building_A_Lecture,229.95,39.88,0.75,6.878
2026-06-18 13:15:00,Building_A_Lecture,229.62,45.29,0.75,7.799
2026-06-18 13:30:00,Building_A_Lecture,231.68,46.29,0.75,8.044
2026-06-18 13:45:00,Building_A_Lecture,229.92,40.07,0.75,6.91
2026-06-18 14:00:00,Building_A_Lecture,231.81,41.91,0.75,7.286
2026-06-18 14:15:00,Building_A_Lecture,237.5,39.45,0.75,7.027
2026-06-18 14:30:00,Building_A_Lecture,230.77,33.23,0.75,5.751
2026-06-18 14:45:00,Building_A_Lecture,228.99,33.05,0.75,5.677
2026-06-18 15:00:00,Building_A_Lecture,220.01,37.03,0.75,6.11
2026-06-18 15:15:00,Building_A_Lecture,226.92,36.4,0.75,6.195
2026-06-18 15:30:00,Building_A_Lecture,225.65,25.56,0.77,4.44
2026-06-18 15:45:00,Building_A_Lecture,228.23,32.1,0.75,5.494
2026-06-18 16:00:00,Building_A_Lecture,220.64,27.61,0.756,4.603
2026-06-18 16:15:00,Building_A_Lecture,229.79,22.43,0.75,3.865
2026-06-18 16:30:00,Building_A_Lecture,224.05,23.88,0.775,4.145
2026-06-18 16:45:00,Building_A_Lecture,232.39,18.64,0.825,3.573
2026-06-18 17:00:00,Building_A_Lecture,229.45,19.16,0.802,3.527
2026-06-18 17:15:00,Building_A_Lecture,233.81,15.95,0.871,3.248
2026-06-18 17:30:00,Building_A_Lecture,224.32,12.89,0.826,2.388
2026-06-18 17:45:00,Building_A_Lecture,227.71,8.64,0.831,1.637
2026-06-18 18:00:00,Building_A_Lecture,231.44,39.16,0.875,7.929
2026-06-18 18:15:00,Building_A_Lecture,227.33,41.02,0.863,8.048
2026-06-18 18:30:00,Building_A_Lecture,230.47,38.01,0.873,7.65
2026-06-18 18:45:00,Building_A_Lecture,236.29,40.33,0.864,8.235
2026-06-18 19:00:00,Building_A_Lecture,228.86,46.53,0.894,9.524
2026-06-18 19:15:00,Building_A_Lecture,228.79,42.84,0.861,8.436
2026-06-18 19:30:00,Building_A_Lecture,229.7,39.63,0.881,8.025
2026-06-18 19:45:00,Building_A_Lecture,231.05,40.42,0.894,8.348
2026-06-18 20:00:00,Building_A_Lecture,224.44,42.46,0.841,8.014
2026-06-18 20:15:00,Building_A_Lecture,226.77,41.46,0.855,8.036
2026-06-18 20:30:00,Building_A_Lecture,230.86,45.21,0.905,9.447
2026-06-18 20:45:00,Building_A_Lecture,232.72,39.76,0.873,8.08
2026-06-18 21:00:00,Building_A_Lecture,228.29,39.22,0.873,7.814
2026-06-18 21:15:00,Building_A_Lecture,230.5,39.69,0.866,7.925
2026-06-18 21:30:00,Building_A_Lecture,226.62,42.45,0.897,8.628
2026-06-18 21:45:00,Building_A_Lecture,226.22,44.82,0.894,9.068
2026-06-18 22:00:00,Building_A_Lecture,232.8,44.96,0.874,9.146
2026-06-18 22:15:00,Building_A_Lecture,225.93,42.08,0.869,8.266
2026-06-18 22:30:00,Building_A_Lecture,233.74,42.6,0.888,8.846
2026-06-18 22:45:00,Building_A_Lecture,231.0,43.15,0.831,8.286
2026-06-18 23:00:00,Building_A_Lecture,233.5,44.46,0.881,9.151
2026-06-18 23:15:00,Building_A_Lecture,233.8,35.77,0.881,7.367
2026-06-18 23:30:00,Building_A_Lecture,224.54,40.25,0.888,8.021
2026-06-18 23:45:00,Building_A_Lecture,226.91,40.3,0.872,7.978
2026-06-19 00:00:00,Building_A_Lecture,231.33,43.85,0.884,8.968
2026-06-19 00:15:00,Building_A_Lecture,226.4,41.02,0.83,7.707
2026-06-19 00:30:00,Building_A_Lecture,227.21,40.94,0.896,8.338
2026-06-19 00:45:00,Building_A_Lecture,231.81,41.55,0.871,8.386
2026-06-19 01:00:00,Building_A_Lecture,231.01,38.23,0.871,7.693
2026-06-19 01:15:00,Building_A_Lecture,231.72,42.4,0.916,9.003
2026-06-19 01:30:00,Building_A_Lecture,229.96,43.02,0.881,8.72
2026-06-19 01:45:00,Building_A_Lecture,231.45,42.71,0.928,9.177
2026-06-19 02:00:00,Building_A_Lecture,231.49,39.03,0.87,7.862
2026-06-19 02:15:00,Building_A_Lecture,232.88,42.81,0.899,8.96
2026-06-19 02:30:00,Building_A_Lecture,228.71,38.66,0.878,7.763
2026-06-19 02:45:00,Building_A_Lecture,229.07,40.95,0.89,8.349
2026-06-19 03:00:00,Building_A_Lecture,234.2,40.26,0.839,7.914
2026-06-19 03:15:00,Building_A_Lecture,234.9,45.93,0.908,9.8
2026-06-19 03:30:00,Building_A_Lecture,228.08,37.74,0.889,7.651
2026-06-19 03:45:00,Building_A_Lecture,229.56,43.74,0.862,8.656
2026-06-19 04:00:00,Building_A_Lecture,228.4,44.97,0.846,8.693
2026-06-19 04:15:00,Building_A_Lecture,230.62,38.3,0.843,7.45
2026-06-19 04:30:00,Building_A_Lecture,229.61,43.25,0.899,8.931
2026-06-19 04:45:00,Building_A_Lecture,227.91,41.97,0.844,8.069
2026-06-19 05:00:00,Building_A_Lecture,228.52,46.56,0.886,9.43
2026-06-19 05:15:00,Building_A_Lecture,225.88,37.57,0.894,7.584
2026-06-19 05:30:00,Building_A_Lecture,229.58,38.75,0.871,7.748
2026-06-19 05:45:00,Building_A_Lecture,231.53,43.19,0.868,8.681
2026-06-19 06:00:00,Building_A_Lecture,230.44,44.38,0.863,8.829
2026-06-19 06:15:00,Building_A_Lecture,223.96,10.45,0.861,2.014
2026-06-19 06:30:00,Building_A_Lecture,232.98,14.57,0.845,2.869
2026-06-19 06:45:00,Building_A_Lecture,236.46,14.21,0.874,2.937
2026-06-19 07:00:00,Building_A_Lecture,223.06,17.94,0.81,3.239
2026-06-19 07:15:00,Building_A_Lecture,225.37,19.06,0.811,3.483
2026-06-19 07:30:00,Building_A_Lecture,227.89,23.34,0.751,3.992
2026-06-19 07:45:00,Building_A_Lecture,227.43,25.44,0.754,4.365
2026-06-19 08:00:00,Building_A_Lecture,229.83,23.05,0.781,4.135
2026-06-19 08:15:00,Building_A_Lecture,227.15,28.97,0.75,4.935
2026-06-19 08:30:00,Building_A_Lecture,230.09,34.93,0.75,6.028
2026-06-19 08:45:00,Building_A_Lecture,231.57,29.17,0.75,5.066
2026-06-19 09:00:00,Building_A_Lecture,228.56,32.69,0.75,5.604
2026-06-19 09:15:00,Building_A_Lecture,224.84,35.7,0.75,6.02
2026-06-19 09:30:00,Building_A_Lecture,232.0,37.52,0.75,6.528
2026-06-19 09:45:00,Building_A_Lecture,228.75,35.15,0.75,6.031
2026-06-19 10:00:00,Building_A_Lecture,232.07,37.19,0.75,6.473
2026-06-19 10:15:00,Building_A_Lecture,234.07,38.92,0.75,6.833
2026-06-19 10:30:00,Building_A_Lecture,228.27,37.84,0.75,6.479
2026-06-19 10:45:00,Building_A_Lecture,227.79,43.92,0.75,7.504
2026-06-19 11:00:00,Building_A_Lecture,226.38,41.23,0.75,7.0
2026-06-19 11:15:00,Building_A_Lecture,226.24,44.05,0.75,7.474
2026-06-19 11:30:00,Building_A_Lecture,229.0,47.73,0.75,8.198
2026-06-19 11:45:00,Building_A_Lecture,225.45,43.38,0.75,7.334
2026-06-19 12:00:00,Building_A_Lecture,232.37,48.47,0.75,8.448
2026-06-19 12:15:00,Building_A_Lecture,233.14,38.31,0.75,6.699
2026-06-19 12:30:00,Building_A_Lecture,226.43,47.19,0.75,8.015
2026-06-19 12:45:00,Building_A_Lecture,223.86,40.75,0.75,6.842
2026-06-19 13:00:00,Building_A_Lecture,230.01,50.06,0.75,8.636
2026-06-19 13:15:00,Building_A_Lecture,230.81,46.88,0.75,8.116
2026-06-19 13:30:00,Building_A_Lecture,230.81,41.03,0.75,7.102
2026-06-19 13:45:00,Building_A_Lecture,229.73,39.28,0.75,6.768
2026-06-19 14:00:00,Building_A_Lecture,229.35,42.69,0.75,7.343
2026-06-19 14:15:00,Building_A_Lecture,234.07,44.69,0.75,7.846
2026-06-19 14:30:00,Building_A_Lecture,227.49,37.43,0.75,6.386
2026-06-19 14:45:00,Building_A_Lecture,234.58,32.05,0.75,5.639
2026-06-19 15:00:00,Building_A_Lecture,231.44,32.33,0.75,5.611
2026-06-19 15:15:00,Building_A_Lecture,229.8,32.34,0.75,5.573
2026-06-19 15:30:00,Building_A_Lecture,226.25,32.87,0.75,5.578
2026-06-19 15:45:00,Building_A_Lecture,228.15,30.31,0.75,5.187
2026-06-19 16:00:00,Building_A_Lecture,228.55,27.35,0.75,4.687
2026-06-19 16:15:00,Building_A_Lecture,229.18,25.76,0.772,4.56
2026-06-19 16:30:00,Building_A_Lecture,235.11,23.54,0.8,4.426
2026-06-19 16:45:00,Building_A_Lecture,230.11,20.36,0.812,3.803
2026-06-19 17:00:00,Building_A_Lecture,237.85,18.61,0.751,3.325
2026-06-19 17:15:00,Building_A_Lecture,224.31,17.71,0.801,3.182
2026-06-19 17:30:00,Building_A_Lecture,228.84,12.86,0.851,2.504
2026-06-19 17:45:00,Building_A_Lecture,231.13,9.46,0.84,1.835
2026-06-19 18:00:00,Building_A_Lecture,233.66,40.26,0.911,8.569
2026-06-19 18:15:00,Building_A_Lecture,224.5,36.29,0.857,6.981
2026-06-19 18:30:00,Building_A_Lecture,229.3,42.88,0.889,8.739
2026-06-19 18:45:00,Building_A_Lecture,231.61,90.94,0.844,17.783
2026-06-19 19:00:00,Building_A_Lecture,225.55,44.42,0.856,8.576
2026-06-19 19:15:00,Building_A_Lecture,228.43,35.04,0.888,7.11
2026-06-19 19:30:00,Building_A_Lecture,236.84,45.84,0.886,9.616
2026-06-19 19:45:00,Building_A_Lecture,224.56,41.67,0.887,8.304
2026-06-19 20:00:00,Building_A_Lecture,234.22,38.57,0.861,7.781
2026-06-19 20:15:00,Building_A_Lecture,234.52,41.35,0.9,8.723
2026-06-19 20:30:00,Building_A_Lecture,231.96,42.86,0.873,8.683
2026-06-19 20:45:00,Building_A_Lecture,227.91,37.31,0.849,7.222
2026-06-19 21:00:00,Building_A_Lecture,230.19,40.81,0.895,8.406
2026-06-19 21:15:00,Building_A_Lecture,225.52,41.84,0.849,8.01
2026-06-19 21:30:00,Building_A_Lecture,226.93,41.45,0.837,7.872
2026-06-19 21:45:00,Building_A_Lecture,225.6,41.89,0.895,8.456
2026-06-19 22:00:00,Building_A_Lecture,221.71,39.55,0.879,7.709
2026-06-19 22:15:00,Building_A_Lecture,223.46,39.74,0.858,7.616
2026-06-19 22:30:00,Building_A_Lecture,236.14,39.9,0.863,8.135
2026-06-19 22:45:00,Building_A_Lecture,228.96,41.79,0.841,8.044
2026-06-19 23:00:00,Building_A_Lecture,230.08,42.48,0.891,8.707
2026-06-19 23:15:00,Building_A_Lecture,232.53,40.21,0.836,7.814
2026-06-19 23:30:00,Building_A_Lecture,228.15,33.95,0.907,7.022
2026-06-19 23:45:00,Building_A_Lecture,228.24,40.83,0.875,8.154
2026-06-20 00:00:00,Building_A_Lecture,234.78,43.72,0.855,8.779
2026-06-20 00:15:00,Building_A_Lecture,227.89,36.91,0.851,7.163
2026-06-20 00:30:00,Building_A_Lecture,227.01,42.68,0.87,8.431
2026-06-20 00:45:00,Building_A_Lecture,225.84,41.94,0.917,8.684
2026-06-20 01:00:00,Building_A_Lecture,233.8,40.79,0.881,8.4
2026-06-20 01:15:00,Building_A_Lecture,234.15,40.4,0.84,7.946
2026-06-20 01:30:00,Building_A_Lecture,228.55,42.79,0.858,8.387
2026-06-20 01:45:00,Building_A_Lecture,230.71,48.27,0.88,9.802
2026-06-20 02:00:00,Building_A_Lecture,229.01,42.4,0.829,8.046
2026-06-20 02:15:00,Building_A_Lecture,237.31,41.42,0.868,8.531
2026-06-20 02:30:00,Building_A_Lecture,236.21,42.35,0.843,8.437
2026-06-20 02:45:00,Building_A_Lecture,230.5,44.19,0.91,9.268
2026-06-20 03:00:00,Building_A_Lecture,225.55,47.92,0.903,9.759
2026-06-20 03:15:00,Building_A_Lecture,236.09,37.57,0.88,7.806
2026-06-20 03:30:00,Building_A_Lecture,233.87,41.49,0.836,8.11
2026-06-20 03:45:00,Building_A_Lecture,225.5,46.1,0.863,8.972
2026-06-20 04:00:00,Building_A_Lecture,230.86,40.43,0.887,8.275
2026-06-20 04:15:00,Building_A_Lecture,231.11,40.65,0.877,8.238
2026-06-20 04:30:00,Building_A_Lecture,232.41,39.87,0.871,8.071
2026-06-20 04:45:00,Building_A_Lecture,231.02,41.97,0.907,8.794
2026-06-20 05:00:00,Building_A_Lecture,231.18,44.64,0.862,8.899
2026-06-20 05:15:00,Building_A_Lecture,231.53,42.61,0.881,8.688
2026-06-20 05:30:00,Building_A_Lecture,232.52,41.79,0.915,8.89
2026-06-20 05:45:00,Building_A_Lecture,232.64,42.01,0.873,8.532
2026-06-20 06:00:00,Building_A_Lecture,231.35,41.63,0.907,8.739
2026-06-20 06:15:00,Building_A_Lecture,231.52,44.18,0.835,8.539
2026-06-20 06:30:00,Building_A_Lecture,233.17,45.59,0.85,9.039
2026-06-20 06:45:00,Building_A_Lecture,235.9,41.8,0.859,8.474
2026-06-20 07:00:00,Building_A_Lecture,236.88,45.12,0.857,9.159
2026-06-20 07:15:00,Building_A_Lecture,229.76,41.94,0.897,8.647
2026-06-20 07:30:00,Building_A_Lecture,227.81,42.31,0.823,7.933
2026-06-20 07:45:00,Building_A_Lecture,233.6,39.13,0.832,7.605
2026-06-20 08:00:00,Building_A_Lecture,228.4,43.14,0.852,8.395
2026-06-20 08:15:00,Building_A_Lecture,234.02,41.9,0.868,8.514
2026-06-20 08:30:00,Building_A_Lecture,228.42,42.56,0.817,7.945
2026-06-20 08:45:00,Building_A_Lecture,235.13,38.87,0.828,7.567
2026-06-20 09:00:00,Building_A_Lecture,232.22,40.86,0.83,7.878
2026-06-20 09:15:00,Building_A_Lecture,232.46,41.09,0.848,8.103
2026-06-20 09:30:00,Building_A_Lecture,240.3,47.92,0.822,9.461
2026-06-20 09:45:00,Building_A_Lecture,229.05,45.03,0.793,8.179
2026-06-20 10:00:00,Building_A_Lecture,227.9,44.13,0.821,8.257
2026-06-20 10:15:00,Building_A_Lecture,225.47,45.31,0.803,8.2
2026-06-20 10:30:00,Building_A_Lecture,226.8,40.74,0.82,7.578
2026-06-20 10:45:00,Building_A_Lecture,226.93,42.68,0.809,7.831
2026-06-20 11:00:00,Building_A_Lecture,227.34,44.65,0.81,8.217
2026-06-20 11:15:00,Building_A_Lecture,228.82,40.04,0.84,7.697
2026-06-20 11:30:00,Building_A_Lecture,230.73,41.02,0.789,7.47
2026-06-20 11:45:00,Building_A_Lecture,234.22,42.94,0.825,8.298
2026-06-20 12:00:00,Building_A_Lecture,228.91,41.38,0.778,7.365
2026-06-20 12:15:00,Building_A_Lecture,231.86,42.53,0.809,7.976
2026-06-20 12:30:00,Building_A_Lecture,234.49,38.73,0.807,7.328
2026-06-20 12:45:00,Building_A_Lecture,241.47,43.42,0.818,8.58
2026-06-20 13:00:00,Building_A_Lecture,227.79,41.73,0.811,7.706
2026-06-20 13:15:00,Building_A_Lecture,233.44,43.68,0.804,8.195
2026-06-20 13:30:00,Building_A_Lecture,233.68,41.43,0.827,8.007
2026-06-20 13:45:00,Building_A_Lecture,232.22,40.07,0.808,7.518
2026-06-20 14:00:00,Building_A_Lecture,229.93,40.93,0.794,7.474
2026-06-20 14:15:00,Building_A_Lecture,231.8,39.84,0.78,7.202
2026-06-20 14:30:00,Building_A_Lecture,230.71,42.1,0.791,7.687
2026-06-20 14:45:00,Building_A_Lecture,234.07,41.8,0.849,8.307
2026-06-20 15:00:00,Building_A_Lecture,224.7,46.41,0.845,8.816
2026-06-20 15:15:00,Building_A_Lecture,237.73,43.42,0.831,8.579
2026-06-20 15:30:00,Building_A_Lecture,232.72,45.09,0.823,8.636
2026-06-20 15:45:00,Building_A_Lecture,232.08,39.44,0.819,7.498
2026-06-20 16:00:00,Building_A_Lecture,226.82,40.46,0.862,7.915
2026-06-20 16:15:00,Building_A_Lecture,226.62,40.65,0.877,8.078
2026-06-20 16:30:00,Building_A_Lecture,228.87,40.95,0.853,7.998
2026-06-20 16:45:00,Building_A_Lecture,231.29,45.22,0.866,9.056
2026-06-20 17:00:00,Building_A_Lecture,229.67,36.39,0.899,7.509
2026-06-20 17:15:00,Building_A_Lecture,232.47,41.1,0.868,8.294
2026-06-20 17:30:00,Building_A_Lecture,228.82,45.07,0.851,8.78
2026-06-20 17:45:00,Building_A_Lecture,230.08,41.69,0.824,7.905
2026-06-20 18:00:00,Building_A_Lecture,228.19,35.07,0.921,7.368
2026-06-20 18:15:00,Building_A_Lecture,230.31,43.0,0.848,8.393
2026-06-20 18:30:00,Building_A_Lecture,227.66,42.51,0.825,7.983
2026-06-20 18:45:00,Building_A_Lecture,230.56,40.0,0.856,7.89
2026-06-20 19:00:00,Building_A_Lecture,225.88,46.46,0.886,9.295
2026-06-20 19:15:00,Building_A_Lecture,224.32,43.53,0.859,8.384
2026-06-20 19:30:00,Building_A_Lecture,229.74,44.54,0.86,8.802
2026-06-20 19:45:00,Building_A_Lecture,237.09,38.87,0.861,7.931
2026-06-20 20:00:00,Building_A_Lecture,228.49,40.16,0.833,7.641
2026-06-20 20:15:00,Building_A_Lecture,229.88,45.48,0.868,9.071
2026-06-20 20:30:00,Building_A_Lecture,230.04,43.85,0.851,8.589
2026-06-20 20:45:00,Building_A_Lecture,230.73,36.34,0.86,7.213
2026-06-20 21:00:00,Building_A_Lecture,232.99,45.28,0.879,9.277
2026-06-20 21:15:00,Building_A_Lecture,229.51,45.13,0.866,8.971
2026-06-20 21:30:00,Building_A_Lecture,231.27,41.1,0.846,8.044
2026-06-20 21:45:00,Building_A_Lecture,230.18,42.95,0.911,9.008
2026-06-20 22:00:00,Building_A_Lecture,227.43,36.62,0.851,7.089
2026-06-20 22:15:00,Building_A_Lecture,229.1,40.47,0.876,8.12
2026-06-20 22:30:00,Building_A_Lecture,234.16,41.93,0.888,8.717
2026-06-20 22:45:00,Building_A_Lecture,233.12,42.93,0.892,8.926
2026-06-20 23:00:00,Building_A_Lecture,231.39,39.88,0.881,8.131
2026-06-20 23:15:00,Building_A_Lecture,229.39,40.32,0.861,7.958
2026-06-20 23:30:00,Building_A_Lecture,233.48,41.68,0.876,8.521
2026-06-20 23:45:00,Building_A_Lecture,227.76,38.89,0.885,7.841
2026-06-21 00:00:00,Building_A_Lecture,228.69,42.59,0.872,8.489
2026-06-21 00:15:00,Building_A_Lecture,228.88,44.74,0.873,8.943
2026-06-21 00:30:00,Building_A_Lecture,225.4,39.99,0.882,7.948
2026-06-21 00:45:00,Building_A_Lecture,230.38,43.62,0.848,8.522
2026-06-21 01:00:00,Building_A_Lecture,233.86,37.98,0.886,7.871
2026-06-21 01:15:00,Building_A_Lecture,232.49,41.42,0.856,8.239
2026-06-21 01:30:00,Building_A_Lecture,226.16,45.59,0.863,8.899
2026-06-21 01:45:00,Building_A_Lecture,230.05,42.25,0.869,8.447
2026-06-21 02:00:00,Building_A_Lecture,233.31,37.32,0.874,7.613
2026-06-21 02:15:00,Building_A_Lecture,226.94,36.87,0.838,7.009
2026-06-21 02:30:00,Building_A_Lecture,235.32,43.9,0.839,8.667
2026-06-21 02:45:00,Building_A_Lecture,232.0,43.75,0.893,9.062
2026-06-21 03:00:00,Building_A_Lecture,226.4,41.99,0.871,8.279
2026-06-21 03:15:00,Building_A_Lecture,225.34,40.95,0.882,8.134
2026-06-21 03:30:00,Building_A_Lecture,229.25,40.25,0.802,7.399
2026-06-21 03:45:00,Building_A_Lecture,233.28,46.49,0.896,9.714
2026-06-21 04:00:00,Building_A_Lecture,228.25,41.42,0.889,8.403
2026-06-21 04:15:00,Building_A_Lecture,229.29,43.76,0.911,9.136
2026-06-21 04:30:00,Building_A_Lecture,233.61,43.11,0.845,8.511
2026-06-21 04:45:00,Building_A_Lecture,233.55,41.51,0.886,8.59
2026-06-21 05:00:00,Building_A_Lecture,235.52,40.18,0.873,8.265
2026-06-21 05:15:00,Building_A_Lecture,232.64,43.44,0.883,8.925
2026-06-21 05:30:00,Building_A_Lecture,227.5,41.25,0.905,8.498
2026-06-21 05:45:00,Building_A_Lecture,237.7,38.13,0.841,7.621
2026-06-21 06:00:00,Building_A_Lecture,231.3,45.86,0.874,9.274
2026-06-21 06:15:00,Building_A_Lecture,230.04,41.14,0.841,7.959
2026-06-21 06:30:00,Building_A_Lecture,239.49,42.53,0.877,8.935
2026-06-21 06:45:00,Building_A_Lecture,228.79,43.6,0.853,8.512
2026-06-21 07:00:00,Building_A_Lecture,232.55,42.05,0.874,8.552
2026-06-21 07:15:00,Building_A_Lecture,228.14,43.99,0.865,8.681
2026-06-21 07:30:00,Building_A_Lecture,225.07,45.29,0.812,8.274
2026-06-21 07:45:00,Building_A_Lecture,229.9,41.7,0.811,7.77
2026-06-21 08:00:00,Building_A_Lecture,232.43,44.23,0.852,8.763
2026-06-21 08:15:00,Building_A_Lecture,232.87,42.86,0.819,8.172
2026-06-21 08:30:00,Building_A_Lecture,233.64,41.43,0.809,7.83
2026-06-21 08:45:00,Building_A_Lecture,234.23,47.55,0.8,8.914
2026-06-21 09:00:00,Building_A_Lecture,230.37,41.86,0.811,7.821
2026-06-21 09:15:00,Building_A_Lecture,223.32,42.48,0.825,7.827
2026-06-21 09:30:00,Building_A_Lecture,225.31,42.36,0.813,7.762
2026-06-21 09:45:00,Building_A_Lecture,231.58,45.55,0.806,8.497
2026-06-21 10:00:00,Building_A_Lecture,235.74,43.44,0.782,8.007
2026-06-21 10:15:00,Building_A_Lecture,232.52,40.69,0.818,7.744
2026-06-21 10:30:00,Building_A_Lecture,228.43,43.5,0.808,8.029
2026-06-21 10:45:00,Building_A_Lecture,231.03,44.34,0.787,8.066
2026-06-21 11:00:00,Building_A_Lecture,229.79,42.48,0.796,7.767
2026-06-21 11:15:00,Building_A_Lecture,233.8,39.5,0.809,7.47
2026-06-21 11:30:00,Building_A_Lecture,229.03,41.84,0.774,7.416
2026-06-21 11:45:00,Building_A_Lecture,230.98,43.62,0.827,8.333
2026-06-21 12:00:00,Building_A_Lecture,227.72,47.01,0.773,8.27
2026-06-21 12:15:00,Building_A_Lecture,225.58,39.97,0.825,7.442
2026-06-21 12:30:00,Building_A_Lecture,220.02,47.14,0.826,8.568
2026-06-21 12:45:00,Building_A_Lecture,227.6,45.18,0.792,8.149
2026-06-21 13:00:00,Building_A_Lecture,225.96,45.82,0.828,8.568
2026-06-21 13:15:00,Building_A_Lecture,228.28,46.27,0.848,8.953
2026-06-21 13:30:00,Building_A_Lecture,227.96,38.7,0.811,7.157
2026-06-21 13:45:00,Building_A_Lecture,225.04,37.97,0.839,7.166
2026-06-21 14:00:00,Building_A_Lecture,230.58,39.01,0.825,7.426
2026-06-21 14:15:00,Building_A_Lecture,229.27,41.17,0.851,8.032
2026-06-21 14:30:00,Building_A_Lecture,225.31,38.28,0.826,7.126
2026-06-21 14:45:00,Building_A_Lecture,228.16,45.14,0.879,9.052
2026-06-21 15:00:00,Building_A_Lecture,231.17,41.47,0.83,7.955
2026-06-21 15:15:00,Building_A_Lecture,228.71,40.13,0.819,7.513
2026-06-21 15:30:00,Building_A_Lecture,227.59,104.82,0.845,20.167
2026-06-21 15:45:00,Building_A_Lecture,225.6,41.2,0.852,7.925
2026-06-21 16:00:00,Building_A_Lecture,228.65,45.83,0.825,8.648
2026-06-21 16:15:00,Building_A_Lecture,229.39,41.53,0.869,8.276
2026-06-21 16:30:00,Building_A_Lecture,220.55,42.37,0.819,7.656
2026-06-21 16:45:00,Building_A_Lecture,224.95,43.03,0.852,8.25
2026-06-21 17:00:00,Building_A_Lecture,230.08,43.27,0.896,8.921
2026-06-21 17:15:00,Building_A_Lecture,229.05,45.38,0.828,8.608
2026-06-21 17:30:00,Building_A_Lecture,228.2,45.76,0.856,8.943
2026-06-21 17:45:00,Building_A_Lecture,227.27,40.6,0.883,8.147
2026-06-21 18:00:00,Building_A_Lecture,231.03,45.35,0.885,9.271
2026-06-21 18:15:00,Building_A_Lecture,227.71,42.2,0.874,8.398
2026-06-21 18:30:00,Building_A_Lecture,234.42,40.18,0.855,8.054
2026-06-21 18:45:00,Building_A_Lecture,226.75,41.82,0.87,8.251
2026-06-21 19:00:00,Building_A_Lecture,227.21,43.15,0.873,8.559
2026-06-21 19:15:00,Building_A_Lecture,234.23,46.1,0.877,9.474
2026-06-21 19:30:00,Building_A_Lecture,232.14,40.6,0.846,7.978
2026-06-21 19:45:00,Building_A_Lecture,231.14,46.13,0.86,9.172
2026-06-21 20:00:00,Building_A_Lecture,232.8,46.11,0.867,9.303
2026-06-21 20:15:00,Building_A_Lecture,230.36,41.22,0.912,8.663
2026-06-21 20:30:00,Building_A_Lecture,227.2,38.4,0.853,7.444
2026-06-21 20:45:00,Building_A_Lecture,237.42,36.04,0.898,7.684
2026-06-21 21:00:00,Building_A_Lecture,229.23,41.94,0.859,8.257
2026-06-21 21:15:00,Building_A_Lecture,226.0,37.94,0.887,7.606
2026-06-21 21:30:00,Building_A_Lecture,236.74,44.29,0.854,8.956
2026-06-21 21:45:00,Building_A_Lecture,224.56,41.79,0.844,7.917
2026-06-21 22:00:00,Building_A_Lecture,229.79,42.86,0.868,8.552
2026-06-21 22:15:00,Building_A_Lecture,233.34,40.43,0.897,8.457
2026-06-21 22:30:00,Building_A_Lecture,228.14,39.73,0.862,7.811
2026-06-21 22:45:00,Building_A_Lecture,228.12,42.2,0.888,8.548
2026-06-21 23:00:00,Building_A_Lecture,227.27,44.16,0.871,8.742
2026-06-21 23:15:00,Building_A_Lecture,224.74,39.8,0.896,8.013
2026-06-21 23:30:00,Building_A_Lecture,236.34,40.51,0.884,8.465
2026-06-21 23:45:00,Building_A_Lecture,222.75,41.79,0.877,8.167
2026-06-22 00:00:00,Building_A_Lecture,235.04,8.73,0.88,1.806
2026-06-22 00:15:00,Building_A_Lecture,232.72,7.66,0.85,1.515
2026-06-22 00:30:00,Building_A_Lecture,226.0,8.15,0.858,1.58
2026-06-22 00:45:00,Building_A_Lecture,228.18,8.28,0.854,1.613
2026-06-22 01:00:00,Building_A_Lecture,232.31,8.54,0.87,1.727
2026-06-22 01:15:00,Building_A_Lecture,239.23,8.03,0.9,1.727
2026-06-22 01:30:00,Building_A_Lecture,229.87,8.74,0.86,1.729
2026-06-22 01:45:00,Building_A_Lecture,223.44,7.69,0.856,1.471
2026-06-22 02:00:00,Building_A_Lecture,238.13,6.73,0.878,1.407
2026-06-22 02:15:00,Building_A_Lecture,223.24,7.38,0.846,1.394
2026-06-22 02:30:00,Building_A_Lecture,229.4,7.19,0.863,1.424
2026-06-22 02:45:00,Building_A_Lecture,231.19,7.35,0.876,1.489
2026-06-22 03:00:00,Building_A_Lecture,229.36,8.01,0.917,1.684
2026-06-22 03:15:00,Building_A_Lecture,233.1,7.79,0.896,1.626
2026-06-22 03:30:00,Building_A_Lecture,230.98,7.39,0.877,1.498
2026-06-22 03:45:00,Building_A_Lecture,236.41,8.18,0.845,1.634
2026-06-22 04:00:00,Building_A_Lecture,230.81,7.92,0.85,1.555
2026-06-22 04:15:00,Building_A_Lecture,227.43,7.6,0.85,1.469
2026-06-22 04:30:00,Building_A_Lecture,231.36,7.7,0.892,1.59
2026-06-22 04:45:00,Building_A_Lecture,228.04,8.17,0.885,1.648
2026-06-22 05:00:00,Building_A_Lecture,223.66,7.65,0.859,1.47
2026-06-22 05:15:00,Building_A_Lecture,226.37,8.12,0.885,1.625
2026-06-22 05:30:00,Building_A_Lecture,228.22,7.51,0.824,1.413
2026-06-22 05:45:00,Building_A_Lecture,240.47,6.87,0.919,1.518
2026-06-22 06:00:00,Building_A_Lecture,229.1,8.46,0.899,1.743
2026-06-22 06:15:00,Building_A_Lecture,234.42,9.97,0.869,2.03
2026-06-22 06:30:00,Building_A_Lecture,234.06,12.02,0.841,2.367
2026-06-22 06:45:00,Building_A_Lecture,235.35,17.17,0.831,3.356
2026-06-22 07:00:00,Building_A_Lecture,230.35,17.22,0.815,3.233
2026-06-22 07:15:00,Building_A_Lecture,225.36,19.98,0.808,3.638
2026-06-22 07:30:00,Building_A_Lecture,226.46,23.28,0.792,4.175
2026-06-22 07:45:00,Building_A_Lecture,230.32,24.23,0.771,4.3
2026-06-22 08:00:00,Building_A_Lecture,227.77,28.62,0.75,4.888
2026-06-22 08:15:00,Building_A_Lecture,230.28,33.6,0.75,5.802
2026-06-22 08:30:00,Building_A_Lecture,227.33,33.54,0.75,5.719
2026-06-22 08:45:00,Building_A_Lecture,224.54,33.98,0.75,5.723
2026-06-22 09:00:00,Building_A_Lecture,227.61,35.1,0.75,5.992
2026-06-22 09:15:00,Building_A_Lecture,230.84,34.37,0.75,5.95
2026-06-22 09:30:00,Building_A_Lecture,237.59,31.24,0.75,5.566
2026-06-22 09:45:00,Building_A_Lecture,231.57,40.45,0.75,7.026
2026-06-22 10:00:00,Building_A_Lecture,229.11,38.51,0.75,6.617
2026-06-22 10:15:00,Building_A_Lecture,237.65,39.76,0.75,7.087
2026-06-22 10:30:00,Building_A_Lecture,219.09,44.66,0.75,7.339
2026-06-22 10:45:00,Building_A_Lecture,232.76,46.67,0.75,8.148
2026-06-22 11:00:00,Building_A_Lecture,229.05,40.29,0.75,6.92
2026-06-22 11:15:00,Building_A_Lecture,234.69,43.67,0.75,7.687
2026-06-22 11:30:00,Building_A_Lecture,232.51,39.86,0.75,6.951
2026-06-22 11:45:00,Building_A_Lecture,226.3,43.45,0.75,7.375
2026-06-22 12:00:00,Building_A_Lecture,239.11,41.31,0.75,7.408
2026-06-22 12:15:00,Building_A_Lecture,230.94,43.76,0.75,7.579
2026-06-22 12:30:00,Building_A_Lecture,229.94,50.83,0.75,8.765
2026-06-22 12:45:00,Building_A_Lecture,226.26,47.25,0.75,8.019
2026-06-22 13:00:00,Building_A_Lecture,230.6,46.51,0.75,8.044
2026-06-22 13:15:00,Building_A_Lecture,228.64,41.2,0.75,7.066
2026-06-22 13:30:00,Building_A_Lecture,224.23,43.46,0.75,7.309
2026-06-22 13:45:00,Building_A_Lecture,233.97,38.34,0.75,6.727
2026-06-22 14:00:00,Building_A_Lecture,236.45,44.45,0.75,7.882
2026-06-22 14:15:00,Building_A_Lecture,226.42,39.23,0.75,6.663
2026-06-22 14:30:00,Building_A_Lecture,238.34,31.66,0.75,5.659
2026-06-22 14:45:00,Building_A_Lecture,233.6,38.35,0.75,6.718
2026-06-22 15:00:00,Building_A_Lecture,223.21,35.19,0.75,5.892
2026-06-22 15:15:00,Building_A_Lecture,230.49,30.53,0.75,5.277
2026-06-22 15:30:00,Building_A_Lecture,230.45,32.47,0.75,5.613
2026-06-22 15:45:00,Building_A_Lecture,229.07,27.09,0.75,4.654
2026-06-22 16:00:00,Building_A_Lecture,235.07,32.22,0.75,5.681
2026-06-22 16:15:00,Building_A_Lecture,232.94,24.0,0.754,4.212
2026-06-22 16:30:00,Building_A_Lecture,235.05,21.29,0.751,3.756
2026-06-22 16:45:00,Building_A_Lecture,235.82,20.0,0.793,3.742
2026-06-22 17:00:00,Building_A_Lecture,232.76,17.23,0.824,3.307
2026-06-22 17:15:00,Building_A_Lecture,232.49,15.4,0.848,3.036
2026-06-22 17:30:00,Building_A_Lecture,232.53,13.23,0.837,2.573
2026-06-22 17:45:00,Building_A_Lecture,229.4,10.54,0.861,2.084
2026-06-22 18:00:00,Building_A_Lecture,234.9,7.99,0.927,1.741
2026-06-22 18:15:00,Building_A_Lecture,231.11,7.76,0.89,1.596
2026-06-22 18:30:00,Building_A_Lecture,232.14,8.82,0.863,1.767
2026-06-22 18:45:00,Building_A_Lecture,233.34,9.4,0.866,1.901
2026-06-22 19:00:00,Building_A_Lecture,232.16,7.43,0.858,1.48
2026-06-22 19:15:00,Building_A_Lecture,228.47,7.15,0.9,1.471
2026-06-22 19:30:00,Building_A_Lecture,230.38,8.23,0.897,1.7
2026-06-22 19:45:00,Building_A_Lecture,226.79,7.75,0.883,1.553
2026-06-22 20:00:00,Building_A_Lecture,228.38,6.44,0.866,1.273
2026-06-22 20:15:00,Building_A_Lecture,230.81,8.52,0.875,1.721
2026-06-22 20:30:00,Building_A_Lecture,224.9,8.2,0.878,1.618
2026-06-22 20:45:00,Building_A_Lecture,231.3,9.04,0.858,1.795
2026-06-22 21:00:00,Building_A_Lecture,229.76,7.2,0.893,1.477
2026-06-22 21:15:00,Building_A_Lecture,233.14,7.46,0.899,1.564
2026-06-22 21:30:00,Building_A_Lecture,231.55,8.11,0.88,1.651
2026-06-22 21:45:00,Building_A_Lecture,234.08,8.15,0.888,1.694
2026-06-22 22:00:00,Building_A_Lecture,221.93,7.89,0.911,1.595
2026-06-22 22:15:00,Building_A_Lecture,229.86,7.6,0.876,1.531
2026-06-22 22:30:00,Building_A_Lecture,232.86,8.64,0.852,1.715
2026-06-22 22:45:00,Building_A_Lecture,230.33,7.96,0.866,1.587
2026-06-22 23:00:00,Building_A_Lecture,231.57,7.67,0.885,1.573
2026-06-22 23:15:00,Building_A_Lecture,226.96,7.62,0.891,1.541
2026-06-22 23:30:00,Building_A_Lecture,228.48,7.98,0.91,1.659
2026-06-22 23:45:00,Building_A_Lecture,229.72,7.51,0.867,1.496
2026-06-23 00:00:00,Building_A_Lecture,230.75,8.47,0.87,1.701
2026-06-23 00:15:00,Building_A_Lecture,231.79,7.98,0.861,1.593
2026-06-23 00:30:00,Building_A_Lecture,225.7,8.9,0.867,1.74
2026-06-23 00:45:00,Building_A_Lecture,227.02,8.12,0.889,1.639
2026-06-23 01:00:00,Building_A_Lecture,230.5,9.41,0.847,1.839
2026-06-23 01:15:00,Building_A_Lecture,227.81,7.43,0.858,1.454
2026-06-23 01:30:00,Building_A_Lecture,231.18,8.47,0.887,1.737
2026-06-23 01:45:00,Building_A_Lecture,222.43,7.52,0.889,1.487
2026-06-23 02:00:00,Building_A_Lecture,231.53,7.29,0.893,1.508
2026-06-23 02:15:00,Building_A_Lecture,228.02,7.23,0.88,1.451
2026-06-23 02:30:00,Building_A_Lecture,228.37,8.98,0.862,1.768
2026-06-23 02:45:00,Building_A_Lecture,224.57,8.1,0.92,1.674
2026-06-23 03:00:00,Building_A_Lecture,229.5,7.14,0.904,1.481
2026-06-23 03:15:00,Building_A_Lecture,225.36,9.22,0.908,1.888
2026-06-23 03:30:00,Building_A_Lecture,226.2,8.48,0.883,1.696
2026-06-23 03:45:00,Building_A_Lecture,226.6,8.81,0.869,1.735
2026-06-23 04:00:00,Building_A_Lecture,232.4,7.64,0.866,1.539
2026-06-23 04:15:00,Building_A_Lecture,233.72,6.86,0.934,1.498
2026-06-23 04:30:00,Building_A_Lecture,227.93,7.71,0.914,1.606
2026-06-23 04:45:00,Building_A_Lecture,227.07,8.67,0.86,1.694
2026-06-23 05:00:00,Building_A_Lecture,232.98,8.38,0.874,1.707
2026-06-23 05:15:00,Building_A_Lecture,230.81,7.72,0.86,1.533
2026-06-23 05:30:00,Building_A_Lecture,233.62,8.82,0.861,1.774
2026-06-23 05:45:00,Building_A_Lecture,226.44,7.68,0.844,1.468
2026-06-23 06:00:00,Building_A_Lecture,229.06,7.32,0.867,1.454
2026-06-23 06:15:00,Building_A_Lecture,224.95,9.68,0.875,1.906
2026-06-23 06:30:00,Building_A_Lecture,228.34,14.25,0.841,2.738
2026-06-23 06:45:00,Building_A_Lecture,235.94,16.0,0.83,3.132
2026-06-23 07:00:00,Building_A_Lecture,229.17,18.48,0.751,3.181
2026-06-23 07:15:00,Building_A_Lecture,236.74,19.99,0.798,3.778
2026-06-23 07:30:00,Building_A_Lecture,228.89,24.25,0.751,4.167
2026-06-23 07:45:00,Building_A_Lecture,230.03,25.39,0.78,4.553
2026-06-23 08:00:00,Building_A_Lecture,234.08,26.88,0.75,4.72
2026-06-23 08:15:00,Building_A_Lecture,232.48,27.64,0.764,4.911
2026-06-23 08:30:00,Building_A_Lecture,230.01,31.03,0.75,5.353
2026-06-23 08:45:00,Building_A_Lecture,231.85,35.58,0.75,6.188
2026-06-23 09:00:00,Building_A_Lecture,230.87,29.46,0.75,5.1
2026-06-23 09:15:00,Building_A_Lecture,231.42,35.4,0.75,6.145
2026-06-23 09:30:00,Building_A_Lecture,230.57,34.4,0.75,5.949
2026-06-23 09:45:00,Building_A_Lecture,227.84,39.3,0.75,6.716
2026-06-23 10:00:00,Building_A_Lecture,228.34,42.06,0.75,7.203
2026-06-23 10:15:00,Building_A_Lecture,229.27,38.88,0.75,6.685
2026-06-23 10:30:00,Building_A_Lecture,228.89,36.66,0.75,6.294
2026-06-23 10:45:00,Building_A_Lecture,233.67,41.53,0.75,7.279
2026-06-23 11:00:00,Building_A_Lecture,228.57,44.95,0.75,7.705
2026-06-23 11:15:00,Building_A_Lecture,231.47,53.45,0.75,9.279
2026-06-23 11:30:00,Building_A_Lecture,227.41,48.75,0.75,8.315
2026-06-23 11:45:00,Building_A_Lecture,232.04,43.27,0.75,7.53
2026-06-23 12:00:00,Building_A_Lecture,238.62,44.4,0.75,7.946
2026-06-23 12:15:00,Building_A_Lecture,235.55,47.41,0.75,8.376
2026-06-23 12:30:00,Building_A_Lecture,235.97,47.16,0.75,8.346
2026-06-23 12:45:00,Building_A_Lecture,233.36,43.09,0.75,7.541
2026-06-23 13:00:00,Building_A_Lecture,230.17,41.34,0.75,7.137
2026-06-23 13:15:00,Building_A_Lecture,225.91,39.21,0.75,6.643
2026-06-23 13:30:00,Building_A_Lecture,227.48,38.35,0.75,6.543
2026-06-23 13:45:00,Building_A_Lecture,227.3,46.51,0.75,7.929
2026-06-23 14:00:00,Building_A_Lecture,223.75,40.64,0.75,6.819
2026-06-23 14:15:00,Building_A_Lecture,226.06,39.53,0.75,6.702
2026-06-23 14:30:00,Building_A_Lecture,234.19,39.03,0.75,6.856
2026-06-23 14:45:00,Building_A_Lecture,230.44,36.01,0.75,6.224
2026-06-23 15:00:00,Building_A_Lecture,233.39,30.34,0.75,5.311
2026-06-23 15:15:00,Building_A_Lecture,227.6,29.85,0.75,5.095
2026-06-23 15:30:00,Building_A_Lecture,233.69,32.47,0.75,5.692
2026-06-23 15:45:00,Building_A_Lecture,233.16,27.77,0.75,4.857
2026-06-23 16:00:00,Building_A_Lecture,234.46,27.44,0.797,5.125
2026-06-23 16:15:00,Building_A_Lecture,232.91,21.08,0.807,3.961
2026-06-23 16:30:00,Building_A_Lecture,230.69,22.74,0.75,3.934
2026-06-23 16:45:00,Building_A_Lecture,230.71,20.71,0.803,3.834
2026-06-23 17:00:00,Building_A_Lecture,219.77,17.41,0.791,3.026
2026-06-23 17:15:00,Building_A_Lecture,225.87,15.09,0.861,2.936
2026-06-23 17:30:00,Building_A_Lecture,230.49,12.23,0.86,2.423
2026-06-23 17:45:00,Building_A_Lecture,232.32,11.87,0.855,2.358
2026-06-23 18:00:00,Building_A_Lecture,225.08,8.26,0.841,1.563
2026-06-23 18:15:00,Building_A_Lecture,231.98,8.71,0.885,1.788
2026-06-23 18:30:00,Building_A_Lecture,233.37,8.09,0.892,1.686
2026-06-23 18:45:00,Building_A_Lecture,231.12,8.18,0.873,1.649
2026-06-23 19:00:00,Building_A_Lecture,223.97,7.76,0.883,1.534
2026-06-23 19:15:00,Building_A_Lecture,229.54,7.71,0.884,1.566
2026-06-23 19:30:00,Building_A_Lecture,227.73,6.8,0.877,1.357
2026-06-23 19:45:00,Building_A_Lecture,224.81,8.95,0.855,1.72
2026-06-23 20:00:00,Building_A_Lecture,223.92,8.97,0.912,1.833
2026-06-23 20:15:00,Building_A_Lecture,229.05,7.94,0.838,1.523
2026-06-23 20:30:00,Building_A_Lecture,231.91,7.8,0.893,1.616
2026-06-23 20:45:00,Building_A_Lecture,228.69,8.4,0.861,1.653
2026-06-23 21:00:00,Building_A_Lecture,230.58,8.81,0.867,1.761
2026-06-23 21:15:00,Building_A_Lecture,225.47,8.62,0.849,1.65
2026-06-23 21:30:00,Building_A_Lecture,236.5,8.37,0.839,1.66
2026-06-23 21:45:00,Building_A_Lecture,232.73,8.03,0.869,1.625
2026-06-23 22:00:00,Building_A_Lecture,228.14,9.0,0.846,1.737
2026-06-23 22:15:00,Building_A_Lecture,234.0,7.78,0.901,1.641
2026-06-23 22:30:00,Building_A_Lecture,226.55,7.89,0.854,1.526
2026-06-23 22:45:00,Building_A_Lecture,230.79,7.23,0.894,1.492
2026-06-23 23:00:00,Building_A_Lecture,228.72,7.81,0.918,1.64
2026-06-23 23:15:00,Building_A_Lecture,229.03,8.04,0.853,1.571
2026-06-23 23:30:00,Building_A_Lecture,231.23,6.84,0.881,1.394
2026-06-23 23:45:00,Building_A_Lecture,234.16,8.8,0.855,1.763
2026-06-24 00:00:00,Building_A_Lecture,227.38,7.26,0.905,1.494
2026-06-24 00:15:00,Building_A_Lecture,229.9,7.45,0.89,1.524
2026-06-24 00:30:00,Building_A_Lecture,231.26,8.49,0.877,1.721
2026-06-24 00:45:00,Building_A_Lecture,230.23,8.2,0.87,1.642
2026-06-24 01:00:00,Building_A_Lecture,236.17,8.05,0.894,1.699
2026-06-24 01:15:00,Building_A_Lecture,227.73,8.17,0.893,1.662
2026-06-24 01:30:00,Building_A_Lecture,228.59,7.13,0.873,1.422
2026-06-24 01:45:00,Building_A_Lecture,227.88,7.75,0.869,1.535
2026-06-24 02:00:00,Building_A_Lecture,235.28,8.6,0.841,1.703
2026-06-24 02:15:00,Building_A_Lecture,232.52,7.55,0.878,1.541
2026-06-24 02:30:00,Building_A_Lecture,233.39,7.82,0.903,1.648
2026-06-24 02:45:00,Building_A_Lecture,232.34,7.68,0.916,1.635
2026-06-24 03:00:00,Building_A_Lecture,227.48,7.52,0.878,1.501
2026-06-24 03:15:00,Building_A_Lecture,230.46,8.13,0.844,1.581
2026-06-24 03:30:00,Building_A_Lecture,234.87,6.84,0.879,1.411
2026-06-24 03:45:00,Building_A_Lecture,227.03,8.18,0.876,1.627
2026-06-24 04:00:00,Building_A_Lecture,229.63,7.13,0.904,1.478
2026-06-24 04:15:00,Building_A_Lecture,228.83,8.3,0.869,1.65
2026-06-24 04:30:00,Building_A_Lecture,229.49,7.22,0.913,1.512
2026-06-24 04:45:00,Building_A_Lecture,228.65,8.63,0.907,1.79
2026-06-24 05:00:00,Building_A_Lecture,228.99,8.27,0.888,1.683
2026-06-24 05:15:00,Building_A_Lecture,229.08,7.96,0.871,1.587
2026-06-24 05:30:00,Building_A_Lecture,233.08,8.34,0.844,1.64
2026-06-24 05:45:00,Building_A_Lecture,231.07,8.34,0.853,1.644
2026-06-24 06:00:00,Building_A_Lecture,227.61,8.4,0.865,1.653
2026-06-24 06:15:00,Building_A_Lecture,230.56,9.61,0.857,1.899
2026-06-24 06:30:00,Building_A_Lecture,234.23,12.04,0.858,2.419
2026-06-24 06:45:00,Building_A_Lecture,227.13,14.15,0.831,2.671
2026-06-24 07:00:00,Building_A_Lecture,227.42,17.97,0.771,3.152
2026-06-24 07:15:00,Building_A_Lecture,232.89,17.16,0.849,3.395
2026-06-24 07:30:00,Building_A_Lecture,229.92,22.86,0.772,4.058
2026-06-24 07:45:00,Building_A_Lecture,232.25,22.18,0.755,3.89
2026-06-24 08:00:00,Building_A_Lecture,231.53,25.86,0.75,4.491
2026-06-24 08:15:00,Building_A_Lecture,226.55,28.61,0.752,4.872
2026-06-24 08:30:00,Building_A_Lecture,231.73,30.41,0.754,5.315
2026-06-24 08:45:00,Building_A_Lecture,229.46,33.63,0.75,5.788
2026-06-24 09:00:00,Building_A_Lecture,228.0,39.2,0.75,6.703
2026-06-24 09:15:00,Building_A_Lecture,230.65,35.25,0.75,6.097
2026-06-24 09:30:00,Building_A_Lecture,223.65,39.03,0.75,6.546
2026-06-24 09:45:00,Building_A_Lecture,233.68,37.89,0.75,6.64
2026-06-24 10:00:00,Building_A_Lecture,228.83,38.9,0.75,6.676
2026-06-24 10:15:00,Building_A_Lecture,229.2,42.03,0.75,7.225
2026-06-24 10:30:00,Building_A_Lecture,230.48,36.97,0.75,6.39
2026-06-24 10:45:00,Building_A_Lecture,235.18,41.69,0.75,7.353
2026-06-24 11:00:00,Building_A_Lecture,228.03,48.39,0.75,8.276
2026-06-24 11:15:00,Building_A_Lecture,229.22,46.51,0.75,7.995
2026-06-24 11:30:00,Building_A_Lecture,235.72,49.58,0.75,8.765
2026-06-24 11:45:00,Building_A_Lecture,227.85,42.48,0.75,7.26
2026-06-24 12:00:00,Building_A_Lecture,226.07,43.4,0.75,7.358
2026-06-24 12:15:00,Building_A_Lecture,230.36,44.85,0.75,7.749
2026-06-24 12:30:00,Building_A_Lecture,232.92,50.36,0.75,8.798
2026-06-24 12:45:00,Building_A_Lecture,223.2,46.06,0.75,7.71
2026-06-24 13:00:00,Building_A_Lecture,234.1,39.7,0.75,6.969
2026-06-24 13:15:00,Building_A_Lecture,225.46,44.21,0.75,7.476
2026-06-24 13:30:00,Building_A_Lecture,227.44,42.69,0.75,7.281
2026-06-24 13:45:00,Building_A_Lecture,227.43,35.58,0.75,6.069
2026-06-24 14:00:00,Building_A_Lecture,236.51,42.18,0.75,7.481
2026-06-24 14:15:00,Building_A_Lecture,232.43,38.91,0.75,6.783
2026-06-24 14:30:00,Building_A_Lecture,225.15,40.56,0.75,6.848
2026-06-24 14:45:00,Building_A_Lecture,231.38,35.73,0.75,6.201
2026-06-24 15:00:00,Building_A_Lecture,227.58,37.84,0.75,6.46
2026-06-24 15:15:00,Building_A_Lecture,224.8,31.61,0.75,5.33
2026-06-24 15:30:00,Building_A_Lecture,229.01,30.38,0.75,5.217
2026-06-24 15:45:00,Building_A_Lecture,226.05,29.52,0.75,5.005
2026-06-24 16:00:00,Building_A_Lecture,229.4,25.79,0.75,4.437
2026-06-24 16:15:00,Building_A_Lecture,229.6,24.01,0.75,4.134
2026-06-24 16:30:00,Building_A_Lecture,226.39,24.2,0.782,4.285
2026-06-24 16:45:00,Building_A_Lecture,232.01,18.47,0.837,3.585
2026-06-24 17:00:00,Building_A_Lecture,231.28,18.6,0.829,3.567
2026-06-24 17:15:00,Building_A_Lecture,235.4,17.72,0.805,3.358
2026-06-24 17:30:00,Building_A_Lecture,234.99,11.64,0.842,2.303
2026-06-24 17:45:00,Building_A_Lecture,231.06,10.3,0.889,2.116
2026-06-24 18:00:00,Building_A_Lecture,227.72,7.74,0.88,1.551
2026-06-24 18:15:00,Building_A_Lecture,228.78,8.45,0.851,1.644
2026-06-24 18:30:00,Building_A_Lecture,228.4,8.82,0.852,1.716
2026-06-24 18:45:00,Building_A_Lecture,228.25,8.07,0.869,1.601
2026-06-24 19:00:00,Building_A_Lecture,225.04,8.65,0.901,1.756
2026-06-24 19:15:00,Building_A_Lecture,231.57,8.49,0.904,1.777
2026-06-24 19:30:00,Building_A_Lecture,230.7,8.27,0.899,1.715
2026-06-24 19:45:00,Building_A_Lecture,228.87,8.68,0.872,1.733
2026-06-24 20:00:00,Building_A_Lecture,232.92,8.58,0.883,1.766
2026-06-24 20:15:00,Building_A_Lecture,234.82,7.95,0.833,1.555
2026-06-24 20:30:00,Building_A_Lecture,230.25,7.09,0.896,1.463
2026-06-24 20:45:00,Building_A_Lecture,227.15,8.37,0.886,1.683
2026-06-24 21:00:00,Building_A_Lecture,233.84,8.64,0.876,1.77
2026-06-24 21:15:00,Building_A_Lecture,228.14,7.03,0.879,1.409
2026-06-24 21:30:00,Building_A_Lecture,226.69,8.67,0.872,1.714
2026-06-24 21:45:00,Building_A_Lecture,224.03,7.73,0.874,1.512
2026-06-24 22:00:00,Building_A_Lecture,231.44,7.69,0.859,1.53
2026-06-24 22:15:00,Building_A_Lecture,232.01,8.64,0.867,1.736
2026-06-24 22:30:00,Building_A_Lecture,233.11,7.7,0.906,1.627
2026-06-24 22:45:00,Building_A_Lecture,229.64,7.65,0.892,1.568
2026-06-24 23:00:00,Building_A_Lecture,228.99,8.68,0.886,1.762
2026-06-24 23:15:00,Building_A_Lecture,231.2,8.17,0.854,1.613
2026-06-24 23:30:00,Building_A_Lecture,225.96,8.03,0.908,1.647
2026-06-24 23:45:00,Building_A_Lecture,228.13,8.8,0.851,1.709
2026-06-25 00:00:00,Building_A_Lecture,232.82,7.71,0.874,1.568
2026-06-25 00:15:00,Building_A_Lecture,229.77,7.89,0.843,1.529
2026-06-25 00:30:00,Building_A_Lecture,222.51,8.25,0.871,1.599
2026-06-25 00:45:00,Building_A_Lecture,231.21,8.4,0.854,1.657
2026-06-25 01:00:00,Building_A_Lecture,228.79,7.02,0.93,1.494
2026-06-25 01:15:00,Building_A_Lecture,228.33,9.07,0.86,1.78
2026-06-25 01:30:00,Building_A_Lecture,229.19,7.82,0.877,1.572
2026-06-25 01:45:00,Building_A_Lecture,223.55,8.67,0.877,1.701
2026-06-25 02:00:00,Building_A_Lecture,232.7,8.57,0.864,1.723
2026-06-25 02:15:00,Building_A_Lecture,231.87,8.78,0.859,1.748
2026-06-25 02:30:00,Building_A_Lecture,231.78,8.77,0.89,1.808
2026-06-25 02:45:00,Building_A_Lecture,228.55,7.42,0.886,1.504
2026-06-25 03:00:00,Building_A_Lecture,227.55,7.88,0.857,1.536
2026-06-25 03:15:00,Building_A_Lecture,230.63,7.04,0.873,1.419
2026-06-25 03:30:00,Building_A_Lecture,227.57,7.6,0.878,1.519
2026-06-25 03:45:00,Building_A_Lecture,225.41,8.75,0.882,1.741
2026-06-25 04:00:00,Building_A_Lecture,229.52,6.93,0.889,1.414
2026-06-25 04:15:00,Building_A_Lecture,229.77,8.5,0.873,1.705
2026-06-25 04:30:00,Building_A_Lecture,226.71,7.29,0.873,1.443
2026-06-25 04:45:00,Building_A_Lecture,224.14,8.85,0.855,1.696
2026-06-25 05:00:00,Building_A_Lecture,227.45,9.07,0.866,1.788
2026-06-25 05:15:00,Building_A_Lecture,226.16,7.47,0.936,1.58
2026-06-25 05:30:00,Building_A_Lecture,225.51,7.84,0.87,1.538
2026-06-25 05:45:00,Building_A_Lecture,232.36,7.4,0.876,1.506
2026-06-25 06:00:00,Building_A_Lecture,233.03,6.77,0.914,1.442
2026-06-25 06:15:00,Building_A_Lecture,233.62,9.59,0.853,1.91
2026-06-25 06:30:00,Building_A_Lecture,230.3,10.91,0.837,2.104
2026-06-25 06:45:00,Building_A_Lecture,232.46,14.19,0.839,2.769
2026-06-25 07:00:00,Building_A_Lecture,236.79,14.03,0.838,2.785
2026-06-25 07:15:00,Building_A_Lecture,231.42,17.4,0.853,3.435
2026-06-25 07:30:00,Building_A_Lecture,229.01,20.4,0.786,3.669
2026-06-25 07:45:00,Building_A_Lecture,226.28,24.62,0.774,4.313
2026-06-25 08:00:00,Building_A_Lecture,236.04,28.3,0.751,5.017
2026-06-25 08:15:00,Building_A_Lecture,231.3,30.45,0.75,5.283
2026-06-25 08:30:00,Building_A_Lecture,233.85,92.81,0.75,16.277
2026-06-25 08:45:00,Building_A_Lecture,225.32,32.07,0.75,5.42
2026-06-25 09:00:00,Building_A_Lecture,229.0,35.39,0.75,6.078
2026-06-25 09:15:00,Building_A_Lecture,224.9,31.94,0.75,5.388
2026-06-25 09:30:00,Building_A_Lecture,228.43,35.62,0.75,6.103
2026-06-25 09:45:00,Building_A_Lecture,232.13,47.21,0.75,8.219
2026-06-25 10:00:00,Building_A_Lecture,230.79,37.56,0.75,6.501
2026-06-25 10:15:00,Building_A_Lecture,231.83,43.07,0.75,7.489
2026-06-25 10:30:00,Building_A_Lecture,234.87,37.9,0.75,6.676
2026-06-25 10:45:00,Building_A_Lecture,232.9,43.26,0.75,7.557
2026-06-25 11:00:00,Building_A_Lecture,230.11,40.69,0.75,7.022
2026-06-25 11:15:00,Building_A_Lecture,233.38,42.26,0.75,7.398
2026-06-25 11:30:00,Building_A_Lecture,222.44,50.21,0.75,8.376
2026-06-25 11:45:00,Building_A_Lecture,230.65,45.98,0.75,7.954
2026-06-25 12:00:00,Building_A_Lecture,229.9,44.39,0.75,7.654
2026-06-25 12:15:00,Building_A_Lecture,231.5,48.95,0.75,8.5
2026-06-25 12:30:00,Building_A_Lecture,224.73,40.97,0.75,6.906
2026-06-25 12:45:00,Building_A_Lecture,228.44,43.25,0.75,7.41
2026-06-25 13:00:00,Building_A_Lecture,228.6,37.51,0.75,6.431
2026-06-25 13:15:00,Building_A_Lecture,229.96,35.75,0.75,6.165
2026-06-25 13:30:00,Building_A_Lecture,227.47,41.58,0.75,7.094
2026-06-25 13:45:00,Building_A_Lecture,227.58,46.74,0.75,7.978
2026-06-25 14:00:00,Building_A_Lecture,229.24,42.31,0.75,7.275
2026-06-25 14:15:00,Building_A_Lecture,231.57,34.77,0.75,6.039
2026-06-25 14:30:00,Building_A_Lecture,232.5,69.05,0.75,12.042
2026-06-25 14:45:00,Building_A_Lecture,229.27,31.27,0.75,5.377
2026-06-25 15:00:00,Building_A_Lecture,228.71,39.1,0.75,6.707
2026-06-25 15:15:00,Building_A_Lecture,234.75,31.39,0.75,5.526
2026-06-25 15:30:00,Building_A_Lecture,228.74,28.31,0.75,4.856
2026-06-25 15:45:00,Building_A_Lecture,226.88,25.76,0.793,4.634
2026-06-25 16:00:00,Building_A_Lecture,233.09,27.31,0.758,4.827
2026-06-25 16:15:00,Building_A_Lecture,230.4,24.93,0.781,4.488
2026-06-25 16:30:00,Building_A_Lecture,228.37,22.2,0.799,4.051
2026-06-25 16:45:00,Building_A_Lecture,237.09,16.74,0.836,3.317
2026-06-25 17:00:00,Building_A_Lecture,226.54,16.41,0.789,2.934
2026-06-25 17:15:00,Building_A_Lecture,229.62,15.36,0.844,2.977
2026-06-25 17:30:00,Building_A_Lecture,227.58,-12.72,0.836,-2.422
2026-06-25 17:45:00,Building_A_Lecture,230.28,9.61,0.895,1.98
2026-06-25 18:00:00,Building_A_Lecture,231.82,6.89,0.872,1.392
2026-06-25 18:15:00,Building_A_Lecture,232.59,7.76,0.875,1.578
2026-06-25 18:30:00,Building_A_Lecture,229.56,8.27,0.871,1.652
2026-06-25 18:45:00,Building_A_Lecture,230.18,8.5,0.894,1.75
2026-06-25 19:00:00,Building_A_Lecture,232.63,7.87,0.871,1.595
2026-06-25 19:15:00,Building_A_Lecture,225.63,8.34,0.903,1.7
2026-06-25 19:30:00,Building_A_Lecture,229.81,6.81,0.893,1.398
2026-06-25 19:45:00,Building_A_Lecture,235.52,8.26,0.838,1.63
2026-06-25 20:00:00,Building_A_Lecture,234.19,7.68,0.864,1.553
2026-06-25 20:15:00,Building_A_Lecture,233.65,8.08,0.888,1.676
2026-06-25 20:30:00,Building_A_Lecture,231.83,7.72,0.854,1.528
2026-06-25 20:45:00,Building_A_Lecture,234.18,7.9,0.868,1.605
2026-06-25 21:00:00,Building_A_Lecture,228.25,8.17,0.86,1.605
2026-06-25 21:15:00,Building_A_Lecture,232.55,8.8,0.873,1.785
2026-06-25 21:30:00,Building_A_Lecture,226.41,9.07,0.866,1.778
2026-06-25 21:45:00,Building_A_Lecture,233.47,9.18,0.866,1.857
2026-06-25 22:00:00,Building_A_Lecture,228.58,8.47,0.834,1.614
2026-06-25 22:15:00,Building_A_Lecture,229.13,8.63,0.877,1.733
2026-06-25 22:30:00,Building_A_Lecture,231.58,7.14,0.912,1.507
2026-06-25 22:45:00,Building_A_Lecture,228.58,7.87,0.898,1.616
2026-06-25 23:00:00,Building_A_Lecture,224.01,9.27,0.876,1.818
2026-06-25 23:15:00,Building_A_Lecture,231.55,7.24,0.885,1.484
2026-06-25 23:30:00,Building_A_Lecture,226.48,7.9,0.912,1.632
2026-06-25 23:45:00,Building_A_Lecture,228.36,8.52,0.857,1.669
2026-06-26 00:00:00,Building_A_Lecture,229.93,8.65,0.872,1.735
2026-06-26 00:15:00,Building_A_Lecture,228.01,8.5,0.901,1.747
2026-06-26 00:30:00,Building_A_Lecture,227.49,7.92,0.902,1.625
2026-06-26 00:45:00,Building_A_Lecture,230.25,8.23,0.886,1.68
2026-06-26 01:00:00,Building_A_Lecture,237.98,7.86,0.863,1.613
2026-06-26 01:15:00,Building_A_Lecture,228.82,7.63,0.873,1.524
2026-06-26 01:30:00,Building_A_Lecture,227.02,7.49,0.885,1.504
2026-06-26 01:45:00,Building_A_Lecture,230.36,8.3,0.855,1.635
2026-06-26 02:00:00,Building_A_Lecture,229.3,8.33,0.876,1.673
2026-06-26 02:15:00,Building_A_Lecture,228.04,7.76,0.868,1.537
2026-06-26 02:30:00,Building_A_Lecture,233.26,6.24,0.922,1.343
2026-06-26 02:45:00,Building_A_Lecture,228.81,7.31,0.911,1.523
2026-06-26 03:00:00,Building_A_Lecture,227.58,7.1,0.859,1.387
2026-06-26 03:15:00,Building_A_Lecture,232.03,8.26,0.834,1.598
2026-06-26 03:30:00,Building_A_Lecture,229.43,8.51,0.875,1.708
2026-06-26 03:45:00,Building_A_Lecture,229.87,7.38,0.892,1.513
2026-06-26 04:00:00,Building_A_Lecture,227.46,7.79,0.875,1.551
2026-06-26 04:15:00,Building_A_Lecture,235.34,8.55,0.817,1.644
2026-06-26 04:30:00,Building_A_Lecture,224.08,8.28,0.891,1.652
2026-06-26 04:45:00,Building_A_Lecture,231.42,7.71,0.899,1.604
2026-06-26 05:00:00,Building_A_Lecture,228.67,7.25,0.888,1.472
2026-06-26 05:15:00,Building_A_Lecture,233.12,8.12,0.851,1.611
2026-06-26 05:30:00,Building_A_Lecture,230.91,7.56,0.88,1.537
2026-06-26 05:45:00,Building_A_Lecture,237.14,7.45,0.92,1.626
2026-06-26 06:00:00,Building_A_Lecture,228.08,7.94,0.873,1.58
2026-06-26 06:15:00,Building_A_Lecture,225.08,10.36,0.859,2.005
2026-06-26 06:30:00,Building_A_Lecture,230.35,14.37,0.818,2.706
2026-06-26 06:45:00,Building_A_Lecture,230.22,15.54,0.822,2.941
2026-06-26 07:00:00,Building_A_Lecture,228.97,17.16,0.83,3.261
2026-06-26 07:15:00,Building_A_Lecture,232.37,21.68,0.789,3.977
2026-06-26 07:30:00,Building_A_Lecture,224.19,24.85,0.781,4.354
2026-06-26 07:45:00,Building_A_Lecture,230.47,26.91,0.75,4.651
2026-06-26 08:00:00,Building_A_Lecture,230.66,27.1,0.75,4.687
2026-06-26 08:15:00,Building_A_Lecture,228.66,28.3,0.75,4.853
2026-06-26 08:30:00,Building_A_Lecture,226.49,31.18,0.75,5.297
2026-06-26 08:45:00,Building_A_Lecture,235.2,34.02,0.75,6.001
2026-06-26 09:00:00,Building_A_Lecture,224.16,38.51,0.75,6.474
2026-06-26 09:15:00,Building_A_Lecture,233.47,33.58,0.75,5.881
2026-06-26 09:30:00,Building_A_Lecture,224.14,32.8,0.75,5.514
2026-06-26 09:45:00,Building_A_Lecture,229.2,46.61,0.75,8.013
2026-06-26 10:00:00,Building_A_Lecture,223.86,37.49,0.75,6.294
2026-06-26 10:15:00,Building_A_Lecture,231.56,40.37,0.75,7.012
2026-06-26 10:30:00,Building_A_Lecture,232.71,42.21,0.75,7.366
2026-06-26 10:45:00,Building_A_Lecture,226.24,38.41,0.75,6.517
2026-06-26 11:00:00,Building_A_Lecture,229.77,46.11,0.75,7.946
2026-06-26 11:15:00,Building_A_Lecture,226.27,45.21,0.75,7.672
2026-06-26 11:30:00,Building_A_Lecture,231.59,42.49,0.75,7.38
2026-06-26 11:45:00,Building_A_Lecture,228.95,42.22,0.75,7.25
2026-06-26 12:00:00,Building_A_Lecture,231.49,40.05,0.75,6.953
2026-06-26 12:15:00,Building_A_Lecture,225.64,49.48,0.75,8.374
2026-06-26 12:30:00,Building_A_Lecture,231.95,44.17,0.75,7.684
2026-06-26 12:45:00,Building_A_Lecture,225.92,41.4,0.75,7.016
2026-06-26 13:00:00,Building_A_Lecture,228.16,44.4,0.75,7.597
2026-06-26 13:15:00,Building_A_Lecture,234.03,40.69,0.75,7.142
2026-06-26 13:30:00,Building_A_Lecture,230.99,42.67,0.75,7.392
2026-06-26 13:45:00,Building_A_Lecture,228.27,43.73,0.75,7.487
2026-06-26 14:00:00,Building_A_Lecture,231.68,38.28,0.75,6.651
2026-06-26 14:15:00,Building_A_Lecture,228.94,39.23,0.75,6.735
2026-06-26 14:30:00,Building_A_Lecture,230.1,37.54,0.75,6.479
2026-06-26 14:45:00,Building_A_Lecture,229.26,31.74,0.75,5.457
2026-06-26 15:00:00,Building_A_Lecture,233.03,38.5,0.75,6.729
2026-06-26 15:15:00,Building_A_Lecture,231.29,34.56,0.75,5.996
2026-06-26 15:30:00,Building_A_Lecture,230.44,33.14,0.75,5.728
2026-06-26 15:45:00,Building_A_Lecture,235.87,29.0,0.75,5.13
2026-06-26 16:00:00,Building_A_Lecture,229.06,25.23,0.769,4.443
2026-06-26 16:15:00,Building_A_Lecture,226.65,24.72,0.753,4.221
2026-06-26 16:30:00,Building_A_Lecture,225.98,24.37,0.763,4.203
2026-06-26 16:45:00,Building_A_Lecture,231.76,21.38,0.834,4.13
2026-06-26 17:00:00,Building_A_Lecture,224.44,16.15,0.83,3.009
2026-06-26 17:15:00,Building_A_Lecture,229.28,12.7,0.834,2.428
2026-06-26 17:30:00,Building_A_Lecture,232.64,12.11,0.853,2.404
2026-06-26 17:45:00,Building_A_Lecture,230.01,10.52,0.838,2.027
2026-06-26 18:00:00,Building_A_Lecture,227.99,8.71,0.89,1.768
2026-06-26 18:15:00,Building_A_Lecture,224.63,7.89,0.844,1.495
2026-06-26 18:30:00,Building_A_Lecture,227.47,7.62,0.899,1.557
2026-06-26 18:45:00,Building_A_Lecture,228.76,7.71,0.922,1.626
2026-06-26 19:00:00,Building_A_Lecture,225.91,8.67,0.892,1.749
2026-06-26 19:15:00,Building_A_Lecture,234.67,7.29,0.87,1.489
2026-06-26 19:30:00,Building_A_Lecture,228.6,7.2,0.892,1.468
2026-06-26 19:45:00,Building_A_Lecture,232.4,7.47,0.867,1.506
2026-06-26 20:00:00,Building_A_Lecture,232.07,7.9,0.889,1.629
2026-06-26 20:15:00,Building_A_Lecture,228.65,7.45,0.891,1.519
2026-06-26 20:30:00,Building_A_Lecture,231.39,9.31,0.877,1.89
2026-06-26 20:45:00,Building_A_Lecture,226.24,8.34,0.877,1.654
2026-06-26 21:00:00,Building_A_Lecture,228.59,7.98,0.893,1.63
2026-06-26 21:15:00,Building_A_Lecture,225.7,8.04,0.87,1.578
2026-06-26 21:30:00,Building_A_Lecture,229.87,8.89,0.876,1.79
2026-06-26 21:45:00,Building_A_Lecture,235.99,7.29,0.882,1.518
2026-06-26 22:00:00,Building_A_Lecture,228.2,7.84,0.867,1.553
2026-06-26 22:15:00,Building_A_Lecture,228.83,7.91,0.882,1.597
2026-06-26 22:30:00,Building_A_Lecture,226.65,7.28,0.899,1.484
2026-06-26 22:45:00,Building_A_Lecture,227.28,7.91,0.868,1.562
2026-06-26 23:00:00,Building_A_Lecture,233.84,7.83,0.905,1.657
2026-06-26 23:15:00,Building_A_Lecture,229.85,7.28,0.901,1.508
2026-06-26 23:30:00,Building_A_Lecture,236.87,7.19,0.889,1.515
2026-06-26 23:45:00,Building_A_Lecture,233.39,8.14,0.861,1.636
2026-06-27 00:00:00,Building_A_Lecture,229.19,8.51,0.89,1.735
2026-06-27 00:15:00,Building_A_Lecture,230.33,7.88,0.857,1.555
2026-06-27 00:30:00,Building_A_Lecture,229.79,8.15,0.877,1.641
2026-06-27 00:45:00,Building_A_Lecture,233.66,6.9,0.885,1.427
2026-06-27 01:00:00,Building_A_Lecture,230.57,7.67,0.884,1.563
2026-06-27 01:15:00,Building_A_Lecture,227.04,7.55,0.893,1.53
2026-06-27 01:30:00,Building_A_Lecture,232.2,7.54,0.887,1.552
2026-06-27 01:45:00,Building_A_Lecture,223.31,7.19,0.871,1.398
2026-06-27 02:00:00,Building_A_Lecture,224.03,9.15,0.878,1.8
2026-06-27 02:15:00,Building_A_Lecture,227.85,6.5,0.883,1.307
2026-06-27 02:30:00,Building_A_Lecture,228.89,8.83,0.882,1.783
2026-06-27 02:45:00,Building_A_Lecture,226.64,7.43,0.886,1.491
2026-06-27 03:00:00,Building_A_Lecture,234.82,8.45,0.889,1.763
2026-06-27 03:15:00,Building_A_Lecture,227.25,7.31,0.895,1.488
2026-06-27 03:30:00,Building_A_Lecture,229.75,7.85,0.912,1.645
2026-06-27 03:45:00,Building_A_Lecture,227.45,8.04,0.858,1.569
2026-06-27 04:00:00,Building_A_Lecture,228.74,8.45,0.899,1.738
2026-06-27 04:15:00,Building_A_Lecture,226.85,9.07,0.849,1.748
2026-06-27 04:30:00,Building_A_Lecture,232.25,6.87,0.864,1.38
2026-06-27 04:45:00,Building_A_Lecture,228.63,7.24,0.874,1.447
2026-06-27 05:00:00,Building_A_Lecture,232.71,6.86,0.867,1.384
2026-06-27 05:15:00,Building_A_Lecture,230.67,8.92,0.884,1.818
2026-06-27 05:30:00,Building_A_Lecture,227.56,7.04,0.923,1.479
2026-06-27 05:45:00,Building_A_Lecture,232.26,8.32,0.861,1.663
2026-06-27 06:00:00,Building_A_Lecture,230.61,7.8,0.861,1.55
2026-06-27 06:15:00,Building_A_Lecture,227.3,9.56,0.886,1.926
2026-06-27 06:30:00,Building_A_Lecture,232.89,8.86,0.853,1.759
2026-06-27 06:45:00,Building_A_Lecture,228.37,9.1,0.886,1.84
2026-06-27 07:00:00,Building_A_Lecture,231.83,10.91,0.839,2.121
2026-06-27 07:15:00,Building_A_Lecture,232.11,13.0,0.871,2.626
2026-06-27 07:30:00,Building_A_Lecture,226.31,12.31,0.855,2.382
2026-06-27 07:45:00,Building_A_Lecture,229.71,11.15,0.872,2.234
2026-06-27 08:00:00,Building_A_Lecture,229.5,14.58,0.836,2.797
2026-06-27 08:15:00,Building_A_Lecture,228.27,11.93,0.844,2.299
2026-06-27 08:30:00,Building_A_Lecture,226.39,14.39,0.837,2.726
2026-06-27 08:45:00,Building_A_Lecture,229.24,15.47,0.822,2.914
2026-06-27 09:00:00,Building_A_Lecture,230.96,16.01,0.835,3.086
2026-06-27 09:15:00,Building_A_Lecture,231.52,16.94,0.782,3.066
2026-06-27 09:30:00,Building_A_Lecture,233.83,17.66,0.783,3.233
2026-06-27 09:45:00,Building_A_Lecture,224.11,16.92,0.827,3.135
2026-06-27 10:00:00,Building_A_Lecture,232.8,15.58,0.85,3.084
2026-06-27 10:15:00,Building_A_Lecture,229.82,16.0,0.818,3.006
2026-06-27 10:30:00,Building_A_Lecture,227.52,18.89,0.815,3.502
2026-06-27 10:45:00,Building_A_Lecture,231.61,19.97,0.815,3.771
2026-06-27 11:00:00,Building_A_Lecture,226.89,18.26,0.799,3.311
2026-06-27 11:15:00,Building_A_Lecture,225.42,21.68,0.791,3.865
2026-06-27 11:30:00,Building_A_Lecture,229.4,21.39,0.795,3.9
2026-06-27 11:45:00,Building_A_Lecture,235.27,20.25,0.786,3.746
2026-06-27 12:00:00,Building_A_Lecture,225.65,17.36,0.808,3.165
2026-06-27 12:15:00,Building_A_Lecture,235.6,18.9,0.817,3.64
2026-06-27 12:30:00,Building_A_Lecture,230.97,19.47,0.768,3.452
2026-06-27 12:45:00,Building_A_Lecture,227.64,15.71,0.808,2.89
2026-06-27 13:00:00,Building_A_Lecture,229.64,17.9,0.821,3.377
2026-06-27 13:15:00,Building_A_Lecture,234.6,18.4,0.793,3.424
2026-06-27 13:30:00,Building_A_Lecture,230.52,20.98,0.783,3.789
2026-06-27 13:45:00,Building_A_Lecture,231.52,18.59,0.791,3.405
2026-06-27 14:00:00,Building_A_Lecture,224.44,16.03,0.838,3.014
2026-06-27 14:15:00,Building_A_Lecture,229.55,16.84,0.827,3.198
2026-06-27 14:30:00,Building_A_Lecture,226.01,13.15,0.846,2.512
2026-06-27 14:45:00,Building_A_Lecture,229.04,15.23,0.807,2.816
2026-06-27 15:00:00,Building_A_Lecture,224.07,15.25,0.814,2.782
2026-06-27 15:15:00,Building_A_Lecture,232.64,15.1,0.817,2.87
2026-06-27 15:30:00,Building_A_Lecture,225.04,13.78,0.883,2.74
2026-06-27 15:45:00,Building_A_Lecture,228.62,12.2,0.849,2.37
2026-06-27 16:00:00,Building_A_Lecture,233.44,12.62,0.841,2.479
2026-06-27 16:15:00,Building_A_Lecture,227.82,11.78,0.862,2.311
2026-06-27 16:30:00,Building_A_Lecture,227.7,13.44,0.818,2.502
2026-06-27 16:45:00,Building_A_Lecture,231.75,9.28,0.899,1.932
2026-06-27 17:00:00,Building_A_Lecture,231.14,10.97,0.832,2.111
2026-06-27 17:15:00,Building_A_Lecture,231.25,10.69,0.846,2.089
2026-06-27 17:30:00,Building_A_Lecture,237.0,9.3,0.847,1.866
2026-06-27 17:45:00,Building_A_Lecture,230.78,7.74,0.893,1.594
2026-06-27 18:00:00,Building_A_Lecture,226.44,8.4,0.873,1.661
2026-06-27 18:15:00,Building_A_Lecture,226.21,7.18,0.887,1.441
2026-06-27 18:30:00,Building_A_Lecture,229.81,9.35,0.872,1.874
2026-06-27 18:45:00,Building_A_Lecture,229.94,8.69,0.865,1.729
2026-06-27 19:00:00,Building_A_Lecture,235.09,8.36,0.912,1.793
2026-06-27 19:15:00,Building_A_Lecture,230.75,8.19,0.885,1.672
2026-06-27 19:30:00,Building_A_Lecture,221.45,8.04,0.876,1.559
2026-06-27 19:45:00,Building_A_Lecture,227.59,8.01,0.87,1.586
2026-06-27 20:00:00,Building_A_Lecture,229.62,8.26,0.888,1.684
2026-06-27 20:15:00,Building_A_Lecture,220.41,8.57,0.897,1.694
2026-06-27 20:30:00,Building_A_Lecture,230.5,8.33,0.901,1.731
2026-06-27 20:45:00,Building_A_Lecture,233.24,8.82,0.858,1.764
2026-06-27 21:00:00,Building_A_Lecture,226.5,8.06,0.857,1.563
2026-06-27 21:15:00,Building_A_Lecture,226.14,7.43,0.851,1.429
2026-06-27 21:30:00,Building_A_Lecture,229.61,8.09,0.859,1.597
2026-06-27 21:45:00,Building_A_Lecture,232.94,7.04,0.917,1.503
2026-06-27 22:00:00,Building_A_Lecture,228.94,7.59,0.895,1.554
2026-06-27 22:15:00,Building_A_Lecture,231.8,7.69,0.911,1.625
2026-06-27 22:30:00,Building_A_Lecture,230.07,7.67,0.847,1.494
2026-06-27 22:45:00,Building_A_Lecture,233.48,7.64,0.89,1.587
2026-06-27 23:00:00,Building_A_Lecture,226.82,7.51,0.88,1.499
2026-06-27 23:15:00,Building_A_Lecture,229.08,8.44,0.865,1.672
2026-06-27 23:30:00,Building_A_Lecture,227.19,7.98,0.878,1.591
2026-06-27 23:45:00,Building_A_Lecture,229.45,8.38,0.889,1.71
2026-06-28 00:00:00,Building_A_Lecture,230.92,8.26,0.849,1.619
2026-06-28 00:15:00,Building_A_Lecture,232.0,7.51,0.882,1.538
2026-06-28 00:30:00,Building_A_Lecture,221.82,8.25,0.897,1.641
2026-06-28 00:45:00,Building_A_Lecture,230.82,8.67,0.875,1.75
2026-06-28 01:00:00,Building_A_Lecture,228.09,8.2,0.865,1.618
2026-06-28 01:15:00,Building_A_Lecture,225.13,7.36,0.863,1.431
2026-06-28 01:30:00,Building_A_Lecture,231.49,7.89,0.917,1.675
2026-06-28 01:45:00,Building_A_Lecture,231.56,8.7,0.91,1.833
2026-06-28 02:00:00,Building_A_Lecture,229.1,7.37,0.904,1.528
2026-06-28 02:15:00,Building_A_Lecture,225.54,8.15,0.876,1.611
2026-06-28 02:30:00,Building_A_Lecture,228.13,8.25,0.877,1.65
2026-06-28 02:45:00,Building_A_Lecture,232.84,7.64,0.866,1.54
2026-06-28 03:00:00,Building_A_Lecture,229.78,8.59,0.877,1.73
2026-06-28 03:15:00,Building_A_Lecture,237.21,8.73,0.877,1.815
2026-06-28 03:30:00,Building_A_Lecture,229.13,8.38,0.88,1.69
2026-06-28 03:45:00,Building_A_Lecture,231.74,8.09,0.886,1.662
2026-06-28 04:00:00,Building_A_Lecture,229.87,8.68,0.874,1.743
2026-06-28 04:15:00,Building_A_Lecture,229.47,9.21,0.873,1.845
2026-06-28 04:30:00,Building_A_Lecture,225.59,7.96,0.869,1.56
2026-06-28 04:45:00,Building_A_Lecture,222.99,7.71,0.866,1.488
2026-06-28 05:00:00,Building_A_Lecture,232.59,7.38,0.9,1.545
2026-06-28 05:15:00,Building_A_Lecture,229.25,8.5,0.876,1.707
2026-06-28 05:30:00,Building_A_Lecture,236.94,7.02,0.852,1.419
2026-06-28 05:45:00,Building_A_Lecture,223.03,8.32,0.867,1.609
2026-06-28 06:00:00,Building_A_Lecture,226.69,8.08,0.879,1.609
2026-06-28 06:15:00,Building_A_Lecture,225.65,8.9,0.852,1.71
2026-06-28 06:30:00,Building_A_Lecture,231.48,9.94,0.84,1.932
2026-06-28 06:45:00,Building_A_Lecture,229.22,9.54,0.873,1.908
2026-06-28 07:00:00,Building_A_Lecture,235.3,10.38,0.876,2.141
2026-06-28 07:15:00,Building_A_Lecture,229.49,11.41,0.901,2.359
2026-06-28 07:30:00,Building_A_Lecture,228.97,13.18,0.829,2.502
2026-06-28 07:45:00,Building_A_Lecture,228.56,11.64,0.889,2.364
2026-06-28 08:00:00,Building_A_Lecture,222.99,14.18,0.812,2.568
2026-06-28 08:15:00,Building_A_Lecture,226.99,14.98,0.821,2.791
2026-06-28 08:30:00,Building_A_Lecture,226.85,16.53,0.819,3.069
2026-06-28 08:45:00,Building_A_Lecture,229.72,15.24,0.852,2.984
2026-06-28 09:00:00,Building_A_Lecture,227.8,15.87,0.82,2.965
2026-06-28 09:15:00,Building_A_Lecture,230.68,17.86,0.811,3.341
2026-06-28 09:30:00,Building_A_Lecture,240.21,17.05,0.826,3.382
2026-06-28 09:45:00,Building_A_Lecture,230.03,18.41,0.828,3.508
2026-06-28 10:00:00,Building_A_Lecture,231.49,18.17,0.826,3.476
2026-06-28 10:15:00,Building_A_Lecture,228.24,17.9,0.833,3.402
2026-06-28 10:30:00,Building_A_Lecture,226.51,16.43,0.782,2.912
2026-06-28 10:45:00,Building_A_Lecture,230.63,18.88,0.774,3.37
2026-06-28 11:00:00,Building_A_Lecture,227.94,18.2,0.815,3.382
2026-06-28 11:15:00,Building_A_Lecture,227.96,18.76,0.815,3.483
2026-06-28 11:30:00,Building_A_Lecture,233.69,19.31,0.82,3.7
2026-06-28 11:45:00,Building_A_Lecture,228.28,17.57,0.802,3.217
2026-06-28 12:00:00,Building_A_Lecture,223.2,23.12,0.762,3.931
2026-06-28 12:15:00,Building_A_Lecture,227.04,18.03,0.804,3.293
2026-06-28 12:30:00,Building_A_Lecture,232.06,17.93,0.796,3.31
2026-06-28 12:45:00,Building_A_Lecture,233.32,20.74,0.802,3.881
2026-06-28 13:00:00,Building_A_Lecture,229.38,18.86,0.808,3.496
2026-06-28 13:15:00,Building_A_Lecture,225.89,19.05,0.783,3.37
2026-06-28 13:30:00,Building_A_Lecture,227.49,19.94,0.832,3.773
2026-06-28 13:45:00,Building_A_Lecture,232.14,16.03,0.834,3.106
2026-06-28 14:00:00,Building_A_Lecture,224.38,17.71,0.797,3.169
2026-06-28 14:15:00,Building_A_Lecture,230.3,15.84,0.803,2.928
2026-06-28 14:30:00,Building_A_Lecture,226.99,15.89,0.85,3.065
2026-06-28 14:45:00,Building_A_Lecture,230.31,14.4,0.859,2.849
2026-06-28 15:00:00,Building_A_Lecture,232.32,16.02,0.866,3.224
2026-06-28 15:15:00,Building_A_Lecture,232.67,15.35,0.82,2.927
2026-06-28 15:30:00,Building_A_Lecture,230.01,12.53,0.892,2.572
2026-06-28 15:45:00,Building_A_Lecture,225.06,14.06,0.84,2.657
2026-06-28 16:00:00,Building_A_Lecture,232.9,14.6,0.795,2.704
2026-06-28 16:15:00,Building_A_Lecture,230.51,12.48,0.809,2.328
2026-06-28 16:30:00,Building_A_Lecture,230.36,12.19,0.809,2.272
2026-06-28 16:45:00,Building_A_Lecture,228.16,12.99,0.835,2.475
2026-06-28 17:00:00,Building_A_Lecture,233.65,11.58,0.844,2.283
2026-06-28 17:15:00,Building_A_Lecture,225.9,11.06,0.82,2.048
2026-06-28 17:30:00,Building_A_Lecture,228.92,10.86,0.831,2.065
2026-06-28 17:45:00,Building_A_Lecture,231.57,8.54,0.88,1.74
2026-06-28 18:00:00,Building_A_Lecture,226.36,8.58,0.855,1.661
2026-06-28 18:15:00,Building_A_Lecture,224.88,7.17,0.902,1.455
2026-06-28 18:30:00,Building_A_Lecture,231.24,7.03,0.891,1.449
2026-06-28 18:45:00,Building_A_Lecture,232.14,7.72,0.879,1.576
2026-06-28 19:00:00,Building_A_Lecture,233.17,7.9,0.88,1.622
2026-06-28 19:15:00,Building_A_Lecture,232.3,8.83,0.862,1.766
2026-06-28 19:30:00,Building_A_Lecture,233.11,9.04,0.838,1.767
2026-06-28 19:45:00,Building_A_Lecture,231.52,7.29,0.878,1.481
2026-06-28 20:00:00,Building_A_Lecture,230.68,7.69,0.853,1.514
2026-06-28 20:15:00,Building_A_Lecture,222.24,7.69,0.862,1.473
2026-06-28 20:30:00,Building_A_Lecture,229.62,7.19,0.885,1.46
2026-06-28 20:45:00,Building_A_Lecture,228.7,7.82,0.876,1.567
2026-06-28 21:00:00,Building_A_Lecture,231.97,8.53,0.864,1.71
2026-06-28 21:15:00,Building_A_Lecture,231.26,8.18,0.899,1.702
2026-06-28 21:30:00,Building_A_Lecture,227.47,7.57,0.873,1.504
2026-06-28 21:45:00,Building_A_Lecture,223.51,8.12,0.885,1.606
2026-06-28 22:00:00,Building_A_Lecture,231.76,7.93,0.885,1.627
2026-06-28 22:15:00,Building_A_Lecture,227.62,8.89,0.874,1.768
2026-06-28 22:30:00,Building_A_Lecture,229.1,8.19,0.893,1.675
2026-06-28 22:45:00,Building_A_Lecture,231.57,7.73,0.888,1.589
2026-06-28 23:00:00,Building_A_Lecture,228.97,8.87,0.847,1.718
2026-06-28 23:15:00,Building_A_Lecture,227.5,8.83,0.89,1.788
2026-06-28 23:30:00,Building_A_Lecture,228.39,9.16,0.881,1.843
2026-06-28 23:45:00,Building_A_Lecture,226.1,8.2,0.859,1.593
2026-06-01 00:00:00,Building_B_Lab,227.6,22.62,0.815,4.196
2026-06-01 00:15:00,Building_B_Lab,230.79,23.42,0.813,4.396
2026-06-01 00:30:00,Building_B_Lab,233.93,25.67,0.755,4.533
2026-06-01 00:45:00,Building_B_Lab,224.17,24.22,0.751,4.081
2026-06-01 01:00:00,Building_B_Lab,229.15,27.91,0.75,4.796
2026-06-01 01:15:00,Building_B_Lab,225.87,26.35,0.782,4.656
2026-06-01 01:30:00,Building_B_Lab,229.51,25.49,0.812,4.75
2026-06-01 01:45:00,Building_B_Lab,233.2,26.7,0.753,4.691
2026-06-01 02:00:00,Building_B_Lab,229.56,23.8,0.776,4.238
2026-06-01 02:15:00,Building_B_Lab,228.21,22.05,0.805,4.05
2026-06-01 02:30:00,Building_B_Lab,231.35,25.36,0.75,4.399
2026-06-01 02:45:00,Building_B_Lab,232.73,24.64,0.75,4.301
2026-06-01 03:00:00,Building_B_Lab,227.59,23.3,0.75,3.977
2026-06-01 03:15:00,Building_B_Lab,233.05,23.98,0.792,4.423
2026-06-01 03:30:00,Building_B_Lab,229.17,24.82,0.771,4.386
2026-06-01 03:45:00,Building_B_Lab,237.52,27.76,0.755,4.98
2026-06-01 04:00:00,Building_B_Lab,232.21,20.83,0.779,3.77
2026-06-01 04:15:00,Building_B_Lab,227.53,26.18,0.756,4.503
2026-06-01 04:30:00,Building_B_Lab,234.12,23.21,0.75,4.076
2026-06-01 04:45:00,Building_B_Lab,223.27,22.14,0.778,3.843
2026-06-01 05:00:00,Building_B_Lab,229.74,21.96,0.785,3.961
2026-06-01 05:15:00,Building_B_Lab,232.62,25.09,0.793,4.626
2026-06-01 05:30:00,Building_B_Lab,231.77,25.4,0.76,4.476
2026-06-01 05:45:00,Building_B_Lab,227.52,26.28,0.75,4.484
2026-06-01 06:00:00,Building_B_Lab,229.59,22.04,0.804,4.068
2026-06-01 06:15:00,Building_B_Lab,231.18,25.58,0.75,4.435
2026-06-01 06:30:00,Building_B_Lab,228.65,32.04,0.75,5.495
2026-06-01 06:45:00,Building_B_Lab,226.5,42.23,0.75,7.173
2026-06-01 07:00:00,Building_B_Lab,228.85,36.96,0.75,6.343
2026-06-01 07:15:00,Building_B_Lab,229.74,52.05,0.75,8.97
2026-06-01 07:30:00,Building_B_Lab,229.93,46.12,0.75,7.953
2026-06-01 07:45:00,Building_B_Lab,233.85,55.15,0.75,9.672
2026-06-01 08:00:00,Building_B_Lab,234.39,52.32,0.75,9.198
2026-06-01 08:15:00,Building_B_Lab,235.6,59.55,0.75,10.522
2026-06-01 08:30:00,Building_B_Lab,237.64,69.39,0.75,12.367
2026-06-01 08:45:00,Building_B_Lab,235.52,74.58,0.75,13.173
2026-06-01 09:00:00,Building_B_Lab,228.15,78.62,0.75,13.453
2026-06-01 09:15:00,Building_B_Lab,230.26,76.17,0.75,13.155
2026-06-01 09:30:00,Building_B_Lab,232.17,66.58,0.75,11.593
2026-06-01 09:45:00,Building_B_Lab,229.72,85.73,0.75,14.771
2026-06-01 10:00:00,Building_B_Lab,229.46,78.33,0.75,13.48
2026-06-01 10:15:00,Building_B_Lab,228.26,81.57,0.75,13.965
2026-06-01 10:30:00,Building_B_Lab,229.59,88.06,0.75,15.162
2026-06-01 10:45:00,Building_B_Lab,234.28,86.85,0.75,15.261
2026-06-01 11:00:00,Building_B_Lab,229.84,91.38,0.75,15.753
2026-06-01 11:15:00,Building_B_Lab,231.78,84.21,0.75,14.638
2026-06-01 11:30:00,Building_B_Lab,226.59,91.06,0.75,15.476
2026-06-01 11:45:00,Building_B_Lab,230.71,90.55,0.75,15.668
2026-06-01 12:00:00,Building_B_Lab,230.52,102.28,0.75,17.683
2026-06-01 12:15:00,Building_B_Lab,229.03,81.84,0.75,14.058
2026-06-01 12:30:00,Building_B_Lab,230.99,91.45,0.75,15.843
2026-06-01 12:45:00,Building_B_Lab,229.12,84.77,0.75,14.567
2026-06-01 13:00:00,Building_B_Lab,228.19,86.13,0.75,14.741
2026-06-01 13:15:00,Building_B_Lab,226.07,77.69,0.75,13.172
2026-06-01 13:30:00,Building_B_Lab,228.75,89.08,0.75,15.282
2026-06-01 13:45:00,Building_B_Lab,229.27,80.76,0.75,13.887
2026-06-01 14:00:00,Building_B_Lab,234.07,89.71,0.75,15.749
2026-06-01 14:15:00,Building_B_Lab,228.65,77.75,0.75,13.333
2026-06-01 14:30:00,Building_B_Lab,223.64,71.85,0.75,12.052
2026-06-01 14:45:00,Building_B_Lab,225.32,72.99,0.75,12.334
2026-06-01 15:00:00,Building_B_Lab,226.95,69.1,0.75,11.761
2026-06-01 15:15:00,Building_B_Lab,232.08,64.0,0.75,11.139
2026-06-01 15:30:00,Building_B_Lab,230.94,66.03,0.75,11.436
2026-06-01 15:45:00,Building_B_Lab,223.18,68.05,0.75,11.39
2026-06-01 16:00:00,Building_B_Lab,226.6,62.03,0.75,10.541
2026-06-01 16:15:00,Building_B_Lab,230.85,51.68,0.75,8.947
2026-06-01 16:30:00,Building_B_Lab,232.47,54.19,0.75,9.448
2026-06-01 16:45:00,Building_B_Lab,231.66,46.2,0.75,8.027
2026-06-01 17:00:00,Building_B_Lab,229.05,43.58,0.75,7.486
2026-06-01 17:15:00,Building_B_Lab,228.69,35.64,0.75,6.113
2026-06-01 17:30:00,Building_B_Lab,227.01,32.05,0.75,5.457
2026-06-01 17:45:00,Building_B_Lab,231.18,27.3,0.75,4.733
2026-06-01 18:00:00,Building_B_Lab,235.43,23.61,0.75,4.168
2026-06-01 18:15:00,Building_B_Lab,229.94,23.4,0.773,4.161
2026-06-01 18:30:00,Building_B_Lab,231.44,23.95,0.754,4.181
2026-06-01 18:45:00,Building_B_Lab,225.23,28.25,0.776,4.935
2026-06-01 19:00:00,Building_B_Lab,223.69,24.48,0.769,4.21
2026-06-01 19:15:00,Building_B_Lab,229.27,22.91,0.769,4.04
2026-06-01 19:30:00,Building_B_Lab,230.87,28.7,0.75,4.97
2026-06-01 19:45:00,Building_B_Lab,228.61,26.37,0.75,4.522
2026-06-01 20:00:00,Building_B_Lab,226.32,26.32,0.75,4.468
2026-06-01 20:15:00,Building_B_Lab,234.24,26.84,0.75,4.714
2026-06-01 20:30:00,Building_B_Lab,235.19,26.59,0.75,4.69
2026-06-01 20:45:00,Building_B_Lab,231.11,26.69,0.75,4.626
2026-06-01 21:00:00,Building_B_Lab,234.58,24.7,0.75,4.345
2026-06-01 21:15:00,Building_B_Lab,225.57,19.05,0.788,3.387
2026-06-01 21:30:00,Building_B_Lab,230.83,25.58,0.771,4.554
2026-06-01 21:45:00,Building_B_Lab,226.41,26.27,0.767,4.562
2026-06-01 22:00:00,Building_B_Lab,230.32,25.95,0.772,4.613
2026-06-01 22:15:00,Building_B_Lab,230.87,23.06,0.791,4.213
2026-06-01 22:30:00,Building_B_Lab,230.2,23.82,0.796,4.366
2026-06-01 22:45:00,Building_B_Lab,231.88,24.19,0.788,4.418
2026-06-01 23:00:00,Building_B_Lab,232.69,25.39,0.773,4.568
2026-06-01 23:15:00,Building_B_Lab,232.73,24.81,0.753,4.345
2026-06-01 23:30:00,Building_B_Lab,223.87,24.15,0.792,4.28
2026-06-01 23:45:00,Building_B_Lab,231.51,22.64,0.801,4.2
2026-06-02 00:00:00,Building_B_Lab,228.29,26.51,0.75,4.539
2026-06-02 00:15:00,Building_B_Lab,229.55,25.41,0.758,4.421
2026-06-02 00:30:00,Building_B_Lab,228.4,23.45,0.778,4.167
2026-06-02 00:45:00,Building_B_Lab,234.58,22.34,0.792,4.151
2026-06-02 01:00:00,Building_B_Lab,224.95,21.75,0.787,3.851
2026-06-02 01:15:00,Building_B_Lab,230.86,25.73,0.75,4.455
2026-06-02 01:30:00,Building_B_Lab,229.19,26.15,0.752,4.507
2026-06-02 01:45:00,Building_B_Lab,226.55,23.24,0.773,4.069
2026-06-02 02:00:00,Building_B_Lab,227.78,25.87,0.75,4.421
2026-06-02 02:15:00,Building_B_Lab,227.4,25.33,0.751,4.326
2026-06-02 02:30:00,Building_B_Lab,232.83,22.73,0.776,4.105
2026-06-02 02:45:00,Building_B_Lab,227.94,27.91,0.75,4.772
2026-06-02 03:00:00,Building_B_Lab,229.3,29.34,0.75,5.046
2026-06-02 03:15:00,Building_B_Lab,230.0,25.77,0.775,4.593
2026-06-02 03:30:00,Building_B_Lab,231.08,23.51,0.766,4.164
2026-06-02 03:45:00,Building_B_Lab,227.82,22.64,0.75,3.868
2026-06-02 04:00:00,Building_B_Lab,229.38,27.01,0.75,4.647
2026-06-02 04:15:00,Building_B_Lab,231.59,24.4,0.797,4.503
2026-06-02 04:30:00,Building_B_Lab,232.3,25.82,0.75,4.498
2026-06-02 04:45:00,Building_B_Lab,230.68,23.69,0.761,4.159
2026-06-02 05:00:00,Building_B_Lab,235.45,22.88,0.757,4.076
2026-06-02 05:15:00,Building_B_Lab,228.5,26.08,0.783,4.664
2026-06-02 05:30:00,Building_B_Lab,230.06,24.93,0.774,4.442
2026-06-02 05:45:00,Building_B_Lab,231.15,25.98,0.756,4.538
2026-06-02 06:00:00,Building_B_Lab,230.8,25.33,0.75,4.384
2026-06-02 06:15:00,Building_B_Lab,229.3,30.57,0.75,5.257
2026-06-02 06:30:00,Building_B_Lab,228.76,30.83,0.75,5.289
2026-06-02 06:45:00,Building_B_Lab,228.1,39.25,0.75,6.715
2026-06-02 07:00:00,Building_B_Lab,232.05,37.34,0.75,6.499
2026-06-02 07:15:00,Building_B_Lab,229.74,47.51,0.75,8.186
2026-06-02 07:30:00,Building_B_Lab,231.1,53.75,0.75,9.316
2026-06-02 07:45:00,Building_B_Lab,226.2,49.37,0.75,8.376
2026-06-02 08:00:00,Building_B_Lab,232.53,61.99,0.75,10.811
2026-06-02 08:15:00,Building_B_Lab,234.07,62.88,0.75,11.04
2026-06-02 08:30:00,Building_B_Lab,226.04,57.63,0.75,9.77
2026-06-02 08:45:00,Building_B_Lab,235.15,61.53,0.75,10.852
2026-06-02 09:00:00,Building_B_Lab,233.22,78.6,0.75,13.749
2026-06-02 09:15:00,Building_B_Lab,233.19,66.32,0.75,11.599
2026-06-02 09:30:00,Building_B_Lab,236.48,74.06,0.75,13.136
2026-06-02 09:45:00,Building_B_Lab,229.41,76.5,0.75,13.162
2026-06-02 10:00:00,Building_B_Lab,231.17,93.03,0.75,16.13
2026-06-02 10:15:00,Building_B_Lab,230.66,98.42,0.75,17.026
2026-06-02 10:30:00,Building_B_Lab,231.44,91.61,0.75,15.901
2026-06-02 10:45:00,Building_B_Lab,228.86,78.34,0.75,13.447
2026-06-02 11:00:00,Building_B_Lab,233.58,91.37,0.75,16.006
2026-06-02 11:15:00,Building_B_Lab,230.63,86.18,0.75,14.907
2026-06-02 11:30:00,Building_B_Lab,229.57,86.23,0.75,14.846
2026-06-02 11:45:00,Building_B_Lab,231.92,97.07,0.75,16.885
2026-06-02 12:00:00,Building_B_Lab,228.57,77.57,0.75,13.298
2026-06-02 12:15:00,Building_B_Lab,232.97,87.37,0.75,15.267
2026-06-02 12:30:00,Building_B_Lab,225.92,102.16,0.75,17.31
2026-06-02 12:45:00,Building_B_Lab,229.84,98.45,0.75,16.97
2026-06-02 13:00:00,Building_B_Lab,225.73,83.64,0.75,14.161
2026-06-02 13:15:00,Building_B_Lab,232.02,91.23,0.75,15.875
2026-06-02 13:30:00,Building_B_Lab,229.0,92.62,0.75,15.907
2026-06-02 13:45:00,Building_B_Lab,224.18,82.79,0.75,13.92
2026-06-02 14:00:00,Building_B_Lab,234.49,63.29,0.75,11.132
2026-06-02 14:15:00,Building_B_Lab,227.94,80.96,0.75,13.841
2026-06-02 14:30:00,Building_B_Lab,230.27,75.69,0.75,13.071
2026-06-02 14:45:00,Building_B_Lab,230.45,74.84,0.75,12.934
2026-06-02 15:00:00,Building_B_Lab,228.42,77.42,0.75,13.263
2026-06-02 15:15:00,Building_B_Lab,229.72,74.9,0.75,12.905
2026-06-02 15:30:00,Building_B_Lab,229.54,64.07,0.75,11.03
2026-06-02 15:45:00,Building_B_Lab,229.64,67.39,0.75,11.606
2026-06-02 16:00:00,Building_B_Lab,230.01,60.63,0.75,10.458
2026-06-02 16:15:00,Building_B_Lab,226.28,51.77,0.75,8.786
2026-06-02 16:30:00,Building_B_Lab,235.03,47.59,0.75,8.388
2026-06-02 16:45:00,Building_B_Lab,232.83,46.92,0.75,8.194
2026-06-02 17:00:00,Building_B_Lab,228.41,45.96,0.75,7.873
2026-06-02 17:15:00,Building_B_Lab,232.74,35.52,0.75,6.199
2026-06-02 17:30:00,Building_B_Lab,230.0,35.56,0.75,6.134
2026-06-02 17:45:00,Building_B_Lab,226.57,30.25,0.771,5.284
2026-06-02 18:00:00,Building_B_Lab,228.16,24.33,0.757,4.2
2026-06-02 18:15:00,Building_B_Lab,225.22,23.95,0.755,4.071
2026-06-02 18:30:00,Building_B_Lab,227.71,28.9,0.75,4.935
2026-06-02 18:45:00,Building_B_Lab,236.42,27.35,0.75,4.85
2026-06-02 19:00:00,Building_B_Lab,227.24,22.54,0.759,3.885
2026-06-02 19:15:00,Building_B_Lab,230.12,25.44,0.75,4.391
2026-06-02 19:30:00,Building_B_Lab,228.87,20.65,0.787,3.718
2026-06-02 19:45:00,Building_B_Lab,226.05,24.51,0.757,4.192
2026-06-02 20:00:00,Building_B_Lab,223.98,22.74,0.772,3.931
2026-06-02 20:15:00,Building_B_Lab,226.97,24.69,0.784,4.391
2026-06-02 20:30:00,Building_B_Lab,230.96,25.81,0.758,4.516
2026-06-02 20:45:00,Building_B_Lab,232.42,25.76,0.761,4.557
2026-06-02 21:00:00,Building_B_Lab,231.19,28.21,0.75,4.891
2026-06-02 21:15:00,Building_B_Lab,232.36,25.27,0.75,4.403
2026-06-02 21:30:00,Building_B_Lab,231.37,24.08,0.778,4.334
2026-06-02 21:45:00,Building_B_Lab,226.59,22.15,0.787,3.95
2026-06-02 22:00:00,Building_B_Lab,232.76,23.55,0.774,4.243
2026-06-02 22:15:00,Building_B_Lab,228.2,24.84,0.755,4.279
2026-06-02 22:30:00,Building_B_Lab,234.29,25.06,0.772,4.533
2026-06-02 22:45:00,Building_B_Lab,230.88,27.77,0.75,4.809
2026-06-02 23:00:00,Building_B_Lab,234.86,26.08,0.771,4.724
2026-06-02 23:15:00,Building_B_Lab,232.2,25.11,0.75,4.372
2026-06-02 23:30:00,Building_B_Lab,232.65,25.58,0.779,4.638
2026-06-02 23:45:00,Building_B_Lab,230.34,23.28,0.77,4.13
2026-06-03 00:00:00,Building_B_Lab,236.89,26.3,0.75,4.672
2026-06-03 00:15:00,Building_B_Lab,223.71,23.47,0.778,4.087
2026-06-03 00:30:00,Building_B_Lab,233.09,24.49,0.762,4.351
2026-06-03 00:45:00,Building_B_Lab,230.2,26.17,0.765,4.609
2026-06-03 01:00:00,Building_B_Lab,225.86,24.95,0.754,4.247
2026-06-03 01:15:00,Building_B_Lab,232.65,26.7,0.764,4.747
2026-06-03 01:30:00,Building_B_Lab,231.07,24.44,0.763,4.307
2026-06-03 01:45:00,Building_B_Lab,221.64,26.05,0.75,4.33
2026-06-03 02:00:00,Building_B_Lab,229.03,23.62,0.773,4.183
2026-06-03 02:15:00,Building_B_Lab,227.49,24.68,0.753,4.226
2026-06-03 02:30:00,Building_B_Lab,227.16,22.84,0.792,4.109
2026-06-03 02:45:00,Building_B_Lab,235.32,23.46,0.767,4.236
2026-06-03 03:00:00,Building_B_Lab,235.66,28.06,0.75,4.96
2026-06-03 03:15:00,Building_B_Lab,227.75,25.07,0.762,4.352
2026-06-03 03:30:00,Building_B_Lab,232.07,23.98,0.766,4.264
2026-06-03 03:45:00,Building_B_Lab,228.8,24.54,0.75,4.21
2026-06-03 04:00:00,Building_B_Lab,232.09,24.26,0.768,4.322
2026-06-03 04:15:00,Building_B_Lab,231.22,24.46,0.75,4.242
2026-06-03 04:30:00,Building_B_Lab,233.77,24.89,0.755,4.392
2026-06-03 04:45:00,Building_B_Lab,230.06,25.74,0.758,4.489
2026-06-03 05:00:00,Building_B_Lab,231.19,23.57,0.752,4.096
2026-06-03 05:15:00,Building_B_Lab,232.89,24.22,0.788,4.444
2026-06-03 05:30:00,Building_B_Lab,227.78,21.65,0.753,3.713
2026-06-03 05:45:00,Building_B_Lab,232.13,29.88,0.769,5.335
2026-06-03 06:00:00,Building_B_Lab,231.22,26.66,0.75,4.623
2026-06-03 06:15:00,Building_B_Lab,224.72,27.9,0.81,5.077
2026-06-03 06:30:00,Building_B_Lab,229.82,33.11,0.75,5.706
2026-06-03 06:45:00,Building_B_Lab,229.43,34.18,0.75,5.881
2026-06-03 07:00:00,Building_B_Lab,230.18,46.59,0.75,8.043
2026-06-03 07:15:00,Building_B_Lab,225.71,41.2,0.75,6.974
2026-06-03 07:30:00,Building_B_Lab,229.66,51.22,0.75,8.822
2026-06-03 07:45:00,Building_B_Lab,226.15,43.5,0.75,7.379
2026-06-03 08:00:00,Building_B_Lab,231.23,63.05,0.75,10.935
2026-06-03 08:15:00,Building_B_Lab,234.54,62.22,0.75,10.945
2026-06-03 08:30:00,Building_B_Lab,228.76,64.27,0.75,11.027
2026-06-03 08:45:00,Building_B_Lab,231.47,70.86,0.75,12.302
2026-06-03 09:00:00,Building_B_Lab,227.19,78.11,0.75,13.309
2026-06-03 09:15:00,Building_B_Lab,233.72,80.87,0.75,14.176
2026-06-03 09:30:00,Building_B_Lab,234.57,77.14,0.75,13.572
2026-06-03 09:45:00,Building_B_Lab,232.75,77.09,0.75,13.456
2026-06-03 10:00:00,Building_B_Lab,222.72,79.45,0.75,13.271
2026-06-03 10:15:00,Building_B_Lab,231.18,77.83,0.75,13.495
2026-06-03 10:30:00,Building_B_Lab,232.97,87.73,0.75,15.329
2026-06-03 10:45:00,Building_B_Lab,224.5,82.19,0.75,13.838
2026-06-03 11:00:00,Building_B_Lab,232.63,97.58,0.75,17.026
2026-06-03 11:15:00,Building_B_Lab,233.89,84.2,0.75,14.769
2026-06-03 11:30:00,Building_B_Lab,224.83,95.98,0.75,16.184
2026-06-03 11:45:00,Building_B_Lab,226.68,100.3,0.75,17.052
2026-06-03 12:00:00,Building_B_Lab,226.33,89.35,0.75,15.167
2026-06-03 12:15:00,Building_B_Lab,231.78,92.95,0.75,16.158
2026-06-03 12:30:00,Building_B_Lab,225.95,75.03,0.75,12.715
2026-06-03 12:45:00,Building_B_Lab,235.62,80.34,0.75,14.197
2026-06-03 13:00:00,Building_B_Lab,228.13,87.76,0.75,15.015
2026-06-03 13:15:00,Building_B_Lab,227.63,90.5,0.75,15.45
2026-06-03 13:30:00,Building_B_Lab,230.72,83.33,0.75,14.419
2026-06-03 13:45:00,Building_B_Lab,227.48,91.4,0.75,15.594
2026-06-03 14:00:00,Building_B_Lab,231.83,84.29,0.75,14.656
2026-06-03 14:15:00,Building_B_Lab,226.7,75.21,0.75,12.788
2026-06-03 14:30:00,Building_B_Lab,230.08,70.64,0.75,12.19
2026-06-03 14:45:00,Building_B_Lab,233.04,73.94,0.75,12.924
2026-06-03 15:00:00,Building_B_Lab,229.56,85.29,0.75,14.684
2026-06-03 15:15:00,Building_B_Lab,231.7,57.78,0.75,10.041
2026-06-03 15:30:00,Building_B_Lab,234.0,65.09,0.75,11.424
2026-06-03 15:45:00,Building_B_Lab,227.38,54.85,0.75,9.353
2026-06-03 16:00:00,Building_B_Lab,231.61,69.47,0.75,12.068
2026-06-03 16:15:00,Building_B_Lab,233.16,52.25,0.75,9.136
2026-06-03 16:30:00,Building_B_Lab,226.63,53.5,0.75,9.093
2026-06-03 16:45:00,Building_B_Lab,223.61,53.89,0.75,9.037
2026-06-03 17:00:00,Building_B_Lab,221.67,39.73,0.75,6.605
2026-06-03 17:15:00,Building_B_Lab,231.29,44.99,0.75,7.805
2026-06-03 17:30:00,Building_B_Lab,232.52,33.97,0.75,5.923
2026-06-03 17:45:00,Building_B_Lab,229.89,30.11,0.759,5.257
2026-06-03 18:00:00,Building_B_Lab,226.89,19.07,0.821,3.551
2026-06-03 18:15:00,Building_B_Lab,229.77,27.29,0.752,4.717
2026-06-03 18:30:00,Building_B_Lab,232.58,26.97,0.767,4.812
2026-06-03 18:45:00,Building_B_Lab,227.58,20.75,0.821,3.877
2026-06-03 19:00:00,Building_B_Lab,228.22,27.19,0.765,4.747
2026-06-03 19:15:00,Building_B_Lab,227.8,28.1,0.75,4.8
2026-06-03 19:30:00,Building_B_Lab,231.78,23.49,0.793,4.317
2026-06-03 19:45:00,Building_B_Lab,224.11,24.8,0.75,4.169
2026-06-03 20:00:00,Building_B_Lab,223.46,25.02,0.75,4.193
2026-06-03 20:15:00,Building_B_Lab,228.72,25.03,0.75,4.294
2026-06-03 20:30:00,Building_B_Lab,230.08,23.08,0.754,4.005
2026-06-03 20:45:00,Building_B_Lab,231.77,27.37,0.77,4.883
2026-06-03 21:00:00,Building_B_Lab,236.07,19.4,0.788,3.61
2026-06-03 21:15:00,Building_B_Lab,228.36,27.97,0.75,4.79
2026-06-03 21:30:00,Building_B_Lab,225.63,22.97,0.764,3.959
2026-06-03 21:45:00,Building_B_Lab,232.2,26.21,0.75,4.564
2026-06-03 22:00:00,Building_B_Lab,233.21,28.1,0.76,4.977
2026-06-03 22:15:00,Building_B_Lab,229.65,27.25,0.788,4.934
2026-06-03 22:30:00,Building_B_Lab,228.28,25.09,0.778,4.458
2026-06-03 22:45:00,Building_B_Lab,227.43,25.74,0.75,4.391
2026-06-03 23:00:00,Building_B_Lab,225.41,28.49,0.75,4.816
2026-06-03 23:15:00,Building_B_Lab,227.57,27.87,0.755,4.787
2026-06-03 23:30:00,Building_B_Lab,230.7,27.71,0.754,4.823
2026-06-03 23:45:00,Building_B_Lab,231.86,24.0,0.75,4.173
2026-06-04 00:00:00,Building_B_Lab,229.46,29.89,0.75,5.144
2026-06-04 00:15:00,Building_B_Lab,236.84,24.32,0.75,4.32
2026-06-04 00:30:00,Building_B_Lab,226.26,25.27,0.757,4.328
2026-06-04 00:45:00,Building_B_Lab,232.13,26.75,0.76,4.719
2026-06-04 01:00:00,Building_B_Lab,229.63,18.93,0.8,3.478
2026-06-04 01:15:00,Building_B_Lab,235.16,26.29,0.75,4.637
2026-06-04 01:30:00,Building_B_Lab,234.72,24.48,0.751,4.316
2026-06-04 01:45:00,Building_B_Lab,230.85,25.83,0.759,4.526
2026-06-04 02:00:00,Building_B_Lab,230.63,26.64,0.75,4.61
2026-06-04 02:15:00,Building_B_Lab,226.36,24.62,0.766,4.27
2026-06-04 02:30:00,Building_B_Lab,228.06,22.83,0.774,4.029
2026-06-04 02:45:00,Building_B_Lab,231.63,26.16,0.782,4.736
2026-06-04 03:00:00,Building_B_Lab,228.89,23.67,0.767,4.156
2026-06-04 03:15:00,Building_B_Lab,227.86,24.84,0.75,4.245
2026-06-04 03:30:00,Building_B_Lab,231.42,24.12,0.759,4.237
2026-06-04 03:45:00,Building_B_Lab,232.38,28.21,0.75,4.916
2026-06-04 04:00:00,Building_B_Lab,231.57,28.01,0.75,4.865
2026-06-04 04:15:00,Building_B_Lab,228.07,27.65,0.75,4.729
2026-06-04 04:30:00,Building_B_Lab,224.86,23.48,0.773,4.08
2026-06-04 04:45:00,Building_B_Lab,228.03,25.14,0.75,4.3
2026-06-04 05:00:00,Building_B_Lab,226.94,25.43,0.778,4.49
2026-06-04 05:15:00,Building_B_Lab,235.49,24.43,0.78,4.488
2026-06-04 05:30:00,Building_B_Lab,224.81,26.41,0.763,4.53
2026-06-04 05:45:00,Building_B_Lab,234.33,26.45,0.75,4.648
2026-06-04 06:00:00,Building_B_Lab,231.42,26.64,0.784,4.835
2026-06-04 06:15:00,Building_B_Lab,227.84,27.96,0.752,4.793
2026-06-04 06:30:00,Building_B_Lab,233.85,29.19,0.75,5.119
2026-06-04 06:45:00,Building_B_Lab,230.37,43.33,0.75,7.487
2026-06-04 07:00:00,Building_B_Lab,228.97,38.56,0.75,6.622
2026-06-04 07:15:00,Building_B_Lab,225.42,49.69,0.75,8.4
2026-06-04 07:30:00,Building_B_Lab,230.67,49.02,0.75,8.481
2026-06-04 07:45:00,Building_B_Lab,221.86,51.32,0.75,8.54
2026-06-04 08:00:00,Building_B_Lab,234.75,62.23,0.75,10.956
2026-06-04 08:15:00,Building_B_Lab,226.05,60.27,0.75,10.217
2026-06-04 08:30:00,Building_B_Lab,229.76,53.08,0.75,9.147
2026-06-04 08:45:00,Building_B_Lab,229.32,76.95,0.75,13.235
2026-06-04 09:00:00,Building_B_Lab,228.88,66.07,0.75,11.342
2026-06-04 09:15:00,Building_B_Lab,228.93,72.72,0.75,12.486
2026-06-04 09:30:00,Building_B_Lab,226.48,72.75,0.75,12.357
2026-06-04 09:45:00,Building_B_Lab,230.28,76.95,0.75,13.29
2026-06-04 10:00:00,Building_B_Lab,227.9,86.24,0.75,14.741
2026-06-04 10:15:00,Building_B_Lab,237.11,80.9,0.75,14.386
2026-06-04 10:30:00,Building_B_Lab,230.94,83.16,0.75,14.403
2026-06-04 10:45:00,Building_B_Lab,225.65,90.93,0.75,15.389
2026-06-04 11:00:00,Building_B_Lab,223.25,80.92,0.75,13.549
2026-06-04 11:15:00,Building_B_Lab,229.81,83.85,0.75,14.453
2026-06-04 11:30:00,Building_B_Lab,236.06,80.04,0.75,14.17
2026-06-04 11:45:00,Building_B_Lab,232.94,95.42,0.75,16.671
2026-06-04 12:00:00,Building_B_Lab,234.86,86.42,0.75,15.223
2026-06-04 12:15:00,Building_B_Lab,231.05,107.4,0.75,18.612
2026-06-04 12:30:00,Building_B_Lab,234.01,83.49,0.75,14.652
2026-06-04 12:45:00,Building_B_Lab,230.91,86.08,0.75,14.908
2026-06-04 13:00:00,Building_B_Lab,235.95,83.77,0.75,14.824
2026-06-04 13:15:00,Building_B_Lab,232.77,93.37,0.75,16.3
2026-06-04 13:30:00,Building_B_Lab,230.07,88.18,0.75,15.216
2026-06-04 13:45:00,Building_B_Lab,224.92,87.14,0.75,14.7
2026-06-04 14:00:00,Building_B_Lab,221.12,73.48,0.75,12.186
2026-06-04 14:15:00,Building_B_Lab,228.28,73.79,0.75,12.633
2026-06-04 14:30:00,Building_B_Lab,231.03,79.0,0.75,13.688
2026-06-04 14:45:00,Building_B_Lab,230.13,73.97,0.75,12.768
2026-06-04 15:00:00,Building_B_Lab,231.83,65.34,0.75,11.361
2026-06-04 15:15:00,Building_B_Lab,220.52,69.95,0.75,11.569
2026-06-04 15:30:00,Building_B_Lab,229.33,57.08,0.75,9.818
2026-06-04 15:45:00,Building_B_Lab,225.19,57.87,0.75,9.774
2026-06-04 16:00:00,Building_B_Lab,220.66,51.01,0.75,8.442
2026-06-04 16:15:00,Building_B_Lab,228.95,42.9,0.75,7.366
2026-06-04 16:30:00,Building_B_Lab,234.0,52.75,0.75,9.258
2026-06-04 16:45:00,Building_B_Lab,235.99,55.24,0.75,9.777
2026-06-04 17:00:00,Building_B_Lab,233.6,36.97,0.75,6.477
2026-06-04 17:15:00,Building_B_Lab,225.87,39.04,0.75,6.614
2026-06-04 17:30:00,Building_B_Lab,222.33,35.73,0.75,5.958
2026-06-04 17:45:00,Building_B_Lab,229.85,28.48,0.75,4.91
2026-06-04 18:00:00,Building_B_Lab,231.8,25.36,0.751,4.412
2026-06-04 18:15:00,Building_B_Lab,232.96,23.71,0.772,4.265
2026-06-04 18:30:00,Building_B_Lab,232.45,23.96,0.796,4.432
2026-06-04 18:45:00,Building_B_Lab,231.85,23.81,0.782,4.318
2026-06-04 19:00:00,Building_B_Lab,230.94,27.32,0.772,4.871
2026-06-04 19:15:00,Building_B_Lab,233.32,22.19,0.791,4.094
2026-06-04 19:30:00,Building_B_Lab,224.37,22.65,0.804,4.088
2026-06-04 19:45:00,Building_B_Lab,221.82,24.48,0.802,4.352
2026-06-04 20:00:00,Building_B_Lab,235.88,22.86,0.75,4.044
2026-06-04 20:15:00,Building_B_Lab,231.15,26.31,0.775,4.713
2026-06-04 20:30:00,Building_B_Lab,226.18,24.07,0.794,4.321
2026-06-04 20:45:00,Building_B_Lab,230.84,24.66,0.75,4.27
2026-06-04 21:00:00,Building_B_Lab,224.56,28.19,0.75,4.748
2026-06-04 21:15:00,Building_B_Lab,230.77,23.79,0.785,4.309
2026-06-04 21:30:00,Building_B_Lab,227.02,25.32,0.771,4.434
2026-06-04 21:45:00,Building_B_Lab,228.82,25.69,0.769,4.519
2026-06-04 22:00:00,Building_B_Lab,229.15,27.97,0.751,4.81
2026-06-04 22:15:00,Building_B_Lab,231.59,22.91,0.777,4.123
2026-06-04 22:30:00,Building_B_Lab,230.46,25.88,0.771,4.597
2026-06-04 22:45:00,Building_B_Lab,230.33,27.52,0.75,4.754
2026-06-04 23:00:00,Building_B_Lab,224.74,-24.88,0.75,-4.194
2026-06-04 23:15:00,Building_B_Lab,231.82,26.58,0.778,4.791
2026-06-04 23:30:00,Building_B_Lab,237.77,20.96,0.787,3.921
2026-06-04 23:45:00,Building_B_Lab,227.89,27.69,0.76,4.793
2026-06-05 00:00:00,Building_B_Lab,232.51,25.32,0.754,4.442
2026-06-05 00:15:00,Building_B_Lab,233.89,24.7,0.775,4.475
2026-06-05 00:30:00,Building_B_Lab,227.97,22.66,0.779,4.023
2026-06-05 00:45:00,Building_B_Lab,232.67,25.98,0.75,4.534
2026-06-05 01:00:00,Building_B_Lab,225.82,26.01,0.77,4.525
2026-06-05 01:15:00,Building_B_Lab,229.72,26.89,0.756,4.673
2026-06-05 01:30:00,Building_B_Lab,223.29,24.39,0.75,4.084
2026-06-05 01:45:00,Building_B_Lab,231.1,28.92,0.75,5.012
2026-06-05 02:00:00,Building_B_Lab,232.95,25.74,0.75,4.497
2026-06-05 02:15:00,Building_B_Lab,226.12,22.69,0.786,4.033
2026-06-05 02:30:00,Building_B_Lab,233.86,28.21,0.75,4.947
2026-06-05 02:45:00,Building_B_Lab,226.18,24.38,0.75,4.135
2026-06-05 03:00:00,Building_B_Lab,226.36,24.47,0.78,4.324
2026-06-05 03:15:00,Building_B_Lab,232.48,25.21,0.75,4.396
2026-06-05 03:30:00,Building_B_Lab,232.81,25.34,0.75,4.425
2026-06-05 03:45:00,Building_B_Lab,232.32,28.12,0.75,4.899
2026-06-05 04:00:00,Building_B_Lab,230.18,24.83,0.75,4.286
2026-06-05 04:15:00,Building_B_Lab,228.1,20.93,0.752,3.589
2026-06-05 04:30:00,Building_B_Lab,233.21,24.34,0.75,4.257
2026-06-05 04:45:00,Building_B_Lab,231.06,25.0,0.761,4.397
2026-06-05 05:00:00,Building_B_Lab,225.6,22.21,0.786,3.936
2026-06-05 05:15:00,Building_B_Lab,226.82,22.14,0.791,3.975
2026-06-05 05:30:00,Building_B_Lab,234.78,27.15,0.764,4.868
2026-06-05 05:45:00,Building_B_Lab,230.61,23.68,0.755,4.124
2026-06-05 06:00:00,Building_B_Lab,232.11,25.03,0.764,4.442
2026-06-05 06:15:00,Building_B_Lab,231.69,26.19,0.785,4.763
2026-06-05 06:30:00,Building_B_Lab,231.22,35.52,0.75,6.159
2026-06-05 06:45:00,Building_B_Lab,226.19,41.59,0.75,7.056
2026-06-05 07:00:00,Building_B_Lab,224.02,41.8,0.75,7.023
2026-06-05 07:15:00,Building_B_Lab,229.75,44.53,0.75,7.673
2026-06-05 07:30:00,Building_B_Lab,230.63,50.38,0.75,8.715
2026-06-05 07:45:00,Building_B_Lab,234.67,51.14,0.75,9.001
2026-06-05 08:00:00,Building_B_Lab,231.09,57.08,0.75,9.892
2026-06-05 08:15:00,Building_B_Lab,229.75,56.9,0.75,9.805
2026-06-05 08:30:00,Building_B_Lab,230.42,61.72,0.75,10.666
2026-06-05 08:45:00,Building_B_Lab,233.22,71.38,0.75,12.486
2026-06-05 09:00:00,Building_B_Lab,232.34,87.68,0.75,15.279
2026-06-05 09:15:00,Building_B_Lab,229.07,76.55,0.75,13.151
2026-06-05 09:30:00,Building_B_Lab,224.62,68.62,0.75,11.561
2026-06-05 09:45:00,Building_B_Lab,234.12,84.21,0.75,14.786
2026-06-05 10:00:00,Building_B_Lab,229.86,85.93,0.75,14.814
2026-06-05 10:15:00,Building_B_Lab,228.07,90.71,0.75,15.516
2026-06-05 10:30:00,Building_B_Lab,227.57,86.05,0.75,14.686
2026-06-05 10:45:00,Building_B_Lab,230.59,72.56,0.75,12.548
2026-06-05 11:00:00,Building_B_Lab,233.52,79.44,0.75,13.913
2026-06-05 11:15:00,Building_B_Lab,225.78,90.69,0.75,15.358
2026-06-05 11:30:00,Building_B_Lab,225.44,86.07,0.75,14.553
2026-06-05 11:45:00,Building_B_Lab,227.86,87.47,0.75,14.948
2026-06-05 12:00:00,Building_B_Lab,230.25,80.61,0.75,13.921
2026-06-05 12:15:00,Building_B_Lab,234.45,96.89,0.75,17.037
2026-06-05 12:30:00,Building_B_Lab,231.68,84.89,0.75,14.751
2026-06-05 12:45:00,Building_B_Lab,229.73,90.36,0.75,15.569
2026-06-05 13:00:00,Building_B_Lab,232.24,90.63,0.75,15.786
2026-06-05 13:15:00,Building_B_Lab,236.64,90.37,0.75,16.039
2026-06-05 13:30:00,Building_B_Lab,233.08,88.05,0.75,15.392
2026-06-05 13:45:00,Building_B_Lab,231.46,95.47,0.75,16.573
2026-06-05 14:00:00,Building_B_Lab,229.04,79.7,0.75,13.69
2026-06-05 14:15:00,Building_B_Lab,230.96,85.05,0.75,14.733
2026-06-05 14:30:00,Building_B_Lab,226.91,61.68,0.75,10.497
2026-06-05 14:45:00,Building_B_Lab,230.5,68.65,0.75,11.867
2026-06-05 15:00:00,Building_B_Lab,233.19,74.77,0.75,13.077
2026-06-05 15:15:00,Building_B_Lab,231.65,70.51,0.75,12.251
2026-06-05 15:30:00,Building_B_Lab,232.65,62.88,0.75,10.971
2026-06-05 15:45:00,Building_B_Lab,232.98,56.61,0.75,9.892
2026-06-05 16:00:00,Building_B_Lab,224.82,57.29,0.75,9.661
2026-06-05 16:15:00,Building_B_Lab,229.31,43.56,0.75,7.492
2026-06-05 16:30:00,Building_B_Lab,230.32,52.14,0.75,9.006
2026-06-05 16:45:00,Building_B_Lab,233.39,51.55,0.75,9.023
2026-06-05 17:00:00,Building_B_Lab,227.96,40.17,0.75,6.869
2026-06-05 17:15:00,Building_B_Lab,232.04,36.92,0.75,6.425
2026-06-05 17:30:00,Building_B_Lab,228.95,35.28,0.75,6.058
2026-06-05 17:45:00,Building_B_Lab,226.66,30.51,0.75,5.187
2026-06-05 18:00:00,Building_B_Lab,234.12,25.12,0.764,4.493
2026-06-05 18:15:00,Building_B_Lab,238.31,24.85,0.751,4.445
2026-06-05 18:30:00,Building_B_Lab,223.28,24.28,0.75,4.066
2026-06-05 18:45:00,Building_B_Lab,237.71,27.46,0.774,5.05
2026-06-05 19:00:00,Building_B_Lab,229.89,23.45,0.761,4.1
2026-06-05 19:15:00,Building_B_Lab,228.25,22.34,0.796,4.061
2026-06-05 19:30:00,Building_B_Lab,230.42,26.38,0.75,4.559
2026-06-05 19:45:00,Building_B_Lab,227.08,26.72,0.75,4.551
2026-06-05 20:00:00,Building_B_Lab,231.58,21.27,0.793,3.905
2026-06-05 20:15:00,Building_B_Lab,229.46,28.02,0.75,4.823
2026-06-05 20:30:00,Building_B_Lab,229.82,25.35,0.75,4.37
2026-06-05 20:45:00,Building_B_Lab,224.61,23.09,0.752,3.898
2026-06-05 21:00:00,Building_B_Lab,231.56,26.73,0.75,4.642
2026-06-05 21:15:00,Building_B_Lab,229.04,24.52,0.794,4.457
2026-06-05 21:30:00,Building_B_Lab,227.56,28.08,0.75,4.792
2026-06-05 21:45:00,Building_B_Lab,229.26,25.62,0.764,4.486
2026-06-05 22:00:00,Building_B_Lab,226.07,26.35,0.771,4.592
2026-06-05 22:15:00,Building_B_Lab,236.87,23.29,0.759,4.187
2026-06-05 22:30:00,Building_B_Lab,225.09,22.61,0.775,3.947
2026-06-05 22:45:00,Building_B_Lab,228.24,24.15,0.786,4.335
2026-06-05 23:00:00,Building_B_Lab,229.94,24.38,0.75,4.205
2026-06-05 23:15:00,Building_B_Lab,237.64,21.93,0.765,3.984
2026-06-05 23:30:00,Building_B_Lab,228.54,24.68,0.76,4.285
2026-06-05 23:45:00,Building_B_Lab,232.69,28.05,0.773,5.043
2026-06-06 00:00:00,Building_B_Lab,231.08,22.91,0.785,4.156
2026-06-06 00:15:00,Building_B_Lab,228.58,24.56,0.777,4.362
2026-06-06 00:30:00,Building_B_Lab,230.57,21.44,0.781,3.861
2026-06-06 00:45:00,Building_B_Lab,229.52,22.88,0.783,4.113
2026-06-06 01:00:00,Building_B_Lab,232.47,27.71,0.75,4.831
2026-06-06 01:15:00,Building_B_Lab,230.43,26.4,0.75,4.563
2026-06-06 01:30:00,Building_B_Lab,235.58,22.13,0.795,4.146
2026-06-06 01:45:00,Building_B_Lab,225.95,24.63,0.776,4.319
2026-06-06 02:00:00,Building_B_Lab,229.34,22.96,0.783,4.121
2026-06-06 02:15:00,Building_B_Lab,234.1,24.72,0.765,4.428
2026-06-06 02:30:00,Building_B_Lab,230.15,24.11,0.774,4.294
2026-06-06 02:45:00,Building_B_Lab,230.41,23.44,0.767,4.14
2026-06-06 03:00:00,Building_B_Lab,230.32,26.68,0.75,4.608
2026-06-06 03:15:00,Building_B_Lab,229.69,26.78,0.752,4.622
2026-06-06 03:30:00,Building_B_Lab,231.97,23.95,0.756,4.2
2026-06-06 03:45:00,Building_B_Lab,234.67,22.86,0.793,4.252
2026-06-06 04:00:00,Building_B_Lab,234.11,25.04,0.763,4.473
2026-06-06 04:15:00,Building_B_Lab,224.63,23.59,0.787,4.17
2026-06-06 04:30:00,Building_B_Lab,229.26,25.65,0.75,4.41
2026-06-06 04:45:00,Building_B_Lab,227.46,23.28,0.768,4.069
2026-06-06 05:00:00,Building_B_Lab,228.75,24.47,0.758,4.244
2026-06-06 05:15:00,Building_B_Lab,230.59,24.54,0.76,4.301
2026-06-06 05:30:00,Building_B_Lab,234.38,27.32,0.754,4.826
2026-06-06 05:45:00,Building_B_Lab,224.77,24.13,0.769,4.172
2026-06-06 06:00:00,Building_B_Lab,228.62,24.98,0.761,4.348
2026-06-06 06:15:00,Building_B_Lab,229.71,25.4,0.75,4.376
2026-06-06 06:30:00,Building_B_Lab,229.4,26.59,0.773,4.715
2026-06-06 06:45:00,Building_B_Lab,230.93,26.34,0.761,4.627
2026-06-06 07:00:00,Building_B_Lab,229.66,26.06,0.797,4.768
2026-06-06 07:15:00,Building_B_Lab,226.0,28.15,0.75,4.772
2026-06-06 07:30:00,Building_B_Lab,240.24,31.45,0.75,5.666
2026-06-06 07:45:00,Building_B_Lab,230.95,37.44,0.75,6.486
2026-06-06 08:00:00,Building_B_Lab,232.4,36.15,0.75,6.302
2026-06-06 08:15:00,Building_B_Lab,227.21,40.04,0.75,6.823
2026-06-06 08:30:00,Building_B_Lab,229.63,39.09,0.75,6.733
2026-06-06 08:45:00,Building_B_Lab,228.79,36.75,0.75,6.305
2026-06-06 09:00:00,Building_B_Lab,231.36,39.92,0.75,6.927
2026-06-06 09:15:00,Building_B_Lab,235.84,40.35,0.75,7.138
2026-06-06 09:30:00,Building_B_Lab,232.39,45.51,0.75,7.932
2026-06-06 09:45:00,Building_B_Lab,231.96,76.75,0.75,13.352
2026-06-06 10:00:00,Building_B_Lab,228.31,42.7,0.75,7.311
2026-06-06 10:15:00,Building_B_Lab,224.68,41.98,0.75,7.074
2026-06-06 10:30:00,Building_B_Lab,229.57,40.55,0.75,6.981
2026-06-06 10:45:00,Building_B_Lab,230.09,44.48,0.75,7.676
2026-06-06 11:00:00,Building_B_Lab,229.49,45.63,0.75,7.853
2026-06-06 11:15:00,Building_B_Lab,230.17,50.83,0.75,8.775
2026-06-06 11:30:00,Building_B_Lab,224.92,47.35,0.75,7.987
2026-06-06 11:45:00,Building_B_Lab,228.25,49.87,0.75,8.537
2026-06-06 12:00:00,Building_B_Lab,223.72,47.63,0.75,7.993
2026-06-06 12:15:00,Building_B_Lab,233.27,43.18,0.75,7.554
2026-06-06 12:30:00,Building_B_Lab,235.28,45.09,0.75,7.958
2026-06-06 12:45:00,Building_B_Lab,231.65,52.21,0.75,9.071
2026-06-06 13:00:00,Building_B_Lab,228.6,45.51,0.75,7.803
2026-06-06 13:15:00,Building_B_Lab,229.77,43.0,0.75,7.409
2026-06-06 13:30:00,Building_B_Lab,231.76,43.76,0.75,7.606
2026-06-06 13:45:00,Building_B_Lab,227.33,40.61,0.75,6.923
2026-06-06 14:00:00,Building_B_Lab,232.27,39.39,0.75,6.861
2026-06-06 14:15:00,Building_B_Lab,233.1,42.36,0.75,7.406
2026-06-06 14:30:00,Building_B_Lab,226.87,40.93,0.75,6.965
2026-06-06 14:45:00,Building_B_Lab,231.42,39.64,0.75,6.881
2026-06-06 15:00:00,Building_B_Lab,228.58,31.46,0.75,5.393
2026-06-06 15:15:00,Building_B_Lab,222.9,36.86,0.75,6.161
2026-06-06 15:30:00,Building_B_Lab,229.36,33.58,0.75,5.777
2026-06-06 15:45:00,Building_B_Lab,228.22,37.65,0.75,6.444
2026-06-06 16:00:00,Building_B_Lab,241.49,36.85,0.75,6.674
2026-06-06 16:15:00,Building_B_Lab,229.21,35.7,0.75,6.137
2026-06-06 16:30:00,Building_B_Lab,229.6,31.47,0.75,5.419
2026-06-06 16:45:00,Building_B_Lab,230.56,32.52,0.75,5.624
2026-06-06 17:00:00,Building_B_Lab,226.63,27.68,0.75,4.704
2026-06-06 17:15:00,Building_B_Lab,234.76,26.49,0.793,4.932
2026-06-06 17:30:00,Building_B_Lab,224.9,31.39,0.762,5.376
2026-06-06 17:45:00,Building_B_Lab,229.66,26.16,0.759,4.563
2026-06-06 18:00:00,Building_B_Lab,224.58,22.22,0.812,4.051
2026-06-06 18:15:00,Building_B_Lab,234.42,24.82,0.764,4.445
2026-06-06 18:30:00,Building_B_Lab,230.51,25.52,0.751,4.42
2026-06-06 18:45:00,Building_B_Lab,224.18,26.15,0.798,4.681
2026-06-06 19:00:00,Building_B_Lab,223.91,21.7,0.777,3.777
2026-06-06 19:15:00,Building_B_Lab,233.93,22.71,0.784,4.164
2026-06-06 19:30:00,Building_B_Lab,227.95,26.27,0.756,4.53
2026-06-06 19:45:00,Building_B_Lab,231.13,28.63,0.75,4.964
2026-06-06 20:00:00,Building_B_Lab,232.45,23.94,0.785,4.367
2026-06-06 20:15:00,Building_B_Lab,226.07,27.02,0.754,4.603
2026-06-06 20:30:00,Building_B_Lab,220.26,24.87,0.762,4.176
2026-06-06 20:45:00,Building_B_Lab,231.24,23.21,0.783,4.2
2026-06-06 21:00:00,Building_B_Lab,230.69,25.63,0.75,4.434
2026-06-06 21:15:00,Building_B_Lab,231.09,24.33,0.787,4.426
2026-06-06 21:30:00,Building_B_Lab,235.89,23.0,0.77,4.177
2026-06-06 21:45:00,Building_B_Lab,232.94,21.82,0.788,4.008
2026-06-06 22:00:00,Building_B_Lab,235.58,22.19,0.762,3.983
2026-06-06 22:15:00,Building_B_Lab,228.73,24.74,0.75,4.245
2026-06-06 22:30:00,Building_B_Lab,228.64,24.63,0.77,4.337
2026-06-06 22:45:00,Building_B_Lab,235.98,24.05,0.75,4.257
2026-06-06 23:00:00,Building_B_Lab,230.34,25.78,0.769,4.568
2026-06-06 23:15:00,Building_B_Lab,224.6,22.75,0.784,4.005
2026-06-06 23:30:00,Building_B_Lab,228.09,25.3,0.771,4.449
2026-06-06 23:45:00,Building_B_Lab,230.45,22.39,0.753,3.883
2026-06-07 00:00:00,Building_B_Lab,229.44,26.82,0.779,4.791
2026-06-07 00:15:00,Building_B_Lab,230.36,24.22,0.779,4.347
2026-06-07 00:30:00,Building_B_Lab,227.05,23.97,0.75,4.082
2026-06-07 00:45:00,Building_B_Lab,233.15,25.01,0.75,4.374
2026-06-07 01:00:00,Building_B_Lab,224.49,28.58,0.75,4.812
2026-06-07 01:15:00,Building_B_Lab,232.52,21.74,0.778,3.93
2026-06-07 01:30:00,Building_B_Lab,232.51,22.99,0.781,4.175
2026-06-07 01:45:00,Building_B_Lab,227.87,23.55,0.75,4.024
2026-06-07 02:00:00,Building_B_Lab,231.87,25.18,0.75,4.379
2026-06-07 02:15:00,Building_B_Lab,230.57,76.69,0.75,13.262
2026-06-07 02:30:00,Building_B_Lab,234.63,23.77,0.786,4.385
2026-06-07 02:45:00,Building_B_Lab,230.25,25.46,0.75,4.397
2026-06-07 03:00:00,Building_B_Lab,233.17,22.36,0.798,4.159
2026-06-07 03:15:00,Building_B_Lab,222.53,25.61,0.75,4.275
2026-06-07 03:30:00,Building_B_Lab,230.07,25.34,0.773,4.505
2026-06-07 03:45:00,Building_B_Lab,227.76,25.24,0.781,4.492
2026-06-07 04:00:00,Building_B_Lab,232.25,24.14,0.76,4.263
2026-06-07 04:15:00,Building_B_Lab,229.35,24.92,0.75,4.286
2026-06-07 04:30:00,Building_B_Lab,230.43,26.57,0.75,4.592
2026-06-07 04:45:00,Building_B_Lab,223.81,21.74,0.784,3.814
2026-06-07 05:00:00,Building_B_Lab,232.25,22.57,0.828,4.341
2026-06-07 05:15:00,Building_B_Lab,231.24,24.44,0.769,4.346
2026-06-07 05:30:00,Building_B_Lab,233.28,24.48,0.75,4.283
2026-06-07 05:45:00,Building_B_Lab,220.98,23.96,0.779,4.125
2026-06-07 06:00:00,Building_B_Lab,230.37,24.92,0.775,4.452
2026-06-07 06:15:00,Building_B_Lab,222.2,23.17,0.761,3.918
2026-06-07 06:30:00,Building_B_Lab,228.97,26.17,0.769,4.607
2026-06-07 06:45:00,Building_B_Lab,232.52,31.03,0.75,5.411
2026-06-07 07:00:00,Building_B_Lab,235.18,33.23,0.75,5.86
2026-06-07 07:15:00,Building_B_Lab,232.91,28.3,0.758,4.995
2026-06-07 07:30:00,Building_B_Lab,226.01,29.93,0.75,5.074
2026-06-07 07:45:00,Building_B_Lab,225.71,39.32,0.75,6.657
2026-06-07 08:00:00,Building_B_Lab,226.93,31.98,0.75,5.444
2026-06-07 08:15:00,Building_B_Lab,233.66,38.96,0.75,6.827
2026-06-07 08:30:00,Building_B_Lab,227.65,41.59,0.75,7.1
2026-06-07 08:45:00,Building_B_Lab,230.84,38.66,0.75,6.693
2026-06-07 09:00:00,Building_B_Lab,227.15,41.37,0.75,7.048
2026-06-07 09:15:00,Building_B_Lab,226.93,41.33,0.75,7.033
2026-06-07 09:30:00,Building_B_Lab,227.48,40.24,0.75,6.865
2026-06-07 09:45:00,Building_B_Lab,224.89,38.48,0.75,6.491
2026-06-07 10:00:00,Building_B_Lab,227.21,43.41,0.75,7.398
2026-06-07 10:15:00,Building_B_Lab,228.09,46.69,0.75,7.988
2026-06-07 10:30:00,Building_B_Lab,230.99,41.2,0.75,7.138
2026-06-07 10:45:00,Building_B_Lab,226.78,37.86,0.75,6.44
2026-06-07 11:00:00,Building_B_Lab,228.7,40.73,0.75,6.985
2026-06-07 11:15:00,Building_B_Lab,226.51,47.93,0.75,8.143
2026-06-07 11:30:00,Building_B_Lab,234.3,51.17,0.75,8.991
2026-06-07 11:45:00,Building_B_Lab,229.11,43.24,0.75,7.431
2026-06-07 12:00:00,Building_B_Lab,233.79,48.11,0.75,8.435
2026-06-07 12:15:00,Building_B_Lab,229.87,47.32,0.75,8.159
2026-06-07 12:30:00,Building_B_Lab,231.87,45.51,0.75,7.914
2026-06-07 12:45:00,Building_B_Lab,232.99,51.43,0.75,8.987
2026-06-07 13:00:00,Building_B_Lab,224.92,41.63,0.75,7.022
2026-06-07 13:15:00,Building_B_Lab,226.59,49.51,0.75,8.413
2026-06-07 13:30:00,Building_B_Lab,235.51,48.27,0.75,8.527
2026-06-07 13:45:00,Building_B_Lab,237.58,43.3,0.75,7.716
2026-06-07 14:00:00,Building_B_Lab,226.26,41.82,0.75,7.097
2026-06-07 14:15:00,Building_B_Lab,231.46,40.71,0.75,7.067
2026-06-07 14:30:00,Building_B_Lab,232.74,47.5,0.75,8.291
2026-06-07 14:45:00,Building_B_Lab,231.86,47.27,0.75,8.22
2026-06-07 15:00:00,Building_B_Lab,228.37,37.09,0.75,6.352
2026-06-07 15:15:00,Building_B_Lab,231.61,39.97,0.75,6.944
2026-06-07 15:30:00,Building_B_Lab,237.0,34.99,0.75,6.22
2026-06-07 15:45:00,Building_B_Lab,228.7,38.79,0.75,6.653
2026-06-07 16:00:00,Building_B_Lab,225.32,32.67,0.75,5.521
2026-06-07 16:15:00,Building_B_Lab,236.8,31.47,0.75,5.588
2026-06-07 16:30:00,Building_B_Lab,235.12,32.86,0.75,5.795
2026-06-07 16:45:00,Building_B_Lab,227.62,35.17,0.75,6.003
2026-06-07 17:00:00,Building_B_Lab,237.59,30.14,0.751,5.379
2026-06-07 17:15:00,Building_B_Lab,225.01,29.06,0.75,4.904
2026-06-07 17:30:00,Building_B_Lab,230.33,22.85,0.766,4.032
2026-06-07 17:45:00,Building_B_Lab,226.54,25.13,0.788,4.485
2026-06-07 18:00:00,Building_B_Lab,229.87,25.66,0.777,4.585
2026-06-07 18:15:00,Building_B_Lab,229.79,28.49,0.75,4.91
2026-06-07 18:30:00,Building_B_Lab,229.12,25.97,0.806,4.797
2026-06-07 18:45:00,Building_B_Lab,221.35,25.7,0.78,4.436
2026-06-07 19:00:00,Building_B_Lab,232.76,24.01,0.76,4.249
2026-06-07 19:15:00,Building_B_Lab,229.99,25.88,0.754,4.49
2026-06-07 19:30:00,Building_B_Lab,229.79,25.97,0.751,4.484
2026-06-07 19:45:00,Building_B_Lab,233.81,25.07,0.761,4.458
2026-06-07 20:00:00,Building_B_Lab,225.67,25.03,0.776,4.385
2026-06-07 20:15:00,Building_B_Lab,230.88,26.58,0.75,4.603
2026-06-07 20:30:00,Building_B_Lab,232.27,27.61,0.774,4.965
2026-06-07 20:45:00,Building_B_Lab,234.03,21.91,0.782,4.011
2026-06-07 21:00:00,Building_B_Lab,227.5,24.27,0.773,4.265
2026-06-07 21:15:00,Building_B_Lab,227.14,23.19,0.788,4.153
2026-06-07 21:30:00,Building_B_Lab,236.38,21.59,0.785,4.004
2026-06-07 21:45:00,Building_B_Lab,231.78,23.83,0.784,4.331
2026-06-07 22:00:00,Building_B_Lab,237.27,27.26,0.75,4.851
2026-06-07 22:15:00,Building_B_Lab,226.07,25.49,0.754,4.347
2026-06-07 22:30:00,Building_B_Lab,230.26,25.32,0.768,4.478
2026-06-07 22:45:00,Building_B_Lab,234.13,23.32,0.792,4.323
2026-06-07 23:00:00,Building_B_Lab,229.49,24.97,0.769,4.406
2026-06-07 23:15:00,Building_B_Lab,223.75,23.96,0.75,4.022
2026-06-07 23:30:00,Building_B_Lab,232.76,22.04,0.801,4.107
2026-06-07 23:45:00,Building_B_Lab,235.11,25.33,0.75,4.467
2026-06-08 00:00:00,Building_B_Lab,233.34,100.22,0.769,17.989
2026-06-08 00:15:00,Building_B_Lab,230.5,104.45,0.777,18.709
2026-06-08 00:30:00,Building_B_Lab,229.68,103.75,0.766,18.24
2026-06-08 00:45:00,Building_B_Lab,228.05,101.51,0.773,17.883
2026-06-08 01:00:00,Building_B_Lab,236.93,74.32,0.75,13.206
2026-06-08 01:15:00,Building_B_Lab,233.66,79.18,0.806,14.918
2026-06-08 01:30:00,Building_B_Lab,230.5,74.74,0.751,12.938
2026-06-08 01:45:00,Building_B_Lab,234.59,66.94,0.791,12.423
2026-06-08 02:00:00,Building_B_Lab,229.4,99.01,0.768,17.44
2026-06-08 02:15:00,Building_B_Lab,229.99,104.74,0.768,18.507
2026-06-08 02:30:00,Building_B_Lab,233.26,99.96,0.771,17.981
2026-06-08 02:45:00,Building_B_Lab,226.82,100.44,0.75,17.086
2026-06-08 03:00:00,Building_B_Lab,230.33,77.16,0.785,13.948
2026-06-08 03:15:00,Building_B_Lab,232.14,75.11,0.755,13.156
2026-06-08 03:30:00,Building_B_Lab,232.13,78.96,0.767,14.054
2026-06-08 03:45:00,Building_B_Lab,228.34,75.4,0.784,13.496
2026-06-08 04:00:00,Building_B_Lab,224.97,100.28,0.765,17.253
2026-06-08 04:15:00,Building_B_Lab,228.5,98.26,0.779,17.49
2026-06-08 04:30:00,Building_B_Lab,230.24,99.6,0.767,17.599
2026-06-08 04:45:00,Building_B_Lab,235.98,103.18,0.771,18.782
2026-06-08 05:00:00,Building_B_Lab,233.54,72.68,0.765,12.993
2026-06-08 05:15:00,Building_B_Lab,230.55,75.74,0.75,13.097
2026-06-08 05:30:00,Building_B_Lab,226.09,70.75,0.75,11.997
2026-06-08 05:45:00,Building_B_Lab,227.94,74.71,0.796,13.561
2026-06-08 06:00:00,Building_B_Lab,230.24,95.49,0.802,17.623
2026-06-08 06:15:00,Building_B_Lab,227.4,29.78,0.75,5.079
2026-06-08 06:30:00,Building_B_Lab,232.66,35.07,0.75,6.12
2026-06-08 06:45:00,Building_B_Lab,230.19,44.72,0.75,7.72
2026-06-08 07:00:00,Building_B_Lab,225.25,43.7,0.75,7.382
2026-06-08 07:15:00,Building_B_Lab,233.51,45.93,0.75,8.045
2026-06-08 07:30:00,Building_B_Lab,229.36,52.16,0.75,8.973
2026-06-08 07:45:00,Building_B_Lab,222.82,56.81,0.75,9.494
2026-06-08 08:00:00,Building_B_Lab,231.13,57.07,0.75,9.892
2026-06-08 08:15:00,Building_B_Lab,229.95,61.94,0.75,10.682
2026-06-08 08:30:00,Building_B_Lab,229.62,66.1,0.75,11.383
2026-06-08 08:45:00,Building_B_Lab,233.18,73.4,0.75,12.837
2026-06-08 09:00:00,Building_B_Lab,229.67,69.95,0.75,12.048
2026-06-08 09:15:00,Building_B_Lab,229.39,81.18,0.75,13.966
2026-06-08 09:30:00,Building_B_Lab,228.73,80.04,0.75,13.731
2026-06-08 09:45:00,Building_B_Lab,228.78,79.78,0.75,13.689
2026-06-08 10:00:00,Building_B_Lab,229.59,83.62,0.75,14.399
2026-06-08 10:15:00,Building_B_Lab,229.91,78.83,0.75,13.593
2026-06-08 10:30:00,Building_B_Lab,229.41,86.55,0.75,14.892
2026-06-08 10:45:00,Building_B_Lab,232.89,91.93,0.75,16.057
2026-06-08 11:00:00,Building_B_Lab,236.8,90.29,0.75,16.035
2026-06-08 11:15:00,Building_B_Lab,233.25,82.75,0.75,14.476
2026-06-08 11:30:00,Building_B_Lab,232.55,80.5,0.75,14.04
2026-06-08 11:45:00,Building_B_Lab,226.32,94.24,0.75,15.996
2026-06-08 12:00:00,Building_B_Lab,224.72,108.3,0.75,18.253
2026-06-08 12:15:00,Building_B_Lab,237.19,84.32,0.75,14.999
2026-06-08 12:30:00,Building_B_Lab,228.91,91.36,0.75,15.685
2026-06-08 12:45:00,Building_B_Lab,222.87,91.08,0.75,15.225
2026-06-08 13:00:00,Building_B_Lab,230.65,90.37,0.75,15.632
2026-06-08 13:15:00,Building_B_Lab,227.82,95.34,0.75,16.29
2026-06-08 13:30:00,Building_B_Lab,233.48,78.85,0.75,13.808
2026-06-08 13:45:00,Building_B_Lab,227.7,70.85,0.75,12.099
2026-06-08 14:00:00,Building_B_Lab,233.79,85.05,0.75,14.913
2026-06-08 14:15:00,Building_B_Lab,233.27,66.17,0.75,11.577
2026-06-08 14:30:00,Building_B_Lab,239.16,78.35,0.75,14.054
2026-06-08 14:45:00,Building_B_Lab,230.5,74.59,0.75,12.894
2026-06-08 15:00:00,Building_B_Lab,233.02,71.27,0.75,12.455
2026-06-08 15:15:00,Building_B_Lab,226.99,62.02,0.75,10.559
2026-06-08 15:30:00,Building_B_Lab,231.07,65.37,0.75,11.329
2026-06-08 15:45:00,Building_B_Lab,230.91,62.63,0.75,10.846
2026-06-08 16:00:00,Building_B_Lab,233.4,55.64,0.75,9.739
2026-06-08 16:15:00,Building_B_Lab,224.73,58.03,0.75,9.781
2026-06-08 16:30:00,Building_B_Lab,227.44,55.41,0.75,9.452
2026-06-08 16:45:00,Building_B_Lab,235.04,48.98,0.75,8.634
2026-06-08 17:00:00,Building_B_Lab,224.13,42.5,0.75,7.143
2026-06-08 17:15:00,Building_B_Lab,227.11,37.85,0.75,6.447
2026-06-08 17:30:00,Building_B_Lab,233.53,34.51,0.75,6.044
2026-06-08 17:45:00,Building_B_Lab,231.51,28.74,0.75,4.99
2026-06-08 18:00:00,Building_B_Lab,232.49,26.06,0.75,4.545
2026-06-08 18:15:00,Building_B_Lab,226.07,28.83,0.771,5.027
2026-06-08 18:30:00,Building_B_Lab,223.68,25.75,0.75,4.321
2026-06-08 18:45:00,Building_B_Lab,231.59,23.55,0.763,4.161
2026-06-08 19:00:00,Building_B_Lab,230.82,22.76,0.761,3.996
2026-06-08 19:15:00,Building_B_Lab,227.46,21.57,0.8,3.926
2026-06-08 19:30:00,Building_B_Lab,232.09,25.17,0.781,4.563
2026-06-08 19:45:00,Building_B_Lab,235.98,26.26,0.779,4.828
2026-06-08 20:00:00,Building_B_Lab,233.06,98.48,0.75,17.214
2026-06-08 20:15:00,Building_B_Lab,231.41,97.17,0.792,17.798
2026-06-08 20:30:00,Building_B_Lab,233.13,97.64,0.751,17.106
2026-06-08 20:45:00,Building_B_Lab,230.59,103.86,0.75,17.963
2026-06-08 21:00:00,Building_B_Lab,235.81,71.56,0.792,13.371
2026-06-08 21:15:00,Building_B_Lab,230.6,73.98,0.75,12.795
2026-06-08 21:30:00,Building_B_Lab,225.25,72.57,0.758,12.396
2026-06-08 21:45:00,Building_B_Lab,222.7,70.53,0.766,12.023
2026-06-08 22:00:00,Building_B_Lab,230.27,102.36,0.782,18.433
2026-06-08 22:15:00,Building_B_Lab,225.57,93.53,0.789,16.646
2026-06-08 22:30:00,Building_B_Lab,229.22,105.42,0.751,18.151
2026-06-08 22:45:00,Building_B_Lab,230.72,103.14,0.754,17.95
2026-06-08 23:00:00,Building_B_Lab,233.5,75.39,0.754,13.275
2026-06-08 23:15:00,Building_B_Lab,232.57,76.27,0.788,13.986
2026-06-08 23:30:00,Building_B_Lab,227.08,77.5,0.791,13.914
2026-06-08 23:45:00,Building_B_Lab,234.06,72.33,0.75,12.698
2026-06-09 00:00:00,Building_B_Lab,231.28,91.5,0.79,16.712
2026-06-09 00:15:00,Building_B_Lab,225.72,98.27,0.75,16.636
2026-06-09 00:30:00,Building_B_Lab,232.76,99.77,0.781,18.13
2026-06-09 00:45:00,Building_B_Lab,223.74,95.53,0.75,16.03
2026-06-09 01:00:00,Building_B_Lab,234.05,73.01,0.75,12.817
2026-06-09 01:15:00,Building_B_Lab,230.38,77.16,0.75,13.331
2026-06-09 01:30:00,Building_B_Lab,224.36,75.67,0.767,13.027
2026-06-09 01:45:00,Building_B_Lab,232.13,77.62,0.788,14.207
2026-06-09 02:00:00,Building_B_Lab,232.52,101.79,0.774,18.33
2026-06-09 02:15:00,Building_B_Lab,230.7,102.08,0.79,18.603
2026-06-09 02:30:00,Building_B_Lab,230.27,93.7,0.785,16.944
2026-06-09 02:45:00,Building_B_Lab,235.37,100.29,0.799,18.85
2026-06-09 03:00:00,Building_B_Lab,230.81,-72.42,0.75,-12.537
2026-06-09 03:15:00,Building_B_Lab,230.3,74.35,0.796,13.634
2026-06-09 03:30:00,Building_B_Lab,227.56,73.99,0.77,12.969
2026-06-09 03:45:00,Building_B_Lab,233.82,79.23,0.75,13.893
2026-06-09 04:00:00,Building_B_Lab,236.8,102.8,0.792,19.291
2026-06-09 04:15:00,Building_B_Lab,233.19,102.74,0.75,17.968
2026-06-09 04:30:00,Building_B_Lab,227.42,95.17,0.797,17.249
2026-06-09 04:45:00,Building_B_Lab,231.23,98.94,0.759,17.375
2026-06-09 05:00:00,Building_B_Lab,233.15,76.04,0.769,13.628
2026-06-09 05:15:00,Building_B_Lab,232.87,72.31,0.751,12.643
2026-06-09 05:30:00,Building_B_Lab,234.59,75.79,0.786,13.971
2026-06-09 05:45:00,Building_B_Lab,231.37,77.25,0.761,13.61
2026-06-09 06:00:00,Building_B_Lab,230.56,101.19,0.75,17.497
2026-06-09 06:15:00,Building_B_Lab,232.88,31.64,0.75,5.526
2026-06-09 06:30:00,Building_B_Lab,226.51,36.48,0.75,6.197
2026-06-09 06:45:00,Building_B_Lab,225.65,35.47,0.75,6.004
2026-06-09 07:00:00,Building_B_Lab,230.21,39.83,0.75,6.876
2026-06-09 07:15:00,Building_B_Lab,232.12,54.05,0.75,9.409
2026-06-09 07:30:00,Building_B_Lab,231.32,49.66,0.75,8.615
2026-06-09 07:45:00,Building_B_Lab,230.32,51.94,0.75,8.972
2026-06-09 08:00:00,Building_B_Lab,225.86,53.63,0.75,9.085
2026-06-09 08:15:00,Building_B_Lab,231.19,70.41,0.75,12.208
2026-06-09 08:30:00,Building_B_Lab,222.93,63.29,0.75,10.582
2026-06-09 08:45:00,Building_B_Lab,230.33,62.85,0.75,10.857
2026-06-09 09:00:00,Building_B_Lab,227.76,59.73,0.75,10.202
2026-06-09 09:15:00,Building_B_Lab,228.11,71.43,0.75,12.221
2026-06-09 09:30:00,Building_B_Lab,225.34,77.63,0.75,13.12
2026-06-09 09:45:00,Building_B_Lab,233.84,74.7,0.75,13.101
2026-06-09 10:00:00,Building_B_Lab,229.88,77.84,0.75,13.42
2026-06-09 10:15:00,Building_B_Lab,231.54,77.83,0.75,13.515
2026-06-09 10:30:00,Building_B_Lab,228.5,86.49,0.75,14.822
2026-06-09 10:45:00,Building_B_Lab,223.92,87.32,0.75,14.665
2026-06-09 11:00:00,Building_B_Lab,231.32,84.5,0.75,14.66
2026-06-09 11:15:00,Building_B_Lab,233.35,100.01,0.75,17.503
2026-06-09 11:30:00,Building_B_Lab,227.48,89.84,0.75,15.328
2026-06-09 11:45:00,Building_B_Lab,230.6,93.04,0.75,16.091
2026-06-09 12:00:00,Building_B_Lab,239.43,102.06,0.75,18.328
2026-06-09 12:15:00,Building_B_Lab,228.93,98.15,0.75,16.852
2026-06-09 12:30:00,Building_B_Lab,237.81,80.01,0.75,14.27
2026-06-09 12:45:00,Building_B_Lab,229.75,95.15,0.75,16.396
2026-06-09 13:00:00,Building_B_Lab,231.14,91.16,0.75,15.803
2026-06-09 13:15:00,Building_B_Lab,228.71,98.89,0.75,16.963
2026-06-09 13:30:00,Building_B_Lab,222.12,95.01,0.75,15.828
2026-06-09 13:45:00,Building_B_Lab,227.63,93.19,0.75,15.91
2026-06-09 14:00:00,Building_B_Lab,231.64,82.96,0.75,14.413
2026-06-09 14:15:00,Building_B_Lab,235.4,87.14,0.75,15.385
2026-06-09 14:30:00,Building_B_Lab,235.8,77.25,0.75,13.662
2026-06-09 14:45:00,Building_B_Lab,232.36,77.81,0.75,13.56
2026-06-09 15:00:00,Building_B_Lab,230.03,72.06,0.75,12.431
2026-06-09 15:15:00,Building_B_Lab,228.21,69.5,0.75,11.895
2026-06-09 15:30:00,Building_B_Lab,222.94,60.02,0.75,10.036
2026-06-09 15:45:00,Building_B_Lab,227.68,65.29,0.75,11.149
2026-06-09 16:00:00,Building_B_Lab,226.92,55.37,0.75,9.424
2026-06-09 16:15:00,Building_B_Lab,231.99,55.75,0.75,9.699
2026-06-09 16:30:00,Building_B_Lab,228.63,44.75,0.75,7.674
2026-06-09 16:45:00,Building_B_Lab,227.2,45.72,0.75,7.791
2026-06-09 17:00:00,Building_B_Lab,234.53,34.82,0.75,6.124
2026-06-09 17:15:00,Building_B_Lab,234.96,35.09,0.75,6.184
2026-06-09 17:30:00,Building_B_Lab,231.92,28.26,0.75,4.915
2026-06-09 17:45:00,Building_B_Lab,224.94,22.44,0.796,4.017
2026-06-09 18:00:00,Building_B_Lab,231.28,29.04,0.75,5.037
2026-06-09 18:15:00,Building_B_Lab,227.95,29.3,0.75,5.009
2026-06-09 18:30:00,Building_B_Lab,229.84,20.8,0.765,3.659
2026-06-09 18:45:00,Building_B_Lab,223.73,25.37,0.75,4.256
2026-06-09 19:00:00,Building_B_Lab,226.84,24.41,0.793,4.392
2026-06-09 19:15:00,Building_B_Lab,227.25,22.93,0.801,4.175
2026-06-09 19:30:00,Building_B_Lab,228.94,25.49,0.763,4.452
2026-06-09 19:45:00,Building_B_Lab,228.17,19.09,0.785,3.421
2026-06-09 20:00:00,Building_B_Lab,235.14,99.71,0.818,19.176
2026-06-09 20:15:00,Building_B_Lab,227.8,105.44,0.77,18.486
2026-06-09 20:30:00,Building_B_Lab,230.77,103.83,0.75,17.971
2026-06-09 20:45:00,Building_B_Lab,227.66,97.62,0.795,17.663
2026-06-09 21:00:00,Building_B_Lab,231.58,72.93,0.778,13.14
2026-06-09 21:15:00,Building_B_Lab,229.11,77.31,0.766,13.561
2026-06-09 21:30:00,Building_B_Lab,231.95,74.61,0.795,13.763
2026-06-09 21:45:00,Building_B_Lab,234.6,76.99,0.75,13.547
2026-06-09 22:00:00,Building_B_Lab,232.22,94.41,0.772,16.935
2026-06-09 22:15:00,Building_B_Lab,225.48,102.41,0.75,17.319
2026-06-09 22:30:00,Building_B_Lab,226.7,98.68,0.77,17.236
2026-06-09 22:45:00,Building_B_Lab,229.22,108.1,0.75,18.584
2026-06-09 23:00:00,Building_B_Lab,225.76,82.98,0.76,14.239
2026-06-09 23:15:00,Building_B_Lab,228.17,70.72,0.805,12.996
2026-06-09 23:30:00,Building_B_Lab,228.54,71.11,0.797,12.956
2026-06-09 23:45:00,Building_B_Lab,226.89,68.76,0.789,12.308
2026-06-10 00:00:00,Building_B_Lab,234.23,100.46,0.75,17.648
2026-06-10 00:15:00,Building_B_Lab,233.91,103.81,0.77,18.69
2026-06-10 00:30:00,Building_B_Lab,228.19,98.31,0.814,18.266
2026-06-10 00:45:00,Building_B_Lab,226.98,105.64,0.75,17.984
2026-06-10 01:00:00,Building_B_Lab,223.52,71.64,0.809,12.951
2026-06-10 01:15:00,Building_B_Lab,227.16,74.1,0.75,12.624
2026-06-10 01:30:00,Building_B_Lab,231.61,76.75,0.756,13.435
2026-06-10 01:45:00,Building_B_Lab,233.79,71.54,0.755,12.62
2026-06-10 02:00:00,Building_B_Lab,224.96,95.41,0.769,16.508
2026-06-10 02:15:00,Building_B_Lab,229.61,99.14,0.75,17.072
2026-06-10 02:30:00,Building_B_Lab,233.59,102.49,0.767,18.367
2026-06-10 02:45:00,Building_B_Lab,227.49,99.93,0.807,18.353
2026-06-10 03:00:00,Building_B_Lab,228.34,70.13,0.75,12.01
2026-06-10 03:15:00,Building_B_Lab,229.95,71.92,0.75,12.403
2026-06-10 03:30:00,Building_B_Lab,234.91,76.35,0.762,13.663
2026-06-10 03:45:00,Building_B_Lab,229.73,69.37,0.762,12.147
2026-06-10 04:00:00,Building_B_Lab,231.69,96.52,0.782,17.495
2026-06-10 04:15:00,Building_B_Lab,236.37,103.26,0.774,18.885
2026-06-10 04:30:00,Building_B_Lab,228.18,96.74,0.776,17.138
2026-06-10 04:45:00,Building_B_Lab,229.17,91.4,0.76,15.917
2026-06-10 05:00:00,Building_B_Lab,233.39,71.31,0.75,12.483
2026-06-10 05:15:00,Building_B_Lab,220.62,78.59,0.752,13.031
2026-06-10 05:30:00,Building_B_Lab,226.22,67.89,0.782,12.015
2026-06-10 05:45:00,Building_B_Lab,232.43,79.8,0.773,14.338
2026-06-10 06:00:00,Building_B_Lab,226.44,95.91,0.784,17.03
2026-06-10 06:15:00,Building_B_Lab,221.63,29.98,0.75,4.983
2026-06-10 06:30:00,Building_B_Lab,229.17,35.62,0.75,6.123
2026-06-10 06:45:00,Building_B_Lab,225.38,36.45,0.75,6.162
2026-06-10 07:00:00,Building_B_Lab,229.5,37.59,0.75,6.47
2026-06-10 07:15:00,Building_B_Lab,229.36,45.09,0.75,7.757
2026-06-10 07:30:00,Building_B_Lab,232.86,47.44,0.75,8.285
2026-06-10 07:45:00,Building_B_Lab,234.36,56.65,0.75,9.958
2026-06-10 08:00:00,Building_B_Lab,228.11,56.92,0.75,9.739
2026-06-10 08:15:00,Building_B_Lab,226.35,64.05,0.75,10.873
2026-06-10 08:30:00,Building_B_Lab,234.01,67.79,0.75,11.898
2026-06-10 08:45:00,Building_B_Lab,225.47,67.65,0.75,11.439
2026-06-10 09:00:00,Building_B_Lab,234.72,60.23,0.75,10.603
2026-06-10 09:15:00,Building_B_Lab,224.38,64.07,0.75,10.782
2026-06-10 09:30:00,Building_B_Lab,230.19,71.95,0.75,12.422
2026-06-10 09:45:00,Building_B_Lab,231.54,77.19,0.75,13.404
2026-06-10 10:00:00,Building_B_Lab,229.33,81.12,0.75,13.953
2026-06-10 10:15:00,Building_B_Lab,228.87,69.06,0.75,11.855
2026-06-10 10:30:00,Building_B_Lab,230.64,81.21,0.75,14.048
2026-06-10 10:45:00,Building_B_Lab,225.35,98.35,0.75,16.622
2026-06-10 11:00:00,Building_B_Lab,234.93,86.53,0.75,15.246
2026-06-10 11:15:00,Building_B_Lab,229.48,83.63,0.75,14.394
2026-06-10 11:30:00,Building_B_Lab,232.7,92.72,0.75,16.183
2026-06-10 11:45:00,Building_B_Lab,232.8,92.31,0.75,16.118
2026-06-10 12:00:00,Building_B_Lab,233.76,93.51,0.75,16.394
2026-06-10 12:15:00,Building_B_Lab,228.7,72.42,0.75,12.421
2026-06-10 12:30:00,Building_B_Lab,232.51,90.38,0.75,15.76
2026-06-10 12:45:00,Building_B_Lab,231.93,81.51,0.75,14.179
2026-06-10 13:00:00,Building_B_Lab,233.71,88.3,0.75,15.477
2026-06-10 13:15:00,Building_B_Lab,223.89,91.67,0.75,15.393
2026-06-10 13:30:00,Building_B_Lab,230.62,85.56,0.75,14.798
2026-06-10 13:45:00,Building_B_Lab,231.71,89.9,0.75,15.623
2026-06-10 14:00:00,Building_B_Lab,233.22,90.82,0.75,15.885
2026-06-10 14:15:00,Building_B_Lab,236.53,75.24,0.75,13.347
2026-06-10 14:30:00,Building_B_Lab,237.0,80.13,0.75,14.243
2026-06-10 14:45:00,Building_B_Lab,231.61,79.86,0.75,13.871
2026-06-10 15:00:00,Building_B_Lab,231.61,73.69,0.75,12.801
2026-06-10 15:15:00,Building_B_Lab,229.37,70.03,0.75,12.047
2026-06-10 15:30:00,Building_B_Lab,229.61,60.34,0.75,10.391
2026-06-10 15:45:00,Building_B_Lab,232.58,64.27,0.75,11.211
2026-06-10 16:00:00,Building_B_Lab,233.79,59.05,0.75,10.354
2026-06-10 16:15:00,Building_B_Lab,228.68,53.1,0.75,9.106
2026-06-10 16:30:00,Building_B_Lab,226.66,41.22,0.75,7.006
2026-06-10 16:45:00,Building_B_Lab,230.24,41.02,0.75,7.084
2026-06-10 17:00:00,Building_B_Lab,222.77,44.03,0.75,7.357
2026-06-10 17:15:00,Building_B_Lab,230.5,37.79,0.75,6.534
2026-06-10 17:30:00,Building_B_Lab,228.43,33.17,0.75,5.683
2026-06-10 17:45:00,Building_B_Lab,225.94,29.89,0.75,5.065
2026-06-10 18:00:00,Building_B_Lab,230.45,21.71,0.782,3.912
2026-06-10 18:15:00,Building_B_Lab,232.89,23.27,0.787,4.262
2026-06-10 18:30:00,Building_B_Lab,234.53,21.79,0.796,4.067
2026-06-10 18:45:00,Building_B_Lab,236.17,23.1,0.771,4.205
2026-06-10 19:00:00,Building_B_Lab,224.83,21.11,0.75,3.56
2026-06-10 19:15:00,Building_B_Lab,231.15,25.16,0.758,4.407
2026-06-10 19:30:00,Building_B_Lab,226.74,27.21,0.75,4.628
2026-06-10 19:45:00,Building_B_Lab,226.73,24.75,0.789,4.427
2026-06-10 20:00:00,Building_B_Lab,232.98,105.24,0.75,18.389
2026-06-10 20:15:00,Building_B_Lab,223.61,96.54,0.794,17.132
2026-06-10 20:30:00,Building_B_Lab,232.1,104.79,0.766,18.634
2026-06-10 20:45:00,Building_B_Lab,231.06,97.29,0.75,16.86
2026-06-10 21:00:00,Building_B_Lab,231.49,71.07,0.797,13.105
2026-06-10 21:15:00,Building_B_Lab,228.81,70.41,0.801,12.896
2026-06-10 21:30:00,Building_B_Lab,224.72,76.89,0.788,13.61
2026-06-10 21:45:00,Building_B_Lab,236.82,76.4,0.776,14.047
2026-06-10 22:00:00,Building_B_Lab,223.66,106.65,0.762,18.165
2026-06-10 22:15:00,Building_B_Lab,227.96,96.42,0.777,17.072
2026-06-10 22:30:00,Building_B_Lab,224.51,106.34,0.75,17.906
2026-06-10 22:45:00,Building_B_Lab,230.86,96.63,0.759,16.927
2026-06-10 23:00:00,Building_B_Lab,232.36,74.63,0.75,13.006
2026-06-10 23:15:00,Building_B_Lab,233.98,71.6,0.781,13.083
2026-06-10 23:30:00,Building_B_Lab,229.17,69.46,0.784,12.471
2026-06-10 23:45:00,Building_B_Lab,225.54,74.23,0.753,12.61
2026-06-11 00:00:00,Building_B_Lab,228.3,97.4,0.775,17.225
2026-06-11 00:15:00,Building_B_Lab,227.17,102.25,0.754,17.513
2026-06-11 00:30:00,Building_B_Lab,229.19,101.11,0.771,17.876
2026-06-11 00:45:00,Building_B_Lab,237.46,98.26,0.766,17.866
2026-06-11 01:00:00,Building_B_Lab,225.81,81.75,0.753,13.902
2026-06-11 01:15:00,Building_B_Lab,226.69,71.55,0.768,12.455
2026-06-11 01:30:00,Building_B_Lab,230.24,71.35,0.75,12.32
2026-06-11 01:45:00,Building_B_Lab,233.46,74.02,0.766,13.237
2026-06-11 02:00:00,Building_B_Lab,228.5,102.19,0.765,17.86
2026-06-11 02:15:00,Building_B_Lab,230.11,103.01,0.75,17.778
2026-06-11 02:30:00,Building_B_Lab,233.99,97.95,0.755,17.307
2026-06-11 02:45:00,Building_B_Lab,232.65,95.34,0.756,16.759
2026-06-11 03:00:00,Building_B_Lab,232.42,77.21,0.75,13.458
2026-06-11 03:15:00,Building_B_Lab,229.61,77.87,0.75,13.409
2026-06-11 03:30:00,Building_B_Lab,233.02,79.02,0.761,14.014
2026-06-11 03:45:00,Building_B_Lab,230.06,79.5,0.764,13.967
2026-06-11 04:00:00,Building_B_Lab,226.79,99.3,0.781,17.581
2026-06-11 04:15:00,Building_B_Lab,227.94,96.84,0.761,16.804
2026-06-11 04:30:00,Building_B_Lab,234.65,95.04,0.776,17.312
2026-06-11 04:45:00,Building_B_Lab,231.41,98.28,0.785,17.842
2026-06-11 05:00:00,Building_B_Lab,234.89,79.68,0.786,14.716
2026-06-11 05:15:00,Building_B_Lab,231.94,73.21,0.79,13.409
2026-06-11 05:30:00,Building_B_Lab,231.8,73.18,0.753,12.777
2026-06-11 05:45:00,Building_B_Lab,225.58,76.1,0.79,13.557
2026-06-11 06:00:00,Building_B_Lab,230.43,101.72,0.763,17.875
2026-06-11 06:15:00,Building_B_Lab,229.96,30.47,0.75,5.255
2026-06-11 06:30:00,Building_B_Lab,230.27,32.19,0.75,5.559
2026-06-11 06:45:00,Building_B_Lab,233.01,42.65,0.75,7.454
2026-06-11 07:00:00,Building_B_Lab,224.98,37.34,0.75,6.3
2026-06-11 07:15:00,Building_B_Lab,224.35,50.74,0.75,8.538
2026-06-11 07:30:00,Building_B_Lab,232.83,48.86,0.75,8.532
2026-06-11 07:45:00,Building_B_Lab,223.31,50.96,0.75,8.535
2026-06-11 08:00:00,Building_B_Lab,236.77,51.26,0.75,9.102
2026-06-11 08:15:00,Building_B_Lab,230.88,60.07,0.75,10.402
2026-06-11 08:30:00,Building_B_Lab,226.19,58.59,0.75,9.939
2026-06-11 08:45:00,Building_B_Lab,231.11,62.52,0.75,10.836
2026-06-11 09:00:00,Building_B_Lab,229.04,68.26,0.75,11.726
2026-06-11 09:15:00,Building_B_Lab,230.22,81.09,0.75,14.002
2026-06-11 09:30:00,Building_B_Lab,235.81,65.56,0.75,11.595
2026-06-11 09:45:00,Building_B_Lab,236.61,87.46,0.75,15.52
2026-06-11 10:00:00,Building_B_Lab,225.31,84.59,0.75,14.294
2026-06-11 10:15:00,Building_B_Lab,235.29,81.6,0.75,14.399
2026-06-11 10:30:00,Building_B_Lab,231.36,85.91,0.75,14.906
2026-06-11 10:45:00,Building_B_Lab,235.37,82.24,0.75,14.518
2026-06-11 11:00:00,Building_B_Lab,226.97,92.1,0.75,15.677
2026-06-11 11:15:00,Building_B_Lab,237.86,75.51,0.75,13.471
2026-06-11 11:30:00,Building_B_Lab,225.15,97.57,0.75,16.475
2026-06-11 11:45:00,Building_B_Lab,228.14,88.36,0.75,15.119
2026-06-11 12:00:00,Building_B_Lab,229.32,89.63,0.75,15.416
2026-06-11 12:15:00,Building_B_Lab,230.79,104.56,0.75,18.099
2026-06-11 12:30:00,Building_B_Lab,225.65,85.72,0.75,14.507
2026-06-11 12:45:00,Building_B_Lab,226.77,96.05,0.75,16.337
2026-06-11 13:00:00,Building_B_Lab,228.58,87.57,0.75,15.012
2026-06-11 13:15:00,Building_B_Lab,237.39,64.05,0.75,11.403
2026-06-11 13:30:00,Building_B_Lab,227.07,78.76,0.75,13.413
2026-06-11 13:45:00,Building_B_Lab,232.81,88.81,0.75,15.507
2026-06-11 14:00:00,Building_B_Lab,227.02,95.45,0.75,16.253
2026-06-11 14:15:00,Building_B_Lab,227.08,82.18,0.75,13.996
2026-06-11 14:30:00,Building_B_Lab,226.03,88.15,0.75,14.944
2026-06-11 14:45:00,Building_B_Lab,232.02,69.77,0.75,12.142
2026-06-11 15:00:00,Building_B_Lab,228.56,77.89,0.75,13.352
2026-06-11 15:15:00,Building_B_Lab,228.08,74.39,0.75,12.725
2026-06-11 15:30:00,Building_B_Lab,226.76,65.37,0.75,11.118
2026-06-11 15:45:00,Building_B_Lab,227.29,62.47,0.75,10.649
2026-06-11 16:00:00,Building_B_Lab,232.83,50.85,0.75,8.88
2026-06-11 16:15:00,Building_B_Lab,235.78,47.22,0.75,8.35
2026-06-11 16:30:00,Building_B_Lab,229.23,55.3,0.75,9.507
2026-06-11 16:45:00,Building_B_Lab,234.85,51.73,0.75,9.111
2026-06-11 17:00:00,Building_B_Lab,228.13,32.39,0.75,5.542
2026-06-11 17:15:00,Building_B_Lab,231.85,36.93,0.75,6.421
2026-06-11 17:30:00,Building_B_Lab,237.39,36.14,0.75,6.434
2026-06-11 17:45:00,Building_B_Lab,231.29,30.13,0.75,5.226
2026-06-11 18:00:00,Building_B_Lab,233.91,25.83,0.75,4.531
2026-06-11 18:15:00,Building_B_Lab,224.24,25.1,0.771,4.34
2026-06-11 18:30:00,Building_B_Lab,232.4,23.39,0.787,4.28
2026-06-11 18:45:00,Building_B_Lab,232.21,25.97,0.766,4.621
2026-06-11 19:00:00,Building_B_Lab,229.53,25.2,0.774,4.478
2026-06-11 19:15:00,Building_B_Lab,226.34,25.22,0.785,4.482
2026-06-11 19:30:00,Building_B_Lab,231.86,24.71,0.765,4.384
2026-06-11 19:45:00,Building_B_Lab,232.2,27.03,0.761,4.776
2026-06-11 20:00:00,Building_B_Lab,231.11,98.07,0.763,17.294
2026-06-11 20:15:00,Building_B_Lab,236.29,98.21,0.787,18.272
2026-06-11 20:30:00,Building_B_Lab,233.6,100.4,0.75,17.589
2026-06-11 20:45:00,Building_B_Lab,233.49,101.96,0.766,18.246
2026-06-11 21:00:00,Building_B_Lab,224.5,76.81,0.754,13.005
2026-06-11 21:15:00,Building_B_Lab,230.74,73.64,0.757,12.863
2026-06-11 21:30:00,Building_B_Lab,229.55,78.67,0.759,13.712
2026-06-11 21:45:00,Building_B_Lab,232.34,78.03,0.767,13.901
2026-06-11 22:00:00,Building_B_Lab,231.47,100.22,0.759,17.604
2026-06-11 22:15:00,Building_B_Lab,231.8,95.34,0.783,17.296
2026-06-11 22:30:00,Building_B_Lab,231.26,96.71,0.762,17.042
2026-06-11 22:45:00,Building_B_Lab,236.19,93.03,0.792,17.397
2026-06-11 23:00:00,Building_B_Lab,231.91,77.27,0.799,14.309
2026-06-11 23:15:00,Building_B_Lab,234.75,74.3,0.786,13.71
2026-06-11 23:30:00,Building_B_Lab,227.22,80.04,0.756,13.747
2026-06-11 23:45:00,Building_B_Lab,225.16,76.98,0.753,13.051
2026-06-12 00:00:00,Building_B_Lab,226.73,105.06,0.777,18.511
2026-06-12 00:15:00,Building_B_Lab,230.7,99.23,0.763,17.461
2026-06-12 00:30:00,Building_B_Lab,230.04,99.86,0.767,17.627
2026-06-12 00:45:00,Building_B_Lab,232.57,103.75,0.75,18.097
2026-06-12 01:00:00,Building_B_Lab,229.95,74.6,0.75,12.865
2026-06-12 01:15:00,Building_B_Lab,228.87,77.03,0.764,13.464
2026-06-12 01:30:00,Building_B_Lab,235.24,77.17,0.782,14.201
2026-06-12 01:45:00,Building_B_Lab,232.15,78.28,0.752,13.669
2026-06-12 02:00:00,Building_B_Lab,231.99,106.06,0.76,18.687
2026-06-12 02:15:00,Building_B_Lab,232.1,101.25,0.777,18.27
2026-06-12 02:30:00,Building_B_Lab,228.11,92.81,0.787,16.667
2026-06-12 02:45:00,Building_B_Lab,227.37,101.12,0.782,17.981
2026-06-12 03:00:00,Building_B_Lab,228.63,77.64,0.771,13.687
2026-06-12 03:15:00,Building_B_Lab,228.24,68.58,0.772,12.083
2026-06-12 03:30:00,Building_B_Lab,226.81,77.51,0.775,13.617
2026-06-12 03:45:00,Building_B_Lab,228.75,84.51,0.75,14.498
2026-06-12 04:00:00,Building_B_Lab,234.14,96.83,0.793,17.97
2026-06-12 04:15:00,Building_B_Lab,229.51,100.27,0.75,17.26
2026-06-12 04:30:00,Building_B_Lab,234.49,101.86,0.75,17.914
2026-06-12 04:45:00,Building_B_Lab,238.53,102.78,0.75,18.387
2026-06-12 05:00:00,Building_B_Lab,229.92,78.84,0.765,13.864
2026-06-12 05:15:00,Building_B_Lab,229.02,73.09,0.763,12.778
2026-06-12 05:30:00,Building_B_Lab,228.3,68.43,0.78,12.19
2026-06-12 05:45:00,Building_B_Lab,236.54,80.63,0.75,14.304
2026-06-12 06:00:00,Building_B_Lab,236.67,97.93,0.762,17.666
2026-06-12 06:15:00,Building_B_Lab,231.01,27.27,0.75,4.725
2026-06-12 06:30:00,Building_B_Lab,235.74,35.12,0.75,6.209
2026-06-12 06:45:00,Building_B_Lab,231.09,37.68,0.75,6.531
2026-06-12 07:00:00,Building_B_Lab,233.11,41.3,0.75,7.221
2026-06-12 07:15:00,Building_B_Lab,226.64,50.3,0.75,8.55
2026-06-12 07:30:00,Building_B_Lab,225.52,48.42,0.75,8.189
2026-06-12 07:45:00,Building_B_Lab,224.21,47.46,0.75,7.981
2026-06-12 08:00:00,Building_B_Lab,234.8,53.11,0.75,9.353
2026-06-12 08:15:00,Building_B_Lab,230.74,65.25,0.75,11.292
2026-06-12 08:30:00,Building_B_Lab,225.93,72.27,0.75,12.246
2026-06-12 08:45:00,Building_B_Lab,226.91,69.95,0.75,11.904
2026-06-12 09:00:00,Building_B_Lab,230.32,77.7,0.75,13.422
2026-06-12 09:15:00,Building_B_Lab,225.58,65.37,0.75,11.06
2026-06-12 09:30:00,Building_B_Lab,229.37,77.25,0.75,13.289
2026-06-12 09:45:00,Building_B_Lab,232.87,76.42,0.75,13.348
2026-06-12 10:00:00,Building_B_Lab,224.92,78.48,0.75,13.238
2026-06-12 10:15:00,Building_B_Lab,234.59,89.26,0.75,15.704
2026-06-12 10:30:00,Building_B_Lab,231.07,78.55,0.75,13.613
2026-06-12 10:45:00,Building_B_Lab,226.64,87.23,0.75,14.828
2026-06-12 11:00:00,Building_B_Lab,230.41,93.16,0.75,16.099
2026-06-12 11:15:00,Building_B_Lab,226.04,84.97,0.75,14.405
2026-06-12 11:30:00,Building_B_Lab,224.23,136.83,0.75,23.01
2026-06-12 11:45:00,Building_B_Lab,229.91,86.66,0.75,14.943
2026-06-12 12:00:00,Building_B_Lab,230.71,86.39,0.75,14.948
2026-06-12 12:15:00,Building_B_Lab,227.85,92.69,0.75,15.84
2026-06-12 12:30:00,Building_B_Lab,229.21,82.58,0.75,14.196
2026-06-12 12:45:00,Building_B_Lab,221.32,79.97,0.75,13.274
2026-06-12 13:00:00,Building_B_Lab,230.13,98.92,0.75,17.074
2026-06-12 13:15:00,Building_B_Lab,227.18,83.17,0.75,14.17
2026-06-12 13:30:00,Building_B_Lab,232.71,89.57,0.75,15.634
2026-06-12 13:45:00,Building_B_Lab,232.97,80.1,0.75,13.995
2026-06-12 14:00:00,Building_B_Lab,227.32,83.28,0.75,14.198
2026-06-12 14:15:00,Building_B_Lab,226.78,85.63,0.75,14.565
2026-06-12 14:30:00,Building_B_Lab,230.48,76.79,0.75,13.274
2026-06-12 14:45:00,Building_B_Lab,224.69,73.96,0.75,12.463
2026-06-12 15:00:00,Building_B_Lab,228.0,66.34,0.75,11.344
2026-06-12 15:15:00,Building_B_Lab,232.45,68.92,0.75,12.016
2026-06-12 15:30:00,Building_B_Lab,225.5,68.1,0.75,11.518
2026-06-12 15:45:00,Building_B_Lab,224.89,54.17,0.75,9.136
2026-06-12 16:00:00,Building_B_Lab,236.52,60.27,0.75,10.69
2026-06-12 16:15:00,Building_B_Lab,230.15,52.65,0.75,9.088
2026-06-12 16:30:00,Building_B_Lab,228.11,48.6,0.75,8.314
2026-06-12 16:45:00,Building_B_Lab,232.34,43.59,0.75,7.595
2026-06-12 17:00:00,Building_B_Lab,230.51,38.38,0.75,6.635
2026-06-12 17:15:00,Building_B_Lab,227.73,39.58,0.75,6.76
2026-06-12 17:30:00,Building_B_Lab,230.93,34.69,0.75,6.009
2026-06-12 17:45:00,Building_B_Lab,231.38,25.6,0.75,4.442
2026-06-12 18:00:00,Building_B_Lab,236.23,25.72,0.75,4.556
2026-06-12 18:15:00,Building_B_Lab,232.21,26.55,0.764,4.712
2026-06-12 18:30:00,Building_B_Lab,226.47,26.15,0.75,4.442
2026-06-12 18:45:00,Building_B_Lab,231.66,25.62,0.75,4.452
2026-06-12 19:00:00,Building_B_Lab,228.57,28.02,0.755,4.835
2026-06-12 19:15:00,Building_B_Lab,232.64,24.8,0.791,4.561
2026-06-12 19:30:00,Building_B_Lab,230.08,22.81,0.771,4.047
2026-06-12 19:45:00,Building_B_Lab,228.52,26.79,0.75,4.591
2026-06-12 20:00:00,Building_B_Lab,228.21,104.6,0.75,17.903
2026-06-12 20:15:00,Building_B_Lab,234.71,95.32,0.763,17.069
2026-06-12 20:30:00,Building_B_Lab,236.2,99.96,0.75,17.707
2026-06-12 20:45:00,Building_B_Lab,231.7,99.33,0.761,17.517
2026-06-12 21:00:00,Building_B_Lab,231.77,79.15,0.754,13.825
2026-06-12 21:15:00,Building_B_Lab,229.58,71.53,0.798,13.102
2026-06-12 21:30:00,Building_B_Lab,229.09,76.52,0.791,13.868
2026-06-12 21:45:00,Building_B_Lab,225.11,73.62,0.787,13.038
2026-06-12 22:00:00,Building_B_Lab,228.13,99.53,0.774,17.576
2026-06-12 22:15:00,Building_B_Lab,233.1,106.6,0.757,18.822
2026-06-12 22:30:00,Building_B_Lab,232.12,102.11,0.768,18.207
2026-06-12 22:45:00,Building_B_Lab,225.8,102.51,0.75,17.36
2026-06-12 23:00:00,Building_B_Lab,233.29,81.59,0.76,14.467
2026-06-12 23:15:00,Building_B_Lab,231.23,78.12,0.75,13.547
2026-06-12 23:30:00,Building_B_Lab,229.73,75.53,0.77,13.363
2026-06-12 23:45:00,Building_B_Lab,230.3,72.66,0.764,12.788
2026-06-13 00:00:00,Building_B_Lab,230.68,102.2,0.797,18.79
2026-06-13 00:15:00,Building_B_Lab,229.81,104.07,0.77,18.417
2026-06-13 00:30:00,Building_B_Lab,226.14,97.1,0.764,16.766
2026-06-13 00:45:00,Building_B_Lab,228.68,104.49,0.757,18.088
2026-06-13 01:00:00,Building_B_Lab,229.09,76.99,0.79,13.931
2026-06-13 01:15:00,Building_B_Lab,229.59,75.78,0.755,13.144
2026-06-13 01:30:00,Building_B_Lab,226.76,82.93,0.753,14.166
2026-06-13 01:45:00,Building_B_Lab,232.2,76.35,0.797,14.134
2026-06-13 02:00:00,Building_B_Lab,233.21,91.4,0.77,16.415
2026-06-13 02:15:00,Building_B_Lab,229.58,102.78,0.75,17.696
2026-06-13 02:30:00,Building_B_Lab,232.51,96.95,0.75,16.906
2026-06-13 02:45:00,Building_B_Lab,230.0,107.78,0.75,18.592
2026-06-13 03:00:00,Building_B_Lab,227.31,74.4,0.75,12.684
2026-06-13 03:15:00,Building_B_Lab,227.65,68.42,0.775,12.066
2026-06-13 03:30:00,Building_B_Lab,229.02,73.11,0.768,12.853
2026-06-13 03:45:00,Building_B_Lab,230.38,73.89,0.75,12.766
2026-06-13 04:00:00,Building_B_Lab,229.31,96.58,0.793,17.558
2026-06-13 04:15:00,Building_B_Lab,227.87,92.97,0.75,15.889
2026-06-13 04:30:00,Building_B_Lab,229.82,100.17,0.782,17.999
2026-06-13 04:45:00,Building_B_Lab,230.99,95.42,0.765,16.86
2026-06-13 05:00:00,Building_B_Lab,232.74,72.66,0.751,12.692
2026-06-13 05:15:00,Building_B_Lab,237.16,66.97,0.801,12.719
2026-06-13 05:30:00,Building_B_Lab,229.23,72.2,0.791,13.096
2026-06-13 05:45:00,Building_B_Lab,231.16,76.06,0.762,13.39
2026-06-13 06:00:00,Building_B_Lab,224.24,94.19,0.776,16.4
2026-06-13 06:15:00,Building_B_Lab,233.02,25.48,0.767,4.553
2026-06-13 06:30:00,Building_B_Lab,227.31,25.64,0.75,4.372
2026-06-13 06:45:00,Building_B_Lab,225.35,28.91,0.75,4.886
2026-06-13 07:00:00,Building_B_Lab,236.35,26.06,0.75,4.62
2026-06-13 07:15:00,Building_B_Lab,498.47,36.23,0.75,13.546
2026-06-13 07:30:00,Building_B_Lab,231.36,29.2,0.77,5.203
2026-06-13 07:45:00,Building_B_Lab,234.02,36.74,0.75,6.448
2026-06-13 08:00:00,Building_B_Lab,227.2,31.61,0.754,5.412
2026-06-13 08:15:00,Building_B_Lab,233.07,38.38,0.75,6.709
2026-06-13 08:30:00,Building_B_Lab,235.0,39.22,0.75,6.912
2026-06-13 08:45:00,Building_B_Lab,228.77,40.41,0.75,6.934
2026-06-13 09:00:00,Building_B_Lab,227.07,36.78,0.75,6.263
2026-06-13 09:15:00,Building_B_Lab,232.64,40.06,0.75,6.99
2026-06-13 09:30:00,Building_B_Lab,231.93,46.45,0.75,8.08
2026-06-13 09:45:00,Building_B_Lab,233.56,40.72,0.75,7.134
2026-06-13 10:00:00,Building_B_Lab,230.33,44.46,0.75,7.68
2026-06-13 10:15:00,Building_B_Lab,228.86,39.66,0.75,6.807
2026-06-13 10:30:00,Building_B_Lab,229.03,41.8,0.75,7.18
2026-06-13 10:45:00,Building_B_Lab,227.28,44.05,0.75,7.51
2026-06-13 11:00:00,Building_B_Lab,235.28,43.78,0.75,7.725
2026-06-13 11:15:00,Building_B_Lab,230.39,41.41,0.75,7.156
2026-06-13 11:30:00,Building_B_Lab,235.8,41.98,0.75,7.425
2026-06-13 11:45:00,Building_B_Lab,228.65,45.24,0.75,7.758
2026-06-13 12:00:00,Building_B_Lab,229.04,46.06,0.75,7.911
2026-06-13 12:15:00,Building_B_Lab,223.04,43.42,0.75,7.263
2026-06-13 12:30:00,Building_B_Lab,230.25,48.22,0.75,8.326
2026-06-13 12:45:00,Building_B_Lab,232.92,43.25,0.75,7.555
2026-06-13 13:00:00,Building_B_Lab,234.75,49.58,0.75,8.729
2026-06-13 13:15:00,Building_B_Lab,232.72,38.08,0.75,6.647
2026-06-13 13:30:00,Building_B_Lab,223.64,45.03,0.75,7.553
2026-06-13 13:45:00,Building_B_Lab,226.92,40.49,0.75,6.89
2026-06-13 14:00:00,Building_B_Lab,226.52,38.54,0.75,6.547
2026-06-13 14:15:00,Building_B_Lab,233.09,41.27,0.75,7.215
2026-06-13 14:30:00,Building_B_Lab,229.08,35.01,0.75,6.016
2026-06-13 14:45:00,Building_B_Lab,229.02,41.02,0.75,7.046
2026-06-13 15:00:00,Building_B_Lab,231.05,47.71,0.75,8.267
2026-06-13 15:15:00,Building_B_Lab,223.39,37.36,0.75,6.259
2026-06-13 15:30:00,Building_B_Lab,228.17,39.22,0.75,6.711
2026-06-13 15:45:00,Building_B_Lab,233.82,35.59,0.75,6.24
2026-06-13 16:00:00,Building_B_Lab,229.83,38.37,0.75,6.613
2026-06-13 16:15:00,Building_B_Lab,232.87,34.67,0.75,6.055
2026-06-13 16:30:00,Building_B_Lab,236.15,36.84,0.75,6.525
2026-06-13 16:45:00,Building_B_Lab,232.4,30.07,0.75,5.242
2026-06-13 17:00:00,Building_B_Lab,219.11,30.51,0.75,5.013
2026-06-13 17:15:00,Building_B_Lab,233.84,27.9,0.75,4.894
2026-06-13 17:30:00,Building_B_Lab,232.0,26.4,0.75,4.594
2026-06-13 17:45:00,Building_B_Lab,224.84,27.55,0.75,4.646
2026-06-13 18:00:00,Building_B_Lab,230.84,28.89,0.75,5.002
2026-06-13 18:15:00,Building_B_Lab,221.92,23.48,0.775,4.04
2026-06-13 18:30:00,Building_B_Lab,229.67,-23.42,0.753,-4.051
2026-06-13 18:45:00,Building_B_Lab,229.23,23.23,0.75,3.994
2026-06-13 19:00:00,Building_B_Lab,224.21,25.62,0.75,4.309
2026-06-13 19:15:00,Building_B_Lab,234.05,26.43,0.75,4.64
2026-06-13 19:30:00,Building_B_Lab,222.88,24.7,0.75,4.128
2026-06-13 19:45:00,Building_B_Lab,231.0,28.85,0.75,4.998
2026-06-13 20:00:00,Building_B_Lab,232.25,105.86,0.75,18.44
2026-06-13 20:15:00,Building_B_Lab,231.05,100.0,0.776,17.938
2026-06-13 20:30:00,Building_B_Lab,230.99,96.41,0.761,16.939
2026-06-13 20:45:00,Building_B_Lab,225.29,98.29,0.79,17.499
2026-06-13 21:00:00,Building_B_Lab,225.34,76.87,0.75,12.991
2026-06-13 21:15:00,Building_B_Lab,230.63,75.5,0.805,14.018
2026-06-13 21:30:00,Building_B_Lab,227.3,65.84,0.8,11.975
2026-06-13 21:45:00,Building_B_Lab,237.5,74.33,0.782,13.801
2026-06-13 22:00:00,Building_B_Lab,226.83,96.9,0.77,16.93
2026-06-13 22:15:00,Building_B_Lab,234.32,105.23,0.75,18.494
2026-06-13 22:30:00,Building_B_Lab,231.54,101.22,0.752,17.615
2026-06-13 22:45:00,Building_B_Lab,232.81,98.09,0.759,17.331
2026-06-13 23:00:00,Building_B_Lab,225.07,76.14,0.762,13.061
2026-06-13 23:15:00,Building_B_Lab,234.0,63.83,0.777,11.606
2026-06-13 23:30:00,Building_B_Lab,219.08,71.38,0.784,12.257
2026-06-13 23:45:00,Building_B_Lab,230.69,75.07,0.762,13.188
2026-06-14 00:00:00,Building_B_Lab,230.14,98.27,0.75,16.962
2026-06-14 00:15:00,Building_B_Lab,230.09,100.79,0.772,17.902
2026-06-14 00:30:00,Building_B_Lab,226.94,95.51,0.75,16.256
2026-06-14 00:45:00,Building_B_Lab,230.76,102.7,0.763,18.072
2026-06-14 01:00:00,Building_B_Lab,237.15,81.26,0.763,14.713
2026-06-14 01:15:00,Building_B_Lab,226.88,74.53,0.75,12.682
2026-06-14 01:30:00,Building_B_Lab,229.61,76.26,0.75,13.132
2026-06-14 01:45:00,Building_B_Lab,232.39,80.17,0.799,14.885
2026-06-14 02:00:00,Building_B_Lab,226.97,102.59,0.779,18.129
2026-06-14 02:15:00,Building_B_Lab,228.99,100.02,0.756,17.322
2026-06-14 02:30:00,Building_B_Lab,232.48,98.81,0.782,17.972
2026-06-14 02:45:00,Building_B_Lab,226.82,99.55,0.771,17.417
2026-06-14 03:00:00,Building_B_Lab,229.01,76.73,0.786,13.813
2026-06-14 03:15:00,Building_B_Lab,230.49,74.04,0.775,13.221
2026-06-14 03:30:00,Building_B_Lab,232.86,75.84,0.787,13.905
2026-06-14 03:45:00,Building_B_Lab,226.33,73.53,0.767,12.77
2026-06-14 04:00:00,Building_B_Lab,229.12,92.99,0.8,17.045
2026-06-14 04:15:00,Building_B_Lab,220.05,102.46,0.75,16.91
2026-06-14 04:30:00,Building_B_Lab,226.59,99.39,0.768,17.306
2026-06-14 04:45:00,Building_B_Lab,225.12,103.82,0.752,17.58
2026-06-14 05:00:00,Building_B_Lab,230.75,77.92,0.752,13.521
2026-06-14 05:15:00,Building_B_Lab,233.46,75.38,0.771,13.571
2026-06-14 05:30:00,Building_B_Lab,228.92,78.18,0.758,13.558
2026-06-14 05:45:00,Building_B_Lab,228.45,76.92,0.783,13.762
2026-06-14 06:00:00,Building_B_Lab,227.67,99.7,0.782,17.75
2026-06-14 06:15:00,Building_B_Lab,229.94,27.55,0.75,4.751
2026-06-14 06:30:00,Building_B_Lab,223.64,26.39,0.765,4.514
2026-06-14 06:45:00,Building_B_Lab,234.57,27.03,0.75,4.755
2026-06-14 07:00:00,Building_B_Lab,227.75,30.89,0.75,5.277
2026-06-14 07:15:00,Building_B_Lab,228.59,27.67,0.75,4.744
2026-06-14 07:30:00,Building_B_Lab,231.56,33.16,0.75,5.76
2026-06-14 07:45:00,Building_B_Lab,225.78,34.62,0.75,5.862
2026-06-14 08:00:00,Building_B_Lab,237.05,35.75,0.75,6.355
2026-06-14 08:15:00,Building_B_Lab,228.94,34.85,0.75,5.984
2026-06-14 08:30:00,Building_B_Lab,227.99,37.85,0.75,6.472
2026-06-14 08:45:00,Building_B_Lab,224.83,37.31,0.75,6.291
2026-06-14 09:00:00,Building_B_Lab,233.5,41.37,0.75,7.244
2026-06-14 09:15:00,Building_B_Lab,226.53,39.2,0.75,6.66
2026-06-14 09:30:00,Building_B_Lab,235.21,41.79,0.75,7.371
2026-06-14 09:45:00,Building_B_Lab,228.14,39.63,0.75,6.782
2026-06-14 10:00:00,Building_B_Lab,236.64,39.55,0.75,7.02
2026-06-14 10:15:00,Building_B_Lab,229.52,44.08,0.75,7.587
2026-06-14 10:30:00,Building_B_Lab,236.34,39.25,0.75,6.958
2026-06-14 10:45:00,Building_B_Lab,236.74,49.74,0.75,8.831
2026-06-14 11:00:00,Building_B_Lab,229.91,39.4,0.75,6.793
2026-06-14 11:15:00,Building_B_Lab,230.25,42.68,0.75,7.37
2026-06-14 11:30:00,Building_B_Lab,230.44,39.15,0.75,6.767
2026-06-14 11:45:00,Building_B_Lab,233.57,41.76,0.75,7.315
2026-06-14 12:00:00,Building_B_Lab,225.77,50.77,0.75,8.597
2026-06-14 12:15:00,Building_B_Lab,226.12,50.59,0.75,8.579
2026-06-14 12:30:00,Building_B_Lab,233.61,46.03,0.75,8.064
2026-06-14 12:45:00,Building_B_Lab,236.67,43.87,0.75,7.788
2026-06-14 13:00:00,Building_B_Lab,233.17,37.72,0.75,6.597
2026-06-14 13:15:00,Building_B_Lab,230.72,43.21,0.75,7.477
2026-06-14 13:30:00,Building_B_Lab,233.87,50.3,0.75,8.822
2026-06-14 13:45:00,Building_B_Lab,233.35,39.32,0.75,6.882
2026-06-14 14:00:00,Building_B_Lab,229.39,40.53,0.75,6.973
2026-06-14 14:15:00,Building_B_Lab,227.52,40.51,0.75,6.912
2026-06-14 14:30:00,Building_B_Lab,225.43,40.38,0.75,6.827
2026-06-14 14:45:00,Building_B_Lab,233.6,43.87,0.75,7.685
2026-06-14 15:00:00,Building_B_Lab,232.63,34.58,0.75,6.034
2026-06-14 15:15:00,Building_B_Lab,227.1,33.74,0.75,5.747
2026-06-14 15:30:00,Building_B_Lab,231.36,37.32,0.75,6.476
2026-06-14 15:45:00,Building_B_Lab,234.78,39.39,0.75,6.936
2026-06-14 16:00:00,Building_B_Lab,226.34,33.79,0.75,5.736
2026-06-14 16:15:00,Building_B_Lab,224.43,34.32,0.75,5.777
2026-06-14 16:30:00,Building_B_Lab,226.62,34.35,0.75,5.839
2026-06-14 16:45:00,Building_B_Lab,234.14,34.34,0.75,6.031
2026-06-14 17:00:00,Building_B_Lab,229.38,30.37,0.75,5.224
2026-06-14 17:15:00,Building_B_Lab,228.59,23.16,0.789,4.179
2026-06-14 17:30:00,Building_B_Lab,235.86,29.66,0.75,5.247
2026-06-14 17:45:00,Building_B_Lab,227.45,24.94,0.75,4.254
2026-06-14 18:00:00,Building_B_Lab,227.58,27.63,0.775,4.871
2026-06-14 18:15:00,Building_B_Lab,231.92,24.39,0.76,4.296
2026-06-14 18:30:00,Building_B_Lab,233.75,26.02,0.75,4.562
2026-06-14 18:45:00,Building_B_Lab,230.91,24.19,0.769,4.295
2026-06-14 19:00:00,Building_B_Lab,228.21,26.94,0.75,4.611
2026-06-14 19:15:00,Building_B_Lab,228.22,26.88,0.767,4.708
2026-06-14 19:30:00,Building_B_Lab,234.7,26.02,0.76,4.639
2026-06-14 19:45:00,Building_B_Lab,228.43,21.77,0.809,4.024
2026-06-14 20:00:00,Building_B_Lab,228.54,96.54,0.75,16.546
2026-06-14 20:15:00,Building_B_Lab,239.62,100.77,0.761,18.37
2026-06-14 20:30:00,Building_B_Lab,226.77,94.07,0.75,16.0
2026-06-14 20:45:00,Building_B_Lab,228.75,105.05,0.75,18.023
2026-06-14 21:00:00,Building_B_Lab,228.42,79.12,0.756,13.66
2026-06-14 21:15:00,Building_B_Lab,228.74,77.34,0.751,13.291
2026-06-14 21:30:00,Building_B_Lab,232.1,80.05,0.758,14.092
2026-06-14 21:45:00,Building_B_Lab,228.38,78.63,0.782,14.049
2026-06-14 22:00:00,Building_B_Lab,225.45,100.57,0.753,17.062
2026-06-14 22:15:00,Building_B_Lab,228.0,97.94,0.805,17.976
2026-06-14 22:30:00,Building_B_Lab,226.66,-99.7,0.772,-17.441
2026-06-14 22:45:00,Building_B_Lab,233.48,108.83,0.754,19.167
2026-06-14 23:00:00,Building_B_Lab,231.37,73.39,0.754,12.795
2026-06-14 23:15:00,Building_B_Lab,235.13,74.81,0.754,13.257
2026-06-14 23:30:00,Building_B_Lab,228.1,75.13,0.773,13.242
2026-06-14 23:45:00,Building_B_Lab,230.18,75.67,0.75,13.063
2026-06-15 00:00:00,Building_B_Lab,234.12,21.06,0.754,3.715
2026-06-15 00:15:00,Building_B_Lab,232.36,25.5,0.75,4.444
2026-06-15 00:30:00,Building_B_Lab,234.01,24.75,0.759,4.396
2026-06-15 00:45:00,Building_B_Lab,231.33,27.46,0.75,4.764
2026-06-15 01:00:00,Building_B_Lab,230.01,24.72,0.75,4.265
2026-06-15 01:15:00,Building_B_Lab,228.95,24.45,0.795,4.452
2026-06-15 01:30:00,Building_B_Lab,235.08,29.17,0.75,5.143
2026-06-15 01:45:00,Building_B_Lab,223.81,26.62,0.764,4.553
2026-06-15 02:00:00,Building_B_Lab,224.77,27.64,0.75,4.659
2026-06-15 02:15:00,Building_B_Lab,232.34,24.91,0.756,4.373
2026-06-15 02:30:00,Building_B_Lab,229.42,23.01,0.8,4.223
2026-06-15 02:45:00,Building_B_Lab,227.14,24.43,0.793,4.399
2026-06-15 03:00:00,Building_B_Lab,235.89,23.74,0.788,4.411
2026-06-15 03:15:00,Building_B_Lab,227.65,24.72,0.799,4.494
2026-06-15 03:30:00,Building_B_Lab,235.28,26.45,0.801,4.985
2026-06-15 03:45:00,Building_B_Lab,228.87,25.05,0.777,4.456
2026-06-15 04:00:00,Building_B_Lab,234.43,25.78,0.774,4.676
2026-06-15 04:15:00,Building_B_Lab,227.93,25.17,0.763,4.376
2026-06-15 04:30:00,Building_B_Lab,221.52,23.34,0.781,4.039
2026-06-15 04:45:00,Building_B_Lab,232.96,27.17,0.75,4.746
2026-06-15 05:00:00,Building_B_Lab,226.57,23.16,0.753,3.954
2026-06-15 05:15:00,Building_B_Lab,232.88,26.34,0.755,4.629
2026-06-15 05:30:00,Building_B_Lab,230.83,25.15,0.784,4.549
2026-06-15 05:45:00,Building_B_Lab,230.5,27.99,0.75,4.839
2026-06-15 06:00:00,Building_B_Lab,220.65,27.19,0.75,4.5
2026-06-15 06:15:00,Building_B_Lab,231.72,27.15,0.75,4.719
2026-06-15 06:30:00,Building_B_Lab,226.54,32.64,0.75,5.546
2026-06-15 06:45:00,Building_B_Lab,234.7,36.92,0.75,6.498
2026-06-15 07:00:00,Building_B_Lab,231.58,37.58,0.75,6.527
2026-06-15 07:15:00,Building_B_Lab,229.82,44.3,0.75,7.636
2026-06-15 07:30:00,Building_B_Lab,225.55,45.38,0.75,7.677
2026-06-15 07:45:00,Building_B_Lab,230.53,56.73,0.75,9.808
2026-06-15 08:00:00,Building_B_Lab,231.69,57.04,0.75,9.912
2026-06-15 08:15:00,Building_B_Lab,228.32,59.49,0.75,10.187
2026-06-15 08:30:00,Building_B_Lab,228.2,50.59,0.75,8.659
2026-06-15 08:45:00,Building_B_Lab,227.69,75.15,0.75,12.833
2026-06-15 09:00:00,Building_B_Lab,235.7,77.45,0.75,13.691
2026-06-15 09:15:00,Building_B_Lab,229.99,69.07,0.75,11.915
2026-06-15 09:30:00,Building_B_Lab,231.26,73.58,0.75,12.761
2026-06-15 09:45:00,Building_B_Lab,229.98,82.54,0.75,14.236
2026-06-15 10:00:00,Building_B_Lab,236.08,70.26,0.75,12.441
2026-06-15 10:15:00,Building_B_Lab,229.27,74.19,0.75,12.757
2026-06-15 10:30:00,Building_B_Lab,234.55,90.04,0.75,15.839
2026-06-15 10:45:00,Building_B_Lab,227.19,84.24,0.75,14.354
2026-06-15 11:00:00,Building_B_Lab,234.86,73.51,0.75,12.948
2026-06-15 11:15:00,Building_B_Lab,235.01,98.66,0.75,17.389
2026-06-15 11:30:00,Building_B_Lab,232.6,102.25,0.75,17.838
2026-06-15 11:45:00,Building_B_Lab,227.19,79.76,0.75,13.59
2026-06-15 12:00:00,Building_B_Lab,230.47,94.43,0.75,16.323
2026-06-15 12:15:00,Building_B_Lab,236.37,93.53,0.75,16.58
2026-06-15 12:30:00,Building_B_Lab,225.99,84.56,0.75,14.332
2026-06-15 12:45:00,Building_B_Lab,225.77,78.11,0.75,13.226
2026-06-15 13:00:00,Building_B_Lab,234.46,108.4,0.75,19.062
2026-06-15 13:15:00,Building_B_Lab,229.52,94.45,0.75,16.259
2026-06-15 13:30:00,Building_B_Lab,229.91,85.52,0.75,14.746
2026-06-15 13:45:00,Building_B_Lab,231.62,93.88,0.75,16.308
2026-06-15 14:00:00,Building_B_Lab,230.01,87.26,0.75,15.052
2026-06-15 14:15:00,Building_B_Lab,225.96,89.54,0.75,15.173
2026-06-15 14:30:00,Building_B_Lab,233.23,78.1,0.75,13.661
2026-06-15 14:45:00,Building_B_Lab,231.98,83.09,0.75,14.457
2026-06-15 15:00:00,Building_B_Lab,230.98,65.21,0.75,11.296
2026-06-15 15:15:00,Building_B_Lab,225.79,67.41,0.75,11.416
2026-06-15 15:30:00,Building_B_Lab,229.19,63.61,0.75,10.934
2026-06-15 15:45:00,Building_B_Lab,225.67,68.46,0.75,11.587
2026-06-15 16:00:00,Building_B_Lab,230.99,55.98,0.75,9.699
2026-06-15 16:15:00,Building_B_Lab,230.97,53.38,0.75,9.246
2026-06-15 16:30:00,Building_B_Lab,227.5,58.69,0.75,10.013
2026-06-15 16:45:00,Building_B_Lab,224.4,45.16,0.75,7.6
2026-06-15 17:00:00,Building_B_Lab,226.46,40.54,0.75,6.885
2026-06-15 17:15:00,Building_B_Lab,227.66,34.72,0.75,5.929
2026-06-15 17:30:00,Building_B_Lab,231.18,28.84,0.763,5.087
2026-06-15 17:45:00,Building_B_Lab,230.61,36.81,0.75,6.366
2026-06-15 18:00:00,Building_B_Lab,227.17,22.09,0.8,4.018
2026-06-15 18:15:00,Building_B_Lab,232.91,25.59,0.756,4.503
2026-06-15 18:30:00,Building_B_Lab,221.28,28.01,0.75,4.648
2026-06-15 18:45:00,Building_B_Lab,232.44,26.83,0.75,4.678
2026-06-15 19:00:00,Building_B_Lab,231.06,24.03,0.795,4.416
2026-06-15 19:15:00,Building_B_Lab,228.44,24.2,0.788,4.356
2026-06-15 19:30:00,Building_B_Lab,231.89,25.73,0.771,4.602
2026-06-15 19:45:00,Building_B_Lab,221.01,25.01,0.75,4.145
2026-06-15 20:00:00,Building_B_Lab,235.94,20.22,0.804,3.833
2026-06-15 20:15:00,Building_B_Lab,226.65,24.35,0.756,4.173
2026-06-15 20:30:00,Building_B_Lab,229.75,26.92,0.75,4.639
2026-06-15 20:45:00,Building_B_Lab,225.62,26.01,0.757,4.443
2026-06-15 21:00:00,Building_B_Lab,234.43,21.42,0.786,3.946
2026-06-15 21:15:00,Building_B_Lab,225.56,23.27,0.761,3.997
2026-06-15 21:30:00,Building_B_Lab,233.84,25.94,0.762,4.622
2026-06-15 21:45:00,Building_B_Lab,227.42,23.33,0.75,3.979
2026-06-15 22:00:00,Building_B_Lab,233.79,26.61,0.753,4.683
2026-06-15 22:15:00,Building_B_Lab,231.49,22.77,0.772,4.068
2026-06-15 22:30:00,Building_B_Lab,234.55,26.07,0.779,4.763
2026-06-15 22:45:00,Building_B_Lab,229.36,23.09,0.788,4.174
2026-06-15 23:00:00,Building_B_Lab,238.48,26.19,0.762,4.757
2026-06-15 23:15:00,Building_B_Lab,230.9,21.44,0.801,3.967
2026-06-15 23:30:00,Building_B_Lab,234.64,24.59,0.75,4.327
2026-06-15 23:45:00,Building_B_Lab,223.32,24.29,0.764,4.144
2026-06-16 00:00:00,Building_B_Lab,230.8,29.76,0.75,5.152
2026-06-16 00:15:00,Building_B_Lab,230.34,21.79,0.805,4.041
2026-06-16 00:30:00,Building_B_Lab,232.34,23.07,0.75,4.02
2026-06-16 00:45:00,Building_B_Lab,231.67,23.05,0.806,4.304
2026-06-16 01:00:00,Building_B_Lab,232.42,24.26,0.772,4.351
2026-06-16 01:15:00,Building_B_Lab,232.34,21.99,0.754,3.854
2026-06-16 01:30:00,Building_B_Lab,221.71,25.61,0.78,4.428
2026-06-16 01:45:00,Building_B_Lab,228.56,24.82,0.75,4.254
2026-06-16 02:00:00,Building_B_Lab,230.51,29.26,0.75,5.058
2026-06-16 02:15:00,Building_B_Lab,229.34,25.22,0.77,4.454
2026-06-16 02:30:00,Building_B_Lab,226.13,23.36,0.801,4.229
2026-06-16 02:45:00,Building_B_Lab,229.16,26.29,0.773,4.66
2026-06-16 03:00:00,Building_B_Lab,231.82,23.03,0.773,4.13
2026-06-16 03:15:00,Building_B_Lab,230.07,25.5,0.75,4.4
2026-06-16 03:30:00,Building_B_Lab,225.95,25.31,0.776,4.438
2026-06-16 03:45:00,Building_B_Lab,232.19,25.86,0.781,4.688
2026-06-16 04:00:00,Building_B_Lab,227.82,25.67,0.759,4.438
2026-06-16 04:15:00,Building_B_Lab,233.91,24.26,0.788,4.469
2026-06-16 04:30:00,Building_B_Lab,232.72,22.92,0.788,4.204
2026-06-16 04:45:00,Building_B_Lab,228.33,24.54,0.764,4.283
2026-06-16 05:00:00,Building_B_Lab,225.02,26.7,0.788,4.736
2026-06-16 05:15:00,Building_B_Lab,226.48,27.29,0.75,4.635
2026-06-16 05:30:00,Building_B_Lab,231.74,27.22,0.763,4.812
2026-06-16 05:45:00,Building_B_Lab,226.83,26.14,0.774,4.592
2026-06-16 06:00:00,Building_B_Lab,227.93,23.93,0.778,4.241
2026-06-16 06:15:00,Building_B_Lab,231.09,34.61,0.75,5.998
2026-06-16 06:30:00,Building_B_Lab,228.53,35.88,0.75,6.15
2026-06-16 06:45:00,Building_B_Lab,229.49,37.72,0.75,6.493
2026-06-16 07:00:00,Building_B_Lab,230.02,43.57,0.75,7.516
2026-06-16 07:15:00,Building_B_Lab,226.85,48.95,0.75,8.329
2026-06-16 07:30:00,Building_B_Lab,231.93,48.7,0.75,8.471
2026-06-16 07:45:00,Building_B_Lab,231.38,52.99,0.75,9.196
2026-06-16 08:00:00,Building_B_Lab,231.93,66.56,0.75,11.578
2026-06-16 08:15:00,Building_B_Lab,225.88,60.77,0.75,10.296
2026-06-16 08:30:00,Building_B_Lab,223.35,62.15,0.75,10.411
2026-06-16 08:45:00,Building_B_Lab,230.79,65.78,0.75,11.386
2026-06-16 09:00:00,Building_B_Lab,226.47,73.32,0.75,12.453
2026-06-16 09:15:00,Building_B_Lab,227.83,71.7,0.75,12.252
2026-06-16 09:30:00,Building_B_Lab,231.3,71.95,0.75,12.481
2026-06-16 09:45:00,Building_B_Lab,224.66,81.93,0.75,13.806
2026-06-16 10:00:00,Building_B_Lab,234.21,78.73,0.75,13.831
2026-06-16 10:15:00,Building_B_Lab,233.0,87.02,0.75,15.207
2026-06-16 10:30:00,Building_B_Lab,225.15,85.31,0.75,14.405
2026-06-16 10:45:00,Building_B_Lab,232.24,81.56,0.75,14.206
2026-06-16 11:00:00,Building_B_Lab,234.83,83.55,0.75,14.716
2026-06-16 11:15:00,Building_B_Lab,225.02,85.76,0.75,14.473
2026-06-16 11:30:00,Building_B_Lab,230.21,93.39,0.75,16.125
2026-06-16 11:45:00,Building_B_Lab,225.75,91.14,0.75,15.431
2026-06-16 12:00:00,Building_B_Lab,224.15,99.87,0.75,16.789
2026-06-16 12:15:00,Building_B_Lab,233.33,97.67,0.75,17.093
2026-06-16 12:30:00,Building_B_Lab,229.67,89.04,0.75,15.338
2026-06-16 12:45:00,Building_B_Lab,231.66,90.02,0.75,15.64
2026-06-16 13:00:00,Building_B_Lab,233.8,87.08,0.75,15.27
2026-06-16 13:15:00,Building_B_Lab,229.5,94.85,0.75,16.325
2026-06-16 13:30:00,Building_B_Lab,227.57,84.82,0.75,14.477
2026-06-16 13:45:00,Building_B_Lab,236.06,90.23,0.75,15.975
2026-06-16 14:00:00,Building_B_Lab,226.98,83.81,0.75,14.267
2026-06-16 14:15:00,Building_B_Lab,227.84,114.07,0.75,19.492
2026-06-16 14:30:00,Building_B_Lab,228.81,84.72,0.75,14.539
2026-06-16 14:45:00,Building_B_Lab,230.3,65.39,0.75,11.294
2026-06-16 15:00:00,Building_B_Lab,230.97,72.61,0.75,12.578
2026-06-16 15:15:00,Building_B_Lab,229.88,64.54,0.75,11.128
2026-06-16 15:30:00,Building_B_Lab,231.92,60.01,0.75,10.439
2026-06-16 15:45:00,Building_B_Lab,236.63,62.71,0.75,11.129
2026-06-16 16:00:00,Building_B_Lab,228.15,63.75,0.75,10.909
2026-06-16 16:15:00,Building_B_Lab,226.23,54.6,0.75,9.264
2026-06-16 16:30:00,Building_B_Lab,231.95,56.98,0.75,9.911
2026-06-16 16:45:00,Building_B_Lab,228.33,47.39,0.75,8.115
2026-06-16 17:00:00,Building_B_Lab,233.64,42.64,0.75,7.472
2026-06-16 17:15:00,Building_B_Lab,227.5,39.59,0.75,6.756
2026-06-16 17:30:00,Building_B_Lab,229.13,34.14,0.75,5.867
2026-06-16 17:45:00,Building_B_Lab,230.11,28.49,0.75,4.918
2026-06-16 18:00:00,Building_B_Lab,229.37,25.79,0.75,4.436
2026-06-16 18:15:00,Building_B_Lab,234.67,22.2,0.787,4.102
2026-06-16 18:30:00,Building_B_Lab,231.82,25.72,0.75,4.472
2026-06-16 18:45:00,Building_B_Lab,233.63,25.48,0.766,4.557
2026-06-16 19:00:00,Building_B_Lab,229.95,24.96,0.785,4.505
2026-06-16 19:15:00,Building_B_Lab,229.73,26.92,0.75,4.639
2026-06-16 19:30:00,Building_B_Lab,232.11,26.81,0.75,4.667
2026-06-16 19:45:00,Building_B_Lab,228.64,25.5,0.775,4.517
2026-06-16 20:00:00,Building_B_Lab,233.05,25.89,0.75,4.524
2026-06-16 20:15:00,Building_B_Lab,227.09,24.72,0.805,4.516
2026-06-16 20:30:00,Building_B_Lab,232.25,26.6,0.75,4.634
2026-06-16 20:45:00,Building_B_Lab,234.0,26.3,0.75,4.616
2026-06-16 21:00:00,Building_B_Lab,229.99,26.31,0.75,4.539
2026-06-16 21:15:00,Building_B_Lab,224.32,24.22,0.773,4.202
2026-06-16 21:30:00,Building_B_Lab,227.07,22.3,0.79,3.998
2026-06-16 21:45:00,Building_B_Lab,232.17,25.02,0.76,4.412
2026-06-16 22:00:00,Building_B_Lab,227.07,28.15,0.75,4.795
2026-06-16 22:15:00,Building_B_Lab,229.55,24.02,0.834,4.6
2026-06-16 22:30:00,Building_B_Lab,236.17,27.38,0.75,4.85
2026-06-16 22:45:00,Building_B_Lab,225.36,25.08,0.771,4.36
2026-06-16 23:00:00,Building_B_Lab,226.46,26.91,0.772,4.707
2026-06-16 23:15:00,Building_B_Lab,230.74,25.67,0.766,4.537
2026-06-16 23:30:00,Building_B_Lab,228.56,24.51,0.765,4.285
2026-06-16 23:45:00,Building_B_Lab,231.81,25.39,0.75,4.415
2026-06-17 00:00:00,Building_B_Lab,223.85,23.23,0.75,3.9
2026-06-17 00:15:00,Building_B_Lab,231.65,22.06,0.792,4.048
2026-06-17 00:30:00,Building_B_Lab,229.74,25.11,0.783,4.52
2026-06-17 00:45:00,Building_B_Lab,235.36,25.29,0.791,4.711
2026-06-17 01:00:00,Building_B_Lab,228.26,23.76,0.757,4.106
2026-06-17 01:15:00,Building_B_Lab,226.29,27.44,0.75,4.656
2026-06-17 01:30:00,Building_B_Lab,236.61,25.59,0.778,4.709
2026-06-17 01:45:00,Building_B_Lab,227.41,25.05,0.75,4.273
2026-06-17 02:00:00,Building_B_Lab,230.05,29.28,0.75,5.052
2026-06-17 02:15:00,Building_B_Lab,232.87,23.67,0.814,4.486
2026-06-17 02:30:00,Building_B_Lab,225.13,26.97,0.754,4.58
2026-06-17 02:45:00,Building_B_Lab,231.5,27.42,0.751,4.765
2026-06-17 03:00:00,Building_B_Lab,228.42,23.7,0.76,4.114
2026-06-17 03:15:00,Building_B_Lab,230.56,28.06,0.764,4.94
2026-06-17 03:30:00,Building_B_Lab,226.64,22.42,0.75,3.81
2026-06-17 03:45:00,Building_B_Lab,232.48,23.9,0.793,4.405
2026-06-17 04:00:00,Building_B_Lab,230.36,27.46,0.788,4.983
2026-06-17 04:15:00,Building_B_Lab,232.68,26.64,0.778,4.824
2026-06-17 04:30:00,Building_B_Lab,227.6,26.04,0.759,4.498
2026-06-17 04:45:00,Building_B_Lab,233.78,68.97,0.767,12.371
2026-06-17 05:00:00,Building_B_Lab,227.13,26.41,0.76,4.561
2026-06-17 05:15:00,Building_B_Lab,231.65,25.65,0.774,4.598
2026-06-17 05:30:00,Building_B_Lab,230.91,24.09,0.75,4.171
2026-06-17 05:45:00,Building_B_Lab,231.53,25.51,0.773,4.567
2026-06-17 06:00:00,Building_B_Lab,229.02,26.46,0.777,4.709
2026-06-17 06:15:00,Building_B_Lab,230.41,27.18,0.75,4.698
2026-06-17 06:30:00,Building_B_Lab,224.99,33.29,0.75,5.618
2026-06-17 06:45:00,Building_B_Lab,226.59,38.74,0.75,6.583
2026-06-17 07:00:00,Building_B_Lab,229.43,44.37,0.75,7.635
2026-06-17 07:15:00,Building_B_Lab,225.88,49.73,0.75,8.424
2026-06-17 07:30:00,Building_B_Lab,233.42,47.45,0.75,8.307
2026-06-17 07:45:00,Building_B_Lab,230.61,47.84,0.75,8.274
2026-06-17 08:00:00,Building_B_Lab,229.01,60.14,0.75,10.33
2026-06-17 08:15:00,Building_B_Lab,231.21,59.69,0.75,10.35
2026-06-17 08:30:00,Building_B_Lab,233.36,68.99,0.75,12.075
2026-06-17 08:45:00,Building_B_Lab,231.32,71.71,0.75,12.441
2026-06-17 09:00:00,Building_B_Lab,227.19,78.78,0.75,13.423
2026-06-17 09:15:00,Building_B_Lab,231.04,73.51,0.75,12.738
2026-06-17 09:30:00,Building_B_Lab,230.26,64.25,0.75,11.096
2026-06-17 09:45:00,Building_B_Lab,230.86,68.25,0.75,11.817
2026-06-17 10:00:00,Building_B_Lab,232.14,82.36,0.75,14.34
2026-06-17 10:15:00,Building_B_Lab,233.08,78.38,0.75,13.702
2026-06-17 10:30:00,Building_B_Lab,232.14,-83.12,0.75,-14.472
2026-06-17 10:45:00,Building_B_Lab,228.17,85.36,0.75,14.607
2026-06-17 11:00:00,Building_B_Lab,234.36,95.37,0.75,16.763
2026-06-17 11:15:00,Building_B_Lab,228.51,87.56,0.75,15.007
2026-06-17 11:30:00,Building_B_Lab,229.71,79.3,0.75,13.661
2026-06-17 11:45:00,Building_B_Lab,233.76,83.09,0.75,14.568
2026-06-17 12:00:00,Building_B_Lab,234.44,86.78,0.75,15.259
2026-06-17 12:15:00,Building_B_Lab,228.07,87.27,0.75,14.927
2026-06-17 12:30:00,Building_B_Lab,232.84,93.59,0.75,16.344
2026-06-17 12:45:00,Building_B_Lab,233.07,88.5,0.75,15.469
2026-06-17 13:00:00,Building_B_Lab,236.59,92.36,0.75,16.389
2026-06-17 13:15:00,Building_B_Lab,224.0,73.21,0.75,12.299
2026-06-17 13:30:00,Building_B_Lab,228.46,90.96,0.75,15.586
2026-06-17 13:45:00,Building_B_Lab,226.62,78.84,0.75,13.4
2026-06-17 14:00:00,Building_B_Lab,235.52,90.69,0.75,16.019
2026-06-17 14:15:00,Building_B_Lab,228.4,69.68,0.75,11.937
2026-06-17 14:30:00,Building_B_Lab,238.23,72.68,0.75,12.986
2026-06-17 14:45:00,Building_B_Lab,230.65,63.53,0.75,10.991
2026-06-17 15:00:00,Building_B_Lab,230.64,64.88,0.75,11.222
2026-06-17 15:15:00,Building_B_Lab,225.6,67.64,0.75,11.445
2026-06-17 15:30:00,Building_B_Lab,227.96,65.31,0.75,11.166
2026-06-17 15:45:00,Building_B_Lab,228.81,64.5,0.75,11.069
2026-06-17 16:00:00,Building_B_Lab,234.38,57.32,0.75,10.077
2026-06-17 16:15:00,Building_B_Lab,231.8,57.88,0.75,10.062
2026-06-17 16:30:00,Building_B_Lab,231.46,51.22,0.75,8.892
2026-06-17 16:45:00,Building_B_Lab,229.94,40.87,0.75,7.048
2026-06-17 17:00:00,Building_B_Lab,228.71,43.22,0.75,7.414
2026-06-17 17:15:00,Building_B_Lab,230.6,40.77,0.75,7.052
2026-06-17 17:30:00,Building_B_Lab,233.18,35.95,0.75,6.287
2026-06-17 17:45:00,Building_B_Lab,228.87,28.03,0.753,4.828
2026-06-17 18:00:00,Building_B_Lab,231.85,22.15,0.752,3.861
2026-06-17 18:15:00,Building_B_Lab,230.11,24.97,0.765,4.394
2026-06-17 18:30:00,Building_B_Lab,234.74,27.33,0.762,4.888
2026-06-17 18:45:00,Building_B_Lab,229.01,23.47,0.773,4.157
2026-06-17 19:00:00,Building_B_Lab,231.69,23.69,0.753,4.131
2026-06-17 19:15:00,Building_B_Lab,230.57,24.09,0.778,4.319
2026-06-17 19:30:00,Building_B_Lab,222.24,24.28,0.801,4.321
2026-06-17 19:45:00,Building_B_Lab,232.76,27.03,0.75,4.718
2026-06-17 20:00:00,Building_B_Lab,229.35,28.05,0.75,4.824
2026-06-17 20:15:00,Building_B_Lab,228.2,24.36,0.75,4.17
2026-06-17 20:30:00,Building_B_Lab,231.09,25.2,0.77,4.485
2026-06-17 20:45:00,Building_B_Lab,227.12,24.61,0.75,4.193
2026-06-17 21:00:00,Building_B_Lab,231.7,25.04,0.757,4.393
2026-06-17 21:15:00,Building_B_Lab,229.17,26.51,0.768,4.662
2026-06-17 21:30:00,Building_B_Lab,230.86,25.78,0.751,4.472
2026-06-17 21:45:00,Building_B_Lab,228.2,21.19,0.816,3.943
2026-06-17 22:00:00,Building_B_Lab,226.8,23.67,0.75,4.026
2026-06-17 22:15:00,Building_B_Lab,223.06,24.19,0.779,4.205
2026-06-17 22:30:00,Building_B_Lab,234.89,23.96,0.815,4.585
2026-06-17 22:45:00,Building_B_Lab,229.84,25.18,0.763,4.413
2026-06-17 23:00:00,Building_B_Lab,230.99,24.97,0.765,4.409
2026-06-17 23:15:00,Building_B_Lab,234.2,25.96,0.75,4.559
2026-06-17 23:30:00,Building_B_Lab,224.52,23.43,0.75,3.945
2026-06-17 23:45:00,Building_B_Lab,228.25,25.9,0.75,4.434
2026-06-18 00:00:00,Building_B_Lab,231.31,28.17,0.75,4.886
2026-06-18 00:15:00,Building_B_Lab,231.59,22.65,0.79,4.144
2026-06-18 00:30:00,Building_B_Lab,229.55,25.87,0.769,4.567
2026-06-18 00:45:00,Building_B_Lab,231.08,20.23,0.796,3.723
2026-06-18 01:00:00,Building_B_Lab,234.86,24.03,0.75,4.233
2026-06-18 01:15:00,Building_B_Lab,228.46,24.83,0.8,4.539
2026-06-18 01:30:00,Building_B_Lab,230.05,25.71,0.75,4.436
2026-06-18 01:45:00,Building_B_Lab,232.31,25.19,0.757,4.433
2026-06-18 02:00:00,Building_B_Lab,234.68,29.17,0.772,5.286
2026-06-18 02:15:00,Building_B_Lab,227.23,25.69,0.766,4.47
2026-06-18 02:30:00,Building_B_Lab,230.14,24.01,0.774,4.277
2026-06-18 02:45:00,Building_B_Lab,225.15,25.86,0.796,4.637
2026-06-18 03:00:00,Building_B_Lab,228.45,23.32,0.761,4.051
2026-06-18 03:15:00,Building_B_Lab,234.39,22.72,0.818,4.356
2026-06-18 03:30:00,Building_B_Lab,234.05,23.85,0.768,4.286
2026-06-18 03:45:00,Building_B_Lab,237.34,24.3,0.774,4.464
2026-06-18 04:00:00,Building_B_Lab,226.04,23.41,0.754,3.989
2026-06-18 04:15:00,Building_B_Lab,227.19,22.18,0.815,4.108
2026-06-18 04:30:00,Building_B_Lab,228.73,19.71,0.796,3.587
2026-06-18 04:45:00,Building_B_Lab,231.82,27.56,0.754,4.82
2026-06-18 05:00:00,Building_B_Lab,230.6,24.1,0.757,4.209
2026-06-18 05:15:00,Building_B_Lab,224.6,25.08,0.781,4.396
2026-06-18 05:30:00,Building_B_Lab,236.24,25.23,0.768,4.578
2026-06-18 05:45:00,Building_B_Lab,232.78,23.41,0.775,4.22
2026-06-18 06:00:00,Building_B_Lab,230.96,25.01,0.762,4.4
2026-06-18 06:15:00,Building_B_Lab,235.73,26.87,0.767,4.86
2026-06-18 06:30:00,Building_B_Lab,226.77,33.29,0.75,5.662
2026-06-18 06:45:00,Building_B_Lab,238.69,36.01,0.75,6.447
2026-06-18 07:00:00,Building_B_Lab,231.26,38.47,0.75,6.673
2026-06-18 07:15:00,Building_B_Lab,229.16,42.97,0.75,7.385
2026-06-18 07:30:00,Building_B_Lab,233.15,51.48,0.75,9.003
2026-06-18 07:45:00,Building_B_Lab,224.88,54.4,0.75,9.176
2026-06-18 08:00:00,Building_B_Lab,228.22,65.92,0.75,11.283
2026-06-18 08:15:00,Building_B_Lab,233.9,66.59,0.75,11.681
2026-06-18 08:30:00,Building_B_Lab,228.0,68.38,0.75,11.693
2026-06-18 08:45:00,Building_B_Lab,231.04,66.3,0.75,11.488
2026-06-18 09:00:00,Building_B_Lab,229.32,64.38,0.75,11.072
2026-06-18 09:15:00,Building_B_Lab,226.58,82.01,0.75,13.936
2026-06-18 09:30:00,Building_B_Lab,233.25,76.33,0.75,13.353
2026-06-18 09:45:00,Building_B_Lab,227.49,72.78,0.75,12.418
2026-06-18 10:00:00,Building_B_Lab,228.76,82.67,0.75,14.185
2026-06-18 10:15:00,Building_B_Lab,230.3,87.61,0.75,15.132
2026-06-18 10:30:00,Building_B_Lab,236.71,89.91,0.75,15.962
2026-06-18 10:45:00,Building_B_Lab,225.77,93.71,0.75,15.867
2026-06-18 11:00:00,Building_B_Lab,233.71,95.94,0.75,16.817
2026-06-18 11:15:00,Building_B_Lab,235.11,85.81,0.75,15.131
2026-06-18 11:30:00,Building_B_Lab,232.75,81.55,0.75,14.235
2026-06-18 11:45:00,Building_B_Lab,232.88,90.47,0.75,15.802
2026-06-18 12:00:00,Building_B_Lab,228.87,88.03,0.75,15.11
2026-06-18 12:15:00,Building_B_Lab,231.58,78.46,0.75,13.627
2026-06-18 12:30:00,Building_B_Lab,222.99,80.72,0.75,13.499
2026-06-18 12:45:00,Building_B_Lab,223.75,97.7,0.75,16.395
2026-06-18 13:00:00,Building_B_Lab,228.5,101.23,0.75,17.347
2026-06-18 13:15:00,Building_B_Lab,235.07,91.55,0.75,16.14
2026-06-18 13:30:00,Building_B_Lab,228.63,99.87,0.75,17.126
2026-06-18 13:45:00,Building_B_Lab,228.23,89.07,0.75,15.247
2026-06-18 14:00:00,Building_B_Lab,231.06,90.24,0.75,15.639
2026-06-18 14:15:00,Building_B_Lab,228.21,78.59,0.75,13.45
2026-06-18 14:30:00,Building_B_Lab,233.26,72.72,0.75,12.723
2026-06-18 14:45:00,Building_B_Lab,230.44,68.41,0.75,11.823
2026-06-18 15:00:00,Building_B_Lab,236.42,72.03,0.75,12.772
2026-06-18 15:15:00,Building_B_Lab,232.89,61.91,0.75,10.814
2026-06-18 15:30:00,Building_B_Lab,228.21,73.06,0.75,12.505
2026-06-18 15:45:00,Building_B_Lab,227.84,60.14,0.75,10.276
2026-06-18 16:00:00,Building_B_Lab,232.77,58.25,0.75,10.169
2026-06-18 16:15:00,Building_B_Lab,236.54,49.82,0.75,8.838
2026-06-18 16:30:00,Building_B_Lab,228.0,44.69,0.75,7.642
2026-06-18 16:45:00,Building_B_Lab,231.62,49.45,0.75,8.589
2026-06-18 17:00:00,Building_B_Lab,227.0,-40.16,0.75,-6.838
2026-06-18 17:15:00,Building_B_Lab,228.67,38.83,0.75,6.66
2026-06-18 17:30:00,Building_B_Lab,229.37,36.62,0.75,6.299
2026-06-18 17:45:00,Building_B_Lab,222.94,28.53,0.75,4.77
2026-06-18 18:00:00,Building_B_Lab,237.36,23.2,0.775,4.267
2026-06-18 18:15:00,Building_B_Lab,234.79,26.77,0.75,4.715
2026-06-18 18:30:00,Building_B_Lab,228.53,26.32,0.786,4.728
2026-06-18 18:45:00,Building_B_Lab,226.62,28.34,0.764,4.905
2026-06-18 19:00:00,Building_B_Lab,230.81,24.45,0.759,4.281
2026-06-18 19:15:00,Building_B_Lab,230.13,25.44,0.75,4.391
2026-06-18 19:30:00,Building_B_Lab,226.15,24.14,0.767,4.188
2026-06-18 19:45:00,Building_B_Lab,228.94,26.49,0.767,4.649
2026-06-18 20:00:00,Building_B_Lab,231.38,25.85,0.772,4.616
2026-06-18 20:15:00,Building_B_Lab,221.18,26.46,0.754,4.413
2026-06-18 20:30:00,Building_B_Lab,227.15,24.67,0.75,4.203
2026-06-18 20:45:00,Building_B_Lab,228.08,22.52,0.77,3.956
2026-06-18 21:00:00,Building_B_Lab,232.93,25.04,0.75,4.374
2026-06-18 21:15:00,Building_B_Lab,229.79,24.02,0.774,4.27
2026-06-18 21:30:00,Building_B_Lab,231.77,27.74,0.788,5.067
2026-06-18 21:45:00,Building_B_Lab,231.88,23.53,0.806,4.398
2026-06-18 22:00:00,Building_B_Lab,235.55,23.33,0.774,4.253
2026-06-18 22:15:00,Building_B_Lab,228.35,22.85,0.75,3.913
2026-06-18 22:30:00,Building_B_Lab,231.24,21.19,0.758,3.714
2026-06-18 22:45:00,Building_B_Lab,232.16,24.88,0.789,4.555
2026-06-18 23:00:00,Building_B_Lab,229.01,20.78,0.803,3.82
2026-06-18 23:15:00,Building_B_Lab,225.02,25.72,0.75,4.34
2026-06-18 23:30:00,Building_B_Lab,232.86,22.86,0.766,4.079
2026-06-18 23:45:00,Building_B_Lab,232.43,23.69,0.75,4.129
2026-06-19 00:00:00,Building_B_Lab,225.11,28.1,0.75,4.744
2026-06-19 00:15:00,Building_B_Lab,228.18,24.67,0.769,4.331
2026-06-19 00:30:00,Building_B_Lab,224.26,26.16,0.75,4.399
2026-06-19 00:45:00,Building_B_Lab,231.44,30.18,0.75,5.239
2026-06-19 01:00:00,Building_B_Lab,233.28,26.77,0.75,4.684
2026-06-19 01:15:00,Building_B_Lab,228.77,27.54,0.765,4.822
2026-06-19 01:30:00,Building_B_Lab,226.62,24.58,0.75,4.178
2026-06-19 01:45:00,Building_B_Lab,231.34,24.02,0.75,4.168
2026-06-19 02:00:00,Building_B_Lab,228.44,25.87,0.765,4.522
2026-06-19 02:15:00,Building_B_Lab,234.34,24.6,0.772,4.453
2026-06-19 02:30:00,Building_B_Lab,228.33,25.24,0.75,4.322
2026-06-19 02:45:00,Building_B_Lab,228.17,25.64,0.785,4.593
2026-06-19 03:00:00,Building_B_Lab,231.55,26.17,0.75,4.545
2026-06-19 03:15:00,Building_B_Lab,231.59,25.6,0.796,4.718
2026-06-19 03:30:00,Building_B_Lab,234.58,24.45,0.811,4.651
2026-06-19 03:45:00,Building_B_Lab,230.42,26.73,0.766,4.719
2026-06-19 04:00:00,Building_B_Lab,222.78,27.7,0.764,4.715
2026-06-19 04:15:00,Building_B_Lab,231.27,24.59,0.773,4.397
2026-06-19 04:30:00,Building_B_Lab,231.56,26.43,0.75,4.59
2026-06-19 04:45:00,Building_B_Lab,226.2,24.47,0.767,4.245
2026-06-19 05:00:00,Building_B_Lab,227.7,25.97,0.75,4.435
2026-06-19 05:15:00,Building_B_Lab,233.14,26.31,0.75,4.6
2026-06-19 05:30:00,Building_B_Lab,235.04,23.53,0.793,4.384
2026-06-19 05:45:00,Building_B_Lab,230.15,24.12,0.772,4.285
2026-06-19 06:00:00,Building_B_Lab,231.07,23.19,0.782,4.193
2026-06-19 06:15:00,Building_B_Lab,228.28,29.27,0.769,5.136
2026-06-19 06:30:00,Building_B_Lab,224.97,33.1,0.75,5.585
2026-06-19 06:45:00,Building_B_Lab,230.16,43.37,0.75,7.487
2026-06-19 07:00:00,Building_B_Lab,225.75,40.74,0.75,6.898
2026-06-19 07:15:00,Building_B_Lab,237.21,49.23,0.75,8.759
2026-06-19 07:30:00,Building_B_Lab,228.35,43.02,0.75,7.367
2026-06-19 07:45:00,Building_B_Lab,228.28,54.86,0.75,9.392
2026-06-19 08:00:00,Building_B_Lab,223.83,61.65,0.75,10.349
2026-06-19 08:15:00,Building_B_Lab,227.16,66.71,0.75,11.364
2026-06-19 08:30:00,Building_B_Lab,230.19,61.68,0.75,10.648
2026-06-19 08:45:00,Building_B_Lab,231.02,72.39,0.75,12.542
2026-06-19 09:00:00,Building_B_Lab,228.77,73.93,0.75,12.684
2026-06-19 09:15:00,Building_B_Lab,227.88,79.39,0.75,13.568
2026-06-19 09:30:00,Building_B_Lab,235.06,54.88,0.75,9.675
2026-06-19 09:45:00,Building_B_Lab,230.22,71.09,0.75,12.275
2026-06-19 10:00:00,Building_B_Lab,227.85,81.63,0.75,13.949
2026-06-19 10:15:00,Building_B_Lab,232.51,76.46,0.75,13.333
2026-06-19 10:30:00,Building_B_Lab,230.47,94.98,0.75,16.417
2026-06-19 10:45:00,Building_B_Lab,232.17,87.26,0.75,15.194
2026-06-19 11:00:00,Building_B_Lab,231.85,89.0,0.75,15.477
2026-06-19 11:15:00,Building_B_Lab,223.17,84.89,0.75,14.209
2026-06-19 11:30:00,Building_B_Lab,230.05,86.62,0.75,14.945
2026-06-19 11:45:00,Building_B_Lab,232.46,89.37,0.75,15.581
2026-06-19 12:00:00,Building_B_Lab,229.12,79.23,0.75,13.615
2026-06-19 12:15:00,Building_B_Lab,231.9,91.7,0.75,15.95
2026-06-19 12:30:00,Building_B_Lab,233.42,83.42,0.75,14.604
2026-06-19 12:45:00,Building_B_Lab,231.63,79.65,0.75,13.837
2026-06-19 13:00:00,Building_B_Lab,231.8,89.05,0.75,15.482
2026-06-19 13:15:00,Building_B_Lab,228.09,89.5,0.75,15.31
2026-06-19 13:30:00,Building_B_Lab,230.81,84.51,0.75,14.629
2026-06-19 13:45:00,Building_B_Lab,230.99,96.39,0.75,16.699
2026-06-19 14:00:00,Building_B_Lab,227.43,74.4,0.75,12.69
2026-06-19 14:15:00,Building_B_Lab,226.69,74.53,0.75,12.672
2026-06-19 14:30:00,Building_B_Lab,229.2,77.08,0.75,13.249
2026-06-19 14:45:00,Building_B_Lab,225.82,74.88,0.75,12.683
2026-06-19 15:00:00,Building_B_Lab,235.43,68.27,0.75,12.055
2026-06-19 15:15:00,Building_B_Lab,229.56,70.05,0.75,12.061
2026-06-19 15:30:00,Building_B_Lab,228.42,63.06,0.75,10.803
2026-06-19 15:45:00,Building_B_Lab,233.93,65.28,0.75,11.453
2026-06-19 16:00:00,Building_B_Lab,223.56,55.26,0.75,9.265
2026-06-19 16:15:00,Building_B_Lab,234.07,59.17,0.75,10.387
2026-06-19 16:30:00,Building_B_Lab,235.33,48.9,0.75,8.631
2026-06-19 16:45:00,Building_B_Lab,229.36,43.9,0.75,7.552
2026-06-19 17:00:00,Building_B_Lab,234.54,44.92,0.75,7.901
2026-06-19 17:15:00,Building_B_Lab,230.52,39.33,0.75,6.8
2026-06-19 17:30:00,Building_B_Lab,234.23,31.2,0.75,5.481
2026-06-19 17:45:00,Building_B_Lab,228.86,29.82,0.75,5.119
2026-06-19 18:00:00,Building_B_Lab,231.08,25.57,0.799,4.723
2026-06-19 18:15:00,Building_B_Lab,226.92,23.65,0.75,4.025
2026-06-19 18:30:00,Building_B_Lab,230.02,27.73,0.75,4.783
2026-06-19 18:45:00,Building_B_Lab,230.69,29.0,0.763,5.104
2026-06-19 19:00:00,Building_B_Lab,236.17,25.88,0.75,4.583
2026-06-19 19:15:00,Building_B_Lab,237.08,24.28,0.779,4.483
2026-06-19 19:30:00,Building_B_Lab,225.63,22.69,0.774,3.961
2026-06-19 19:45:00,Building_B_Lab,234.98,28.79,0.75,5.074
2026-06-19 20:00:00,Building_B_Lab,235.13,25.67,0.75,4.527
2026-06-19 20:15:00,Building_B_Lab,230.62,27.39,0.75,4.737
2026-06-19 20:30:00,Building_B_Lab,224.68,25.08,0.774,4.363
2026-06-19 20:45:00,Building_B_Lab,233.18,26.62,0.75,4.656
2026-06-19 21:00:00,Building_B_Lab,465.55,25.04,0.782,9.118
2026-06-19 21:15:00,Building_B_Lab,231.67,26.48,0.75,4.601
2026-06-19 21:30:00,Building_B_Lab,233.02,22.57,0.79,4.155
2026-06-19 21:45:00,Building_B_Lab,237.85,24.66,0.767,4.499
2026-06-19 22:00:00,Building_B_Lab,230.58,24.23,0.774,4.325
2026-06-19 22:15:00,Building_B_Lab,229.36,25.64,0.77,4.529
2026-06-19 22:30:00,Building_B_Lab,231.38,23.82,0.757,4.171
2026-06-19 22:45:00,Building_B_Lab,224.97,24.29,0.773,4.225
2026-06-19 23:00:00,Building_B_Lab,236.64,23.49,0.773,4.294
2026-06-19 23:15:00,Building_B_Lab,231.56,23.59,0.786,4.295
2026-06-19 23:30:00,Building_B_Lab,226.44,23.68,0.77,4.129
2026-06-19 23:45:00,Building_B_Lab,235.95,22.98,0.779,4.223
2026-06-20 00:00:00,Building_B_Lab,231.75,24.19,0.779,4.365
2026-06-20 00:15:00,Building_B_Lab,230.7,25.66,0.758,4.484
2026-06-20 00:30:00,Building_B_Lab,224.03,26.0,0.751,4.377
2026-06-20 00:45:00,Building_B_Lab,233.29,19.89,0.774,3.59
2026-06-20 01:00:00,Building_B_Lab,232.55,23.89,0.788,4.381
2026-06-20 01:15:00,Building_B_Lab,228.4,24.68,0.757,4.269
2026-06-20 01:30:00,Building_B_Lab,230.98,25.73,0.767,4.561
2026-06-20 01:45:00,Building_B_Lab,229.43,25.56,0.773,4.534
2026-06-20 02:00:00,Building_B_Lab,228.61,25.4,0.75,4.356
2026-06-20 02:15:00,Building_B_Lab,225.9,27.68,0.75,4.689
2026-06-20 02:30:00,Building_B_Lab,224.79,25.52,0.75,4.303
2026-06-20 02:45:00,Building_B_Lab,234.86,23.3,0.75,4.104
2026-06-20 03:00:00,Building_B_Lab,231.91,20.96,0.807,3.924
2026-06-20 03:15:00,Building_B_Lab,229.13,26.09,0.75,4.483
2026-06-20 03:30:00,Building_B_Lab,229.6,22.58,0.75,3.888
2026-06-20 03:45:00,Building_B_Lab,230.18,24.6,0.757,4.287
2026-06-20 04:00:00,Building_B_Lab,231.02,23.64,0.794,4.337
2026-06-20 04:15:00,Building_B_Lab,233.32,28.18,0.75,4.931
2026-06-20 04:30:00,Building_B_Lab,226.56,21.7,0.788,3.874
2026-06-20 04:45:00,Building_B_Lab,233.69,25.17,0.779,4.581
2026-06-20 05:00:00,Building_B_Lab,230.68,56.01,0.76,9.818
2026-06-20 05:15:00,Building_B_Lab,222.16,26.33,0.785,4.594
2026-06-20 05:30:00,Building_B_Lab,229.37,26.52,0.772,4.698
2026-06-20 05:45:00,Building_B_Lab,219.52,24.24,0.768,4.086
2026-06-20 06:00:00,Building_B_Lab,234.25,23.0,0.771,4.153
2026-06-20 06:15:00,Building_B_Lab,226.39,25.26,0.75,4.288
2026-06-20 06:30:00,Building_B_Lab,230.87,27.77,0.75,4.809
2026-06-20 06:45:00,Building_B_Lab,229.19,32.46,0.75,5.58
2026-06-20 07:00:00,Building_B_Lab,234.91,30.24,0.75,5.328
2026-06-20 07:15:00,Building_B_Lab,223.47,31.9,0.75,5.347
2026-06-20 07:30:00,Building_B_Lab,234.92,31.84,0.75,5.609
2026-06-20 07:45:00,Building_B_Lab,225.96,28.5,0.75,4.83
2026-06-20 08:00:00,Building_B_Lab,235.82,37.04,0.75,6.55
2026-06-20 08:15:00,Building_B_Lab,233.67,37.14,0.75,6.508
2026-06-20 08:30:00,Building_B_Lab,232.5,39.34,0.75,6.861
2026-06-20 08:45:00,Building_B_Lab,230.87,33.51,0.75,5.803
2026-06-20 09:00:00,Building_B_Lab,226.31,40.52,0.75,6.878
2026-06-20 09:15:00,Building_B_Lab,228.88,42.66,0.75,7.323
2026-06-20 09:30:00,Building_B_Lab,225.46,39.28,0.75,6.642
2026-06-20 09:45:00,Building_B_Lab,232.79,42.78,0.75,7.468
2026-06-20 10:00:00,Building_B_Lab,234.18,44.09,0.75,7.745
2026-06-20 10:15:00,Building_B_Lab,225.61,41.06,0.75,6.949
2026-06-20 10:30:00,Building_B_Lab,228.86,40.79,0.75,7.001
2026-06-20 10:45:00,Building_B_Lab,229.48,44.43,0.75,7.646
2026-06-20 11:00:00,Building_B_Lab,233.47,49.43,0.75,8.654
2026-06-20 11:15:00,Building_B_Lab,230.98,47.39,0.75,8.21
2026-06-20 11:30:00,Building_B_Lab,236.91,44.89,0.75,7.976
2026-06-20 11:45:00,Building_B_Lab,233.3,49.16,0.75,8.602
2026-06-20 12:00:00,Building_B_Lab,227.04,45.73,0.75,7.787
2026-06-20 12:15:00,Building_B_Lab,225.98,41.64,0.75,7.057
2026-06-20 12:30:00,Building_B_Lab,231.02,41.33,0.75,7.161
2026-06-20 12:45:00,Building_B_Lab,232.42,44.89,0.75,7.825
2026-06-20 13:00:00,Building_B_Lab,230.68,44.32,0.75,7.668
2026-06-20 13:15:00,Building_B_Lab,228.49,40.95,0.75,7.018
2026-06-20 13:30:00,Building_B_Lab,230.24,44.13,0.75,7.62
2026-06-20 13:45:00,Building_B_Lab,229.34,44.81,0.75,7.707
2026-06-20 14:00:00,Building_B_Lab,229.15,37.76,0.75,6.49
2026-06-20 14:15:00,Building_B_Lab,228.22,41.05,0.75,7.027
2026-06-20 14:30:00,Building_B_Lab,232.09,40.99,0.75,7.135
2026-06-20 14:45:00,Building_B_Lab,232.96,40.38,0.75,7.056
2026-06-20 15:00:00,Building_B_Lab,234.94,34.56,0.75,6.089
2026-06-20 15:15:00,Building_B_Lab,233.25,40.76,0.75,7.131
2026-06-20 15:30:00,Building_B_Lab,231.78,43.11,0.75,7.494
2026-06-20 15:45:00,Building_B_Lab,227.55,33.05,0.75,5.64
2026-06-20 16:00:00,Building_B_Lab,225.89,31.77,0.75,5.382
2026-06-20 16:15:00,Building_B_Lab,231.6,34.93,0.75,6.067
2026-06-20 16:30:00,Building_B_Lab,221.84,34.92,0.75,5.81
2026-06-20 16:45:00,Building_B_Lab,227.84,33.02,0.75,5.643
2026-06-20 17:00:00,Building_B_Lab,233.16,31.94,0.75,5.585
2026-06-20 17:15:00,Building_B_Lab,234.24,30.6,0.75,5.376
2026-06-20 17:30:00,Building_B_Lab,227.23,26.88,0.759,4.634
2026-06-20 17:45:00,Building_B_Lab,225.28,27.45,0.75,4.638
2026-06-20 18:00:00,Building_B_Lab,230.41,28.46,0.75,4.919
2026-06-20 18:15:00,Building_B_Lab,232.37,23.88,0.769,4.265
2026-06-20 18:30:00,Building_B_Lab,230.81,21.34,0.778,3.83
2026-06-20 18:45:00,Building_B_Lab,228.84,25.86,0.786,4.652
2026-06-20 19:00:00,Building_B_Lab,232.92,27.57,0.75,4.817
2026-06-20 19:15:00,Building_B_Lab,234.71,23.73,0.76,4.23
2026-06-20 19:30:00,Building_B_Lab,228.25,24.23,0.755,4.172
2026-06-20 19:45:00,Building_B_Lab,230.42,24.1,0.765,4.249
2026-06-20 20:00:00,Building_B_Lab,230.53,23.32,0.787,4.234
2026-06-20 20:15:00,Building_B_Lab,223.12,23.12,0.785,4.048
2026-06-20 20:30:00,Building_B_Lab,231.09,19.97,0.799,3.687
2026-06-20 20:45:00,Building_B_Lab,235.98,25.38,0.776,4.649
2026-06-20 21:00:00,Building_B_Lab,229.1,26.47,0.75,4.549
2026-06-20 21:15:00,Building_B_Lab,239.88,25.68,0.78,4.807
2026-06-20 21:30:00,Building_B_Lab,230.65,23.77,0.775,4.246
2026-06-20 21:45:00,Building_B_Lab,226.5,22.71,0.811,4.169
2026-06-20 22:00:00,Building_B_Lab,235.58,24.99,0.764,4.5
2026-06-20 22:15:00,Building_B_Lab,232.02,28.57,0.768,5.087
2026-06-20 22:30:00,Building_B_Lab,223.4,27.36,0.75,4.584
2026-06-20 22:45:00,Building_B_Lab,230.18,23.61,0.798,4.336
2026-06-20 23:00:00,Building_B_Lab,228.67,24.94,0.76,4.335
2026-06-20 23:15:00,Building_B_Lab,236.11,25.54,0.75,4.522
2026-06-20 23:30:00,Building_B_Lab,228.35,29.0,0.754,4.99
2026-06-20 23:45:00,Building_B_Lab,235.76,23.34,0.752,4.141
2026-06-21 00:00:00,Building_B_Lab,233.11,26.35,0.75,4.607
2026-06-21 00:15:00,Building_B_Lab,237.39,24.35,0.778,4.498
2026-06-21 00:30:00,Building_B_Lab,232.31,27.47,0.75,4.787
2026-06-21 00:45:00,Building_B_Lab,229.05,24.04,0.757,4.17
2026-06-21 01:00:00,Building_B_Lab,228.62,23.83,0.75,4.086
2026-06-21 01:15:00,Building_B_Lab,232.96,25.41,0.756,4.476
2026-06-21 01:30:00,Building_B_Lab,221.31,25.23,0.75,4.188
2026-06-21 01:45:00,Building_B_Lab,230.24,25.77,0.764,4.535
2026-06-21 02:00:00,Building_B_Lab,221.39,28.14,0.777,4.841
2026-06-21 02:15:00,Building_B_Lab,218.32,23.79,0.797,4.139
2026-06-21 02:30:00,Building_B_Lab,227.84,27.02,0.768,4.729
2026-06-21 02:45:00,Building_B_Lab,232.86,26.35,0.759,4.66
2026-06-21 03:00:00,Building_B_Lab,232.11,27.59,0.765,4.897
2026-06-21 03:15:00,Building_B_Lab,228.2,23.24,0.793,4.207
2026-06-21 03:30:00,Building_B_Lab,226.92,27.15,0.796,4.903
2026-06-21 03:45:00,Building_B_Lab,228.73,23.22,0.768,4.077
2026-06-21 04:00:00,Building_B_Lab,231.24,27.1,0.783,4.906
2026-06-21 04:15:00,Building_B_Lab,226.84,24.4,0.752,4.162
2026-06-21 04:30:00,Building_B_Lab,225.76,23.7,0.786,4.208
2026-06-21 04:45:00,Building_B_Lab,228.7,27.96,0.788,5.04
2026-06-21 05:00:00,Building_B_Lab,226.69,27.03,0.75,4.596
2026-06-21 05:15:00,Building_B_Lab,237.08,26.45,0.752,4.714
2026-06-21 05:30:00,Building_B_Lab,224.62,26.09,0.756,4.431
2026-06-21 05:45:00,Building_B_Lab,229.28,70.46,0.835,13.49
2026-06-21 06:00:00,Building_B_Lab,226.85,21.34,0.785,3.8
2026-06-21 06:15:00,Building_B_Lab,229.62,25.86,0.772,4.582
2026-06-21 06:30:00,Building_B_Lab,231.25,24.77,0.75,4.296
2026-06-21 06:45:00,Building_B_Lab,228.42,28.74,0.75,4.924
2026-06-21 07:00:00,Building_B_Lab,228.89,33.39,0.75,5.732
2026-06-21 07:15:00,Building_B_Lab,230.24,35.64,0.75,6.154
2026-06-21 07:30:00,Building_B_Lab,225.36,32.28,0.75,5.456
2026-06-21 07:45:00,Building_B_Lab,227.3,35.3,0.75,6.018
2026-06-21 08:00:00,Building_B_Lab,226.93,35.82,0.75,6.096
2026-06-21 08:15:00,Building_B_Lab,228.89,35.38,0.75,6.074
2026-06-21 08:30:00,Building_B_Lab,230.52,39.98,0.75,6.912
2026-06-21 08:45:00,Building_B_Lab,228.72,37.91,0.75,6.503
2026-06-21 09:00:00,Building_B_Lab,227.37,40.63,0.75,6.928
2026-06-21 09:15:00,Building_B_Lab,230.65,47.02,0.75,8.133
2026-06-21 09:30:00,Building_B_Lab,233.06,41.04,0.75,7.173
2026-06-21 09:45:00,Building_B_Lab,233.71,37.74,0.75,6.615
2026-06-21 10:00:00,Building_B_Lab,230.84,45.79,0.75,7.928
2026-06-21 10:15:00,Building_B_Lab,228.29,45.31,0.75,7.758
2026-06-21 10:30:00,Building_B_Lab,236.41,40.25,0.75,7.137
2026-06-21 10:45:00,Building_B_Lab,228.11,42.24,0.75,7.226
2026-06-21 11:00:00,Building_B_Lab,234.57,47.72,0.75,8.395
2026-06-21 11:15:00,Building_B_Lab,226.21,45.81,0.75,7.771
2026-06-21 11:30:00,Building_B_Lab,228.99,43.48,0.75,7.467
2026-06-21 11:45:00,Building_B_Lab,223.66,48.16,0.75,8.079
2026-06-21 12:00:00,Building_B_Lab,235.99,44.76,0.75,7.922
2026-06-21 12:15:00,Building_B_Lab,227.62,43.26,0.75,7.385
2026-06-21 12:30:00,Building_B_Lab,230.86,44.94,0.75,7.782
2026-06-21 12:45:00,Building_B_Lab,227.38,45.68,0.75,7.791
2026-06-21 13:00:00,Building_B_Lab,222.96,47.0,0.75,7.86
2026-06-21 13:15:00,Building_B_Lab,224.7,41.73,0.75,7.032
2026-06-21 13:30:00,Building_B_Lab,229.14,43.21,0.75,7.426
2026-06-21 13:45:00,Building_B_Lab,227.12,39.53,0.75,6.733
2026-06-21 14:00:00,Building_B_Lab,230.58,39.19,0.75,6.778
2026-06-21 14:15:00,Building_B_Lab,229.97,45.09,0.75,7.777
2026-06-21 14:30:00,Building_B_Lab,233.04,38.01,0.75,6.643
2026-06-21 14:45:00,Building_B_Lab,227.65,41.27,0.75,7.047
2026-06-21 15:00:00,Building_B_Lab,229.88,34.83,0.75,6.005
2026-06-21 15:15:00,Building_B_Lab,230.25,28.84,0.764,5.076
2026-06-21 15:30:00,Building_B_Lab,232.1,40.09,0.75,6.979
2026-06-21 15:45:00,Building_B_Lab,232.36,31.92,0.75,5.562
2026-06-21 16:00:00,Building_B_Lab,232.24,39.52,0.75,6.884
2026-06-21 16:15:00,Building_B_Lab,229.54,32.37,0.75,5.572
2026-06-21 16:30:00,Building_B_Lab,230.34,32.79,0.75,5.664
2026-06-21 16:45:00,Building_B_Lab,230.13,29.64,0.75,5.115
2026-06-21 17:00:00,Building_B_Lab,227.06,34.28,0.75,5.838
2026-06-21 17:15:00,Building_B_Lab,230.69,26.9,0.752,4.667
2026-06-21 17:30:00,Building_B_Lab,233.86,28.07,0.75,4.924
2026-06-21 17:45:00,Building_B_Lab,234.25,27.31,0.75,4.798
2026-06-21 18:00:00,Building_B_Lab,227.39,26.59,0.75,4.534
2026-06-21 18:15:00,Building_B_Lab,227.93,26.5,0.75,4.531
2026-06-21 18:30:00,Building_B_Lab,235.06,23.46,0.767,4.231
2026-06-21 18:45:00,Building_B_Lab,233.06,26.0,0.763,4.625
2026-06-21 19:00:00,Building_B_Lab,228.85,26.9,0.75,4.618
2026-06-21 19:15:00,Building_B_Lab,236.05,24.53,0.798,4.621
2026-06-21 19:30:00,Building_B_Lab,226.61,22.99,0.75,3.908
2026-06-21 19:45:00,Building_B_Lab,234.46,23.34,0.788,4.314
2026-06-21 20:00:00,Building_B_Lab,232.71,24.75,0.771,4.439
2026-06-21 20:15:00,Building_B_Lab,235.23,28.61,0.75,5.047
2026-06-21 20:30:00,Building_B_Lab,232.57,26.75,0.75,4.666
2026-06-21 20:45:00,Building_B_Lab,229.93,26.86,0.75,4.632
2026-06-21 21:00:00,Building_B_Lab,225.44,25.07,0.75,4.238
2026-06-21 21:15:00,Building_B_Lab,229.78,25.97,0.776,4.629
2026-06-21 21:30:00,Building_B_Lab,226.79,24.89,0.75,4.234
2026-06-21 21:45:00,Building_B_Lab,227.3,28.71,0.75,4.894
2026-06-21 22:00:00,Building_B_Lab,232.86,25.76,0.766,4.597
2026-06-21 22:15:00,Building_B_Lab,236.63,24.76,0.75,4.394
2026-06-21 22:30:00,Building_B_Lab,231.21,24.93,0.754,4.348
2026-06-21 22:45:00,Building_B_Lab,228.42,26.64,0.75,4.564
2026-06-21 23:00:00,Building_B_Lab,230.22,21.85,0.75,3.775
2026-06-21 23:15:00,Building_B_Lab,228.84,22.4,0.801,4.109
2026-06-21 23:30:00,Building_B_Lab,225.78,27.57,0.75,4.669
2026-06-21 23:45:00,Building_B_Lab,226.36,25.8,0.75,4.38
2026-06-22 00:00:00,Building_B_Lab,231.35,24.92,0.752,4.336
2026-06-22 00:15:00,Building_B_Lab,226.78,22.04,0.784,3.918
2026-06-22 00:30:00,Building_B_Lab,235.49,24.23,0.753,4.298
2026-06-22 00:45:00,Building_B_Lab,231.39,25.43,0.75,4.413
2026-06-22 01:00:00,Building_B_Lab,229.34,56.84,0.821,10.696
2026-06-22 01:15:00,Building_B_Lab,227.92,25.27,0.75,4.32
2026-06-22 01:30:00,Building_B_Lab,226.66,22.93,0.79,4.104
2026-06-22 01:45:00,Building_B_Lab,228.13,24.99,0.797,4.544
2026-06-22 02:00:00,Building_B_Lab,235.02,27.59,0.75,4.863
2026-06-22 02:15:00,Building_B_Lab,229.34,23.03,0.75,3.961
2026-06-22 02:30:00,Building_B_Lab,231.58,25.94,0.75,4.506
2026-06-22 02:45:00,Building_B_Lab,234.67,27.6,0.75,4.858
2026-06-22 03:00:00,Building_B_Lab,231.81,24.9,0.777,4.484
2026-06-22 03:15:00,Building_B_Lab,237.73,29.35,0.75,5.233
2026-06-22 03:30:00,Building_B_Lab,229.89,25.22,0.75,4.349
2026-06-22 03:45:00,Building_B_Lab,229.48,25.52,0.75,4.393
2026-06-22 04:00:00,Building_B_Lab,229.9,25.52,0.783,4.594
2026-06-22 04:15:00,Building_B_Lab,223.63,26.51,0.75,4.447
2026-06-22 04:30:00,Building_B_Lab,225.38,24.66,0.774,4.301
2026-06-22 04:45:00,Building_B_Lab,227.89,30.19,0.75,5.159
2026-06-22 05:00:00,Building_B_Lab,232.43,20.15,0.797,3.734
2026-06-22 05:15:00,Building_B_Lab,224.5,25.62,0.761,4.378
2026-06-22 05:30:00,Building_B_Lab,237.6,24.8,0.779,4.589
2026-06-22 05:45:00,Building_B_Lab,220.4,27.02,0.758,4.512
2026-06-22 06:00:00,Building_B_Lab,229.77,27.16,0.75,4.68
2026-06-22 06:15:00,Building_B_Lab,229.88,27.65,0.75,4.767
2026-06-22 06:30:00,Building_B_Lab,234.98,31.25,0.75,5.507
2026-06-22 06:45:00,Building_B_Lab,229.71,33.47,0.75,5.767
2026-06-22 07:00:00,Building_B_Lab,231.07,43.52,0.75,7.542
2026-06-22 07:15:00,Building_B_Lab,229.61,44.63,0.75,7.686
2026-06-22 07:30:00,Building_B_Lab,224.88,48.72,0.75,8.217
2026-06-22 07:45:00,Building_B_Lab,227.64,54.71,0.75,9.341
2026-06-22 08:00:00,Building_B_Lab,227.39,58.73,0.75,10.016
2026-06-22 08:15:00,Building_B_Lab,232.5,57.45,0.75,10.019
2026-06-22 08:30:00,Building_B_Lab,227.78,63.52,0.75,10.851
2026-06-22 08:45:00,Building_B_Lab,234.49,66.74,0.75,11.737
2026-06-22 09:00:00,Building_B_Lab,234.62,68.62,0.75,12.074
2026-06-22 09:15:00,Building_B_Lab,226.45,81.72,0.75,13.879
2026-06-22 09:30:00,Building_B_Lab,231.03,83.62,0.75,14.489
2026-06-22 09:45:00,Building_B_Lab,229.34,79.12,0.75,13.608
2026-06-22 10:00:00,Building_B_Lab,227.28,76.31,0.75,13.008
2026-06-22 10:15:00,Building_B_Lab,228.77,86.12,0.75,14.776
2026-06-22 10:30:00,Building_B_Lab,224.4,92.04,0.75,15.491
2026-06-22 10:45:00,Building_B_Lab,226.5,78.86,0.75,13.397
2026-06-22 11:00:00,Building_B_Lab,232.01,100.8,0.75,17.541
2026-06-22 11:15:00,Building_B_Lab,227.99,85.25,0.75,14.578
2026-06-22 11:30:00,Building_B_Lab,230.43,80.49,0.75,13.911
2026-06-22 11:45:00,Building_B_Lab,231.72,79.22,0.75,13.767
2026-06-22 12:00:00,Building_B_Lab,228.92,100.81,0.75,17.307
2026-06-22 12:15:00,Building_B_Lab,232.81,96.8,0.75,16.903
2026-06-22 12:30:00,Building_B_Lab,235.66,93.54,0.75,16.533
2026-06-22 12:45:00,Building_B_Lab,231.24,82.9,0.75,14.377
2026-06-22 13:00:00,Building_B_Lab,232.07,82.7,0.75,14.395
2026-06-22 13:15:00,Building_B_Lab,233.47,89.61,0.75,15.691
2026-06-22 13:30:00,Building_B_Lab,231.15,88.51,0.75,15.345
2026-06-22 13:45:00,Building_B_Lab,227.49,87.35,0.75,14.903
2026-06-22 14:00:00,Building_B_Lab,229.6,80.96,0.75,13.941
2026-06-22 14:15:00,Building_B_Lab,228.92,83.95,0.75,14.413
2026-06-22 14:30:00,Building_B_Lab,233.32,73.42,0.75,12.848
2026-06-22 14:45:00,Building_B_Lab,228.27,67.41,0.75,11.54
2026-06-22 15:00:00,Building_B_Lab,226.04,70.41,0.75,11.936
2026-06-22 15:15:00,Building_B_Lab,227.66,75.1,0.75,12.823
2026-06-22 15:30:00,Building_B_Lab,229.44,60.22,0.75,10.364
2026-06-22 15:45:00,Building_B_Lab,229.03,54.36,0.75,9.337
2026-06-22 16:00:00,Building_B_Lab,232.85,48.81,0.75,8.523
2026-06-22 16:15:00,Building_B_Lab,235.36,58.66,0.75,10.355
2026-06-22 16:30:00,Building_B_Lab,232.79,48.57,0.75,8.479
2026-06-22 16:45:00,Building_B_Lab,229.01,42.32,0.75,7.269
2026-06-22 17:00:00,Building_B_Lab,227.68,38.46,0.75,6.568
2026-06-22 17:15:00,Building_B_Lab,230.74,32.96,0.75,5.703
2026-06-22 17:30:00,Building_B_Lab,228.62,33.03,0.75,5.664
2026-06-22 17:45:00,Building_B_Lab,235.47,26.62,0.762,4.778
2026-06-22 18:00:00,Building_B_Lab,227.17,22.56,0.783,4.014
2026-06-22 18:15:00,Building_B_Lab,232.61,22.41,0.761,3.969
2026-06-22 18:30:00,Building_B_Lab,229.04,24.88,0.765,4.36
2026-06-22 18:45:00,Building_B_Lab,227.05,26.98,0.75,4.595
2026-06-22 19:00:00,Building_B_Lab,229.91,24.89,0.778,4.45
2026-06-22 19:15:00,Building_B_Lab,226.56,21.47,0.768,3.735
2026-06-22 19:30:00,Building_B_Lab,230.45,24.92,0.77,4.423
2026-06-22 19:45:00,Building_B_Lab,231.98,28.13,0.75,4.894
2026-06-22 20:00:00,Building_B_Lab,235.16,24.75,0.766,4.46
2026-06-22 20:15:00,Building_B_Lab,225.78,21.09,0.798,3.799
2026-06-22 20:30:00,Building_B_Lab,227.22,29.39,0.75,5.009
2026-06-22 20:45:00,Building_B_Lab,229.88,21.94,0.805,4.061
2026-06-22 21:00:00,Building_B_Lab,229.13,25.19,0.75,4.329
2026-06-22 21:15:00,Building_B_Lab,232.84,25.58,0.75,4.467
2026-06-22 21:30:00,Building_B_Lab,230.23,25.03,0.789,4.544
2026-06-22 21:45:00,Building_B_Lab,228.14,23.37,0.752,4.007
2026-06-22 22:00:00,Building_B_Lab,234.03,21.84,0.764,3.907
2026-06-22 22:15:00,Building_B_Lab,223.21,23.69,0.75,3.966
2026-06-22 22:30:00,Building_B_Lab,233.64,27.85,0.75,4.879
2026-06-22 22:45:00,Building_B_Lab,229.83,24.9,0.771,4.412
2026-06-22 23:00:00,Building_B_Lab,228.12,21.16,0.787,3.8
2026-06-22 23:15:00,Building_B_Lab,230.17,23.4,0.768,4.138
2026-06-22 23:30:00,Building_B_Lab,228.11,23.79,0.756,4.105
2026-06-22 23:45:00,Building_B_Lab,225.1,26.66,0.75,4.501
2026-06-23 00:00:00,Building_B_Lab,235.99,22.28,0.794,4.173
2026-06-23 00:15:00,Building_B_Lab,229.14,25.09,0.75,4.312
2026-06-23 00:30:00,Building_B_Lab,230.78,23.78,0.771,4.231
2026-06-23 00:45:00,Building_B_Lab,223.36,23.6,0.753,3.971
2026-06-23 01:00:00,Building_B_Lab,232.02,20.49,0.769,3.655
2026-06-23 01:15:00,Building_B_Lab,224.16,24.08,0.761,4.106
2026-06-23 01:30:00,Building_B_Lab,223.1,25.18,0.763,4.289
2026-06-23 01:45:00,Building_B_Lab,228.67,26.3,0.758,4.558
2026-06-23 02:00:00,Building_B_Lab,234.39,26.52,0.75,4.662
2026-06-23 02:15:00,Building_B_Lab,228.64,25.46,0.75,4.366
2026-06-23 02:30:00,Building_B_Lab,230.01,26.04,0.755,4.524
2026-06-23 02:45:00,Building_B_Lab,227.63,23.24,0.779,4.122
2026-06-23 03:00:00,Building_B_Lab,227.05,26.74,0.757,4.597
2026-06-23 03:15:00,Building_B_Lab,229.66,24.48,0.758,4.263
2026-06-23 03:30:00,Building_B_Lab,233.83,23.36,0.756,4.133
2026-06-23 03:45:00,Building_B_Lab,228.79,26.29,0.75,4.51
2026-06-23 04:00:00,Building_B_Lab,235.61,25.19,0.759,4.506
2026-06-23 04:15:00,Building_B_Lab,235.36,25.52,0.789,4.736
2026-06-23 04:30:00,Building_B_Lab,234.79,21.81,0.8,4.095
2026-06-23 04:45:00,Building_B_Lab,227.07,26.21,0.772,4.594
2026-06-23 05:00:00,Building_B_Lab,227.72,23.64,0.785,4.224
2026-06-23 05:15:00,Building_B_Lab,233.45,25.16,0.75,4.405
2026-06-23 05:30:00,Building_B_Lab,231.13,22.74,0.758,3.985
2026-06-23 05:45:00,Building_B_Lab,230.95,28.88,0.75,5.002
2026-06-23 06:00:00,Building_B_Lab,231.17,23.89,0.781,4.314
2026-06-23 06:15:00,Building_B_Lab,231.94,25.39,0.787,4.637
2026-06-23 06:30:00,Building_B_Lab,233.0,33.22,0.75,5.805
2026-06-23 06:45:00,Building_B_Lab,224.8,36.27,0.75,6.115
2026-06-23 07:00:00,Building_B_Lab,231.8,46.67,0.75,8.113
2026-06-23 07:15:00,Building_B_Lab,229.34,39.26,0.75,6.753
2026-06-23 07:30:00,Building_B_Lab,228.66,50.01,0.75,8.577
2026-06-23 07:45:00,Building_B_Lab,227.76,64.1,0.75,10.949
2026-06-23 08:00:00,Building_B_Lab,232.37,58.19,0.75,10.141
2026-06-23 08:15:00,Building_B_Lab,227.14,62.41,0.75,10.633
2026-06-23 08:30:00,Building_B_Lab,231.71,68.94,0.75,11.981
2026-06-23 08:45:00,Building_B_Lab,227.02,78.23,0.75,13.319
2026-06-23 09:00:00,Building_B_Lab,227.31,81.62,0.75,13.915
2026-06-23 09:15:00,Building_B_Lab,228.38,74.15,0.75,12.701
2026-06-23 09:30:00,Building_B_Lab,235.98,75.34,0.75,13.335
2026-06-23 09:45:00,Building_B_Lab,230.29,80.59,0.75,13.92
2026-06-23 10:00:00,Building_B_Lab,232.2,83.75,0.75,14.586
2026-06-23 10:15:00,Building_B_Lab,225.98,81.27,0.75,13.774
2026-06-23 10:30:00,Building_B_Lab,231.19,84.02,0.75,14.568
2026-06-23 10:45:00,Building_B_Lab,234.3,94.44,0.75,16.595
2026-06-23 11:00:00,Building_B_Lab,228.78,79.66,0.75,13.669
2026-06-23 11:15:00,Building_B_Lab,227.36,79.96,0.75,13.635
2026-06-23 11:30:00,Building_B_Lab,237.3,84.88,0.75,15.106
2026-06-23 11:45:00,Building_B_Lab,232.02,83.65,0.75,14.557
2026-06-23 12:00:00,Building_B_Lab,234.44,85.07,0.75,14.958
2026-06-23 12:15:00,Building_B_Lab,232.86,101.77,0.75,17.773
2026-06-23 12:30:00,Building_B_Lab,234.37,99.48,0.75,17.487
2026-06-23 12:45:00,Building_B_Lab,236.84,82.06,0.75,14.576
2026-06-23 13:00:00,Building_B_Lab,229.91,89.82,0.75,15.487
2026-06-23 13:15:00,Building_B_Lab,229.7,88.72,0.75,15.283
2026-06-23 13:30:00,Building_B_Lab,226.03,83.59,0.75,14.169
2026-06-23 13:45:00,Building_B_Lab,227.5,94.14,0.75,16.063
2026-06-23 14:00:00,Building_B_Lab,234.92,92.95,0.75,16.376
2026-06-23 14:15:00,Building_B_Lab,232.35,74.98,0.75,13.066
2026-06-23 14:30:00,Building_B_Lab,228.69,84.75,0.75,14.536
2026-06-23 14:45:00,Building_B_Lab,233.8,67.43,0.75,11.825
2026-06-23 15:00:00,Building_B_Lab,468.33,82.67,0.75,29.039
2026-06-23 15:15:00,Building_B_Lab,229.49,69.57,0.75,11.974
2026-06-23 15:30:00,Building_B_Lab,235.3,61.79,0.75,10.904
2026-06-23 15:45:00,Building_B_Lab,227.07,71.24,0.75,12.132
2026-06-23 16:00:00,Building_B_Lab,231.1,53.69,0.75,9.306
2026-06-23 16:15:00,Building_B_Lab,225.98,50.83,0.75,8.614
2026-06-23 16:30:00,Building_B_Lab,230.72,50.97,0.75,8.82
2026-06-23 16:45:00,Building_B_Lab,227.27,46.44,0.75,7.916
2026-06-23 17:00:00,Building_B_Lab,234.21,43.99,0.75,7.728
2026-06-23 17:15:00,Building_B_Lab,237.21,40.86,0.75,7.27
2026-06-23 17:30:00,Building_B_Lab,233.22,31.68,0.75,5.542
2026-06-23 17:45:00,Building_B_Lab,232.24,32.76,0.75,5.707
2026-06-23 18:00:00,Building_B_Lab,236.29,26.57,0.75,4.709
2026-06-23 18:15:00,Building_B_Lab,231.91,25.81,0.75,4.489
2026-06-23 18:30:00,Building_B_Lab,232.53,25.96,0.75,4.528
2026-06-23 18:45:00,Building_B_Lab,234.08,26.08,0.762,4.65
2026-06-23 19:00:00,Building_B_Lab,231.21,25.35,0.75,4.396
2026-06-23 19:15:00,Building_B_Lab,226.37,25.85,0.773,4.521
2026-06-23 19:30:00,Building_B_Lab,221.99,29.17,0.751,4.864
2026-06-23 19:45:00,Building_B_Lab,233.49,26.43,0.779,4.806
2026-06-23 20:00:00,Building_B_Lab,226.17,24.63,0.78,4.346
2026-06-23 20:15:00,Building_B_Lab,229.77,23.87,0.778,4.266
2026-06-23 20:30:00,Building_B_Lab,233.6,23.4,0.777,4.248
2026-06-23 20:45:00,Building_B_Lab,230.22,27.76,0.75,4.794
2026-06-23 21:00:00,Building_B_Lab,232.43,26.72,0.75,4.658
2026-06-23 21:15:00,Building_B_Lab,231.42,26.17,0.769,4.656
2026-06-23 21:30:00,Building_B_Lab,237.47,23.06,0.779,4.263
2026-06-23 21:45:00,Building_B_Lab,229.74,22.55,0.761,3.945
2026-06-23 22:00:00,Building_B_Lab,228.12,24.77,0.775,4.378
2026-06-23 22:15:00,Building_B_Lab,233.32,23.96,0.757,4.234
2026-06-23 22:30:00,Building_B_Lab,226.03,24.36,0.758,4.176
2026-06-23 22:45:00,Building_B_Lab,234.19,25.11,0.782,4.6
2026-06-23 23:00:00,Building_B_Lab,222.67,25.78,0.789,4.529
2026-06-23 23:15:00,Building_B_Lab,230.8,23.27,0.762,4.091
2026-06-23 23:30:00,Building_B_Lab,228.91,26.81,0.75,4.603
2026-06-23 23:45:00,Building_B_Lab,235.94,25.69,0.75,4.546
2026-06-24 00:00:00,Building_B_Lab,230.45,19.95,0.795,3.654
2026-06-24 00:15:00,Building_B_Lab,233.34,25.34,0.754,4.456
2026-06-24 00:30:00,Building_B_Lab,228.75,25.93,0.769,4.559
2026-06-24 00:45:00,Building_B_Lab,230.3,23.66,0.778,4.24
2026-06-24 01:00:00,Building_B_Lab,229.25,25.59,0.776,4.556
2026-06-24 01:15:00,Building_B_Lab,231.21,25.79,0.764,4.554
2026-06-24 01:30:00,Building_B_Lab,225.62,27.85,0.75,4.713
2026-06-24 01:45:00,Building_B_Lab,229.7,23.44,0.75,4.038
2026-06-24 02:00:00,Building_B_Lab,233.94,23.93,0.773,4.329
2026-06-24 02:15:00,Building_B_Lab,229.85,25.69,0.769,4.541
2026-06-24 02:30:00,Building_B_Lab,228.43,29.12,0.776,5.161
2026-06-24 02:45:00,Building_B_Lab,227.7,23.05,0.802,4.209
2026-06-24 03:00:00,Building_B_Lab,227.72,25.58,0.778,4.533
2026-06-24 03:15:00,Building_B_Lab,231.77,23.69,0.776,4.26
2026-06-24 03:30:00,Building_B_Lab,233.33,22.31,0.769,4.005
2026-06-24 03:45:00,Building_B_Lab,234.2,24.99,0.758,4.436
2026-06-24 04:00:00,Building_B_Lab,230.81,27.01,0.772,4.813
2026-06-24 04:15:00,Building_B_Lab,228.04,22.88,0.754,3.936
2026-06-24 04:30:00,Building_B_Lab,229.14,24.74,0.75,4.251
2026-06-24 04:45:00,Building_B_Lab,228.97,20.84,0.805,3.84
2026-06-24 05:00:00,Building_B_Lab,230.02,23.57,0.79,4.283
2026-06-24 05:15:00,Building_B_Lab,226.37,24.54,0.788,4.377
2026-06-24 05:30:00,Building_B_Lab,230.73,27.45,0.782,4.953
2026-06-24 05:45:00,Building_B_Lab,227.9,22.3,0.793,4.029
2026-06-24 06:00:00,Building_B_Lab,230.05,28.37,0.75,4.895
2026-06-24 06:15:00,Building_B_Lab,241.54,29.21,0.75,5.292
2026-06-24 06:30:00,Building_B_Lab,233.33,33.18,0.75,5.807
2026-06-24 06:45:00,Building_B_Lab,230.5,28.9,0.75,4.997
2026-06-24 07:00:00,Building_B_Lab,231.95,49.34,0.75,8.583
2026-06-24 07:15:00,Building_B_Lab,229.74,52.52,0.75,9.049
2026-06-24 07:30:00,Building_B_Lab,229.13,52.5,0.75,9.021
2026-06-24 07:45:00,Building_B_Lab,229.91,53.41,0.75,9.21
2026-06-24 08:00:00,Building_B_Lab,229.22,53.88,0.75,9.263
2026-06-24 08:15:00,Building_B_Lab,234.36,51.68,0.75,9.084
2026-06-24 08:30:00,Building_B_Lab,224.54,67.97,0.75,11.447
2026-06-24 08:45:00,Building_B_Lab,230.88,65.64,0.75,11.366
2026-06-24 09:00:00,Building_B_Lab,228.05,66.81,0.75,11.426
2026-06-24 09:15:00,Building_B_Lab,226.95,67.14,0.75,11.428
2026-06-24 09:30:00,Building_B_Lab,230.2,78.57,0.75,13.566
2026-06-24 09:45:00,Building_B_Lab,230.0,79.66,0.75,13.742
2026-06-24 10:00:00,Building_B_Lab,228.79,87.47,0.75,15.009
2026-06-24 10:15:00,Building_B_Lab,224.71,80.28,0.75,13.529
2026-06-24 10:30:00,Building_B_Lab,229.43,98.48,0.75,16.946
2026-06-24 10:45:00,Building_B_Lab,227.23,92.48,0.75,15.76
2026-06-24 11:00:00,Building_B_Lab,229.45,95.96,0.75,16.514
2026-06-24 11:15:00,Building_B_Lab,224.43,91.67,0.75,15.43
2026-06-24 11:30:00,Building_B_Lab,231.5,83.49,0.75,14.497
2026-06-24 11:45:00,Building_B_Lab,231.27,99.53,0.75,17.264
2026-06-24 12:00:00,Building_B_Lab,232.17,93.21,0.75,16.23
2026-06-24 12:15:00,Building_B_Lab,232.86,102.95,0.75,17.98
2026-06-24 12:30:00,Building_B_Lab,229.51,82.09,0.75,14.131
2026-06-24 12:45:00,Building_B_Lab,229.86,91.7,0.75,15.809
2026-06-24 13:00:00,Building_B_Lab,230.08,86.01,0.75,14.842
2026-06-24 13:15:00,Building_B_Lab,232.39,84.71,0.75,14.764
2026-06-24 13:30:00,Building_B_Lab,231.57,90.87,0.75,15.782
2026-06-24 13:45:00,Building_B_Lab,230.12,83.57,0.75,14.423
2026-06-24 14:00:00,Building_B_Lab,230.56,81.63,0.75,14.116
2026-06-24 14:15:00,Building_B_Lab,232.79,73.98,0.75,12.916
2026-06-24 14:30:00,Building_B_Lab,230.36,78.61,0.75,13.58
2026-06-24 14:45:00,Building_B_Lab,231.94,78.29,0.75,13.619
2026-06-24 15:00:00,Building_B_Lab,228.57,68.31,0.75,11.711
2026-06-24 15:15:00,Building_B_Lab,235.71,61.35,0.75,10.846
2026-06-24 15:30:00,Building_B_Lab,226.66,67.46,0.75,11.469
2026-06-24 15:45:00,Building_B_Lab,233.74,61.37,0.75,10.759
2026-06-24 16:00:00,Building_B_Lab,236.9,59.46,0.75,10.564
2026-06-24 16:15:00,Building_B_Lab,227.75,61.07,0.75,10.432
2026-06-24 16:30:00,Building_B_Lab,228.97,55.84,0.75,9.59
2026-06-24 16:45:00,Building_B_Lab,232.45,44.37,0.75,7.736
2026-06-24 17:00:00,Building_B_Lab,235.81,39.59,0.75,7.002
2026-06-24 17:15:00,Building_B_Lab,230.8,38.88,0.75,6.729
2026-06-24 17:30:00,Building_B_Lab,228.99,35.58,0.75,6.111
2026-06-24 17:45:00,Building_B_Lab,233.16,27.82,0.75,4.864
2026-06-24 18:00:00,Building_B_Lab,232.34,21.93,0.75,3.821
2026-06-24 18:15:00,Building_B_Lab,230.36,23.67,0.753,4.107
2026-06-24 18:30:00,Building_B_Lab,233.96,22.45,0.768,4.034
2026-06-24 18:45:00,Building_B_Lab,228.44,24.81,0.765,4.334
2026-06-24 19:00:00,Building_B_Lab,231.63,25.69,0.75,4.462
2026-06-24 19:15:00,Building_B_Lab,231.42,25.85,0.787,4.711
2026-06-24 19:30:00,Building_B_Lab,448.84,23.13,0.782,8.12
2026-06-24 19:45:00,Building_B_Lab,239.75,26.89,0.77,4.966
2026-06-24 20:00:00,Building_B_Lab,227.99,26.41,0.753,4.536
2026-06-24 20:15:00,Building_B_Lab,230.17,23.05,0.757,4.016
2026-06-24 20:30:00,Building_B_Lab,232.72,23.3,0.786,4.264
2026-06-24 20:45:00,Building_B_Lab,232.91,21.55,0.797,4.001
2026-06-24 21:00:00,Building_B_Lab,229.5,24.37,0.77,4.306
2026-06-24 21:15:00,Building_B_Lab,229.54,24.94,0.764,4.374
2026-06-24 21:30:00,Building_B_Lab,229.07,24.35,0.791,4.411
2026-06-24 21:45:00,Building_B_Lab,230.29,23.61,0.781,4.246
2026-06-24 22:00:00,Building_B_Lab,231.39,23.13,0.756,4.044
2026-06-24 22:15:00,Building_B_Lab,235.94,25.52,0.8,4.815
2026-06-24 22:30:00,Building_B_Lab,230.75,24.21,0.767,4.284
2026-06-24 22:45:00,Building_B_Lab,226.92,21.64,0.791,3.886
2026-06-24 23:00:00,Building_B_Lab,228.41,25.41,0.809,4.693
2026-06-24 23:15:00,Building_B_Lab,229.07,24.76,0.798,4.528
2026-06-24 23:30:00,Building_B_Lab,229.61,23.02,0.75,3.964
2026-06-24 23:45:00,Building_B_Lab,224.58,25.98,0.764,4.456
2026-06-25 00:00:00,Building_B_Lab,233.13,23.37,0.75,4.086
2026-06-25 00:15:00,Building_B_Lab,232.25,23.54,0.781,4.27
2026-06-25 00:30:00,Building_B_Lab,225.68,25.24,0.76,4.331
2026-06-25 00:45:00,Building_B_Lab,227.78,25.48,0.75,4.353
2026-06-25 01:00:00,Building_B_Lab,226.17,28.07,0.75,4.762
2026-06-25 01:15:00,Building_B_Lab,230.8,25.64,0.75,4.439
2026-06-25 01:30:00,Building_B_Lab,233.15,24.48,0.75,4.28
2026-06-25 01:45:00,Building_B_Lab,224.81,26.44,0.75,4.458
2026-06-25 02:00:00,Building_B_Lab,240.07,25.22,0.817,4.944
2026-06-25 02:15:00,Building_B_Lab,230.11,24.36,0.81,4.54
2026-06-25 02:30:00,Building_B_Lab,232.74,26.09,0.778,4.722
2026-06-25 02:45:00,Building_B_Lab,224.83,24.34,0.772,4.222
2026-06-25 03:00:00,Building_B_Lab,226.83,27.39,0.752,4.669
2026-06-25 03:15:00,Building_B_Lab,231.46,26.3,0.757,4.605
2026-06-25 03:30:00,Building_B_Lab,225.81,23.48,0.815,4.319
2026-06-25 03:45:00,Building_B_Lab,230.41,25.38,0.75,4.385
2026-06-25 04:00:00,Building_B_Lab,230.28,27.1,0.761,4.75
2026-06-25 04:15:00,Building_B_Lab,227.73,22.78,0.75,3.891
2026-06-25 04:30:00,Building_B_Lab,223.81,25.6,0.778,4.46
2026-06-25 04:45:00,Building_B_Lab,230.95,27.88,0.772,4.972
2026-06-25 05:00:00,Building_B_Lab,228.35,28.72,0.751,4.923
2026-06-25 05:15:00,Building_B_Lab,229.54,29.79,0.75,5.128
2026-06-25 05:30:00,Building_B_Lab,237.6,26.13,0.75,4.656
2026-06-25 05:45:00,Building_B_Lab,229.41,29.87,0.75,5.14
2026-06-25 06:00:00,Building_B_Lab,228.38,28.18,0.751,4.834
2026-06-25 06:15:00,Building_B_Lab,232.79,25.37,0.757,4.468
2026-06-25 06:30:00,Building_B_Lab,230.34,29.19,0.75,5.043
2026-06-25 06:45:00,Building_B_Lab,234.52,36.03,0.75,6.338
2026-06-25 07:00:00,Building_B_Lab,235.45,43.12,0.75,7.615
2026-06-25 07:15:00,Building_B_Lab,232.45,47.4,0.75,8.263
2026-06-25 07:30:00,Building_B_Lab,232.82,48.69,0.75,8.501
2026-06-25 07:45:00,Building_B_Lab,233.24,47.57,0.75,8.322
2026-06-25 08:00:00,Building_B_Lab,230.81,56.5,0.75,9.781
2026-06-25 08:15:00,Building_B_Lab,231.65,65.24,0.75,11.335
2026-06-25 08:30:00,Building_B_Lab,230.55,68.7,0.75,11.879
2026-06-25 08:45:00,Building_B_Lab,221.72,65.96,0.75,10.968
2026-06-25 09:00:00,Building_B_Lab,233.76,71.33,0.75,12.505
2026-06-25 09:15:00,Building_B_Lab,232.35,69.9,0.75,12.18
2026-06-25 09:30:00,Building_B_Lab,231.15,71.93,0.75,12.47
2026-06-25 09:45:00,Building_B_Lab,233.06,71.78,0.75,12.547
2026-06-25 10:00:00,Building_B_Lab,235.75,90.49,0.75,15.999
2026-06-25 10:15:00,Building_B_Lab,236.94,79.11,0.75,14.059
2026-06-25 10:30:00,Building_B_Lab,232.25,85.43,0.75,14.881
2026-06-25 10:45:00,Building_B_Lab,230.74,88.66,0.75,15.343
2026-06-25 11:00:00,Building_B_Lab,235.79,81.42,0.75,14.399
2026-06-25 11:15:00,Building_B_Lab,226.87,84.48,0.75,14.374
2026-06-25 11:30:00,Building_B_Lab,225.4,101.74,0.75,17.199
2026-06-25 11:45:00,Building_B_Lab,229.57,99.76,0.75,17.177
2026-06-25 12:00:00,Building_B_Lab,228.72,72.73,0.75,12.477
2026-06-25 12:15:00,Building_B_Lab,233.33,92.01,0.75,16.101
2026-06-25 12:30:00,Building_B_Lab,226.44,93.63,0.75,15.901
2026-06-25 12:45:00,Building_B_Lab,231.93,88.29,0.75,15.358
2026-06-25 13:00:00,Building_B_Lab,226.95,105.51,0.75,17.96
2026-06-25 13:15:00,Building_B_Lab,222.73,76.11,0.75,12.714
2026-06-25 13:30:00,Building_B_Lab,235.32,76.14,0.75,13.438
2026-06-25 13:45:00,Building_B_Lab,234.41,84.61,0.75,14.875
2026-06-25 14:00:00,Building_B_Lab,229.95,85.69,0.75,14.779
2026-06-25 14:15:00,Building_B_Lab,231.21,81.05,0.75,14.054
2026-06-25 14:30:00,Building_B_Lab,232.58,80.97,0.75,14.123
2026-06-25 14:45:00,Building_B_Lab,229.3,73.8,0.75,12.691
2026-06-25 15:00:00,Building_B_Lab,230.04,83.94,0.75,14.483
2026-06-25 15:15:00,Building_B_Lab,228.88,69.61,0.75,11.949
2026-06-25 15:30:00,Building_B_Lab,225.27,61.23,0.75,10.346
2026-06-25 15:45:00,Building_B_Lab,234.15,62.25,0.75,10.932
2026-06-25 16:00:00,Building_B_Lab,231.84,58.47,0.75,10.167
2026-06-25 16:15:00,Building_B_Lab,231.86,64.18,0.75,11.16
2026-06-25 16:30:00,Building_B_Lab,228.33,50.15,0.75,8.588
2026-06-25 16:45:00,Building_B_Lab,227.99,45.11,0.75,7.714
2026-06-25 17:00:00,Building_B_Lab,237.5,40.38,0.75,7.193
2026-06-25 17:15:00,Building_B_Lab,230.21,38.63,0.75,6.671
2026-06-25 17:30:00,Building_B_Lab,222.89,32.59,0.75,5.447
2026-06-25 17:45:00,Building_B_Lab,227.67,26.94,0.75,4.601
2026-06-25 18:00:00,Building_B_Lab,227.53,26.5,0.75,4.522
2026-06-25 18:15:00,Building_B_Lab,228.16,25.93,0.769,4.547
2026-06-25 18:30:00,Building_B_Lab,236.72,26.43,0.772,4.832
2026-06-25 18:45:00,Building_B_Lab,227.58,24.82,0.774,4.373
2026-06-25 19:00:00,Building_B_Lab,233.76,24.76,0.781,4.521
2026-06-25 19:15:00,Building_B_Lab,231.63,26.14,0.76,4.603
2026-06-25 19:30:00,Building_B_Lab,229.28,24.51,0.757,4.256
2026-06-25 19:45:00,Building_B_Lab,226.03,24.43,0.75,4.141
2026-06-25 20:00:00,Building_B_Lab,230.21,24.73,0.754,4.295
2026-06-25 20:15:00,Building_B_Lab,219.93,24.82,0.75,4.094
2026-06-25 20:30:00,Building_B_Lab,235.38,26.55,0.751,4.69
2026-06-25 20:45:00,Building_B_Lab,233.8,26.38,0.75,4.626
2026-06-25 21:00:00,Building_B_Lab,225.87,26.99,0.75,4.572
2026-06-25 21:15:00,Building_B_Lab,232.5,23.59,0.779,4.274
2026-06-25 21:30:00,Building_B_Lab,234.46,25.34,0.75,4.456
2026-06-25 21:45:00,Building_B_Lab,237.13,26.22,0.75,4.662
2026-06-25 22:00:00,Building_B_Lab,232.81,26.26,0.774,4.733
2026-06-25 22:15:00,Building_B_Lab,234.82,22.29,0.789,4.129
2026-06-25 22:30:00,Building_B_Lab,230.44,23.77,0.779,4.27
2026-06-25 22:45:00,Building_B_Lab,224.78,26.51,0.75,4.469
2026-06-25 23:00:00,Building_B_Lab,226.65,28.67,0.777,5.051
2026-06-25 23:15:00,Building_B_Lab,227.95,24.68,0.75,4.22
2026-06-25 23:30:00,Building_B_Lab,231.31,24.78,0.796,4.56
2026-06-25 23:45:00,Building_B_Lab,237.75,22.62,0.783,4.212
2026-06-26 00:00:00,Building_B_Lab,233.6,27.18,0.75,4.762
2026-06-26 00:15:00,Building_B_Lab,236.56,23.77,0.754,4.238
2026-06-26 00:30:00,Building_B_Lab,228.81,27.5,0.776,4.884
2026-06-26 00:45:00,Building_B_Lab,232.55,21.79,0.782,3.962
2026-06-26 01:00:00,Building_B_Lab,228.34,24.68,0.75,4.226
2026-06-26 01:15:00,Building_B_Lab,220.65,28.36,0.75,4.694
2026-06-26 01:30:00,Building_B_Lab,227.51,23.18,0.758,3.999
2026-06-26 01:45:00,Building_B_Lab,222.75,22.87,0.77,3.924
2026-06-26 02:00:00,Building_B_Lab,229.73,25.56,0.773,4.537
2026-06-26 02:15:00,Building_B_Lab,232.76,23.89,0.793,4.409
2026-06-26 02:30:00,Building_B_Lab,231.26,21.78,0.799,4.022
2026-06-26 02:45:00,Building_B_Lab,223.94,26.64,0.75,4.475
2026-06-26 03:00:00,Building_B_Lab,231.29,28.06,0.75,4.867
2026-06-26 03:15:00,Building_B_Lab,228.51,25.79,0.775,4.566
2026-06-26 03:30:00,Building_B_Lab,232.83,24.15,0.75,4.217
2026-06-26 03:45:00,Building_B_Lab,219.87,26.36,0.778,4.51
2026-06-26 04:00:00,Building_B_Lab,236.53,24.07,0.754,4.296
2026-06-26 04:15:00,Building_B_Lab,225.39,24.75,0.782,4.363
2026-06-26 04:30:00,Building_B_Lab,234.66,27.36,0.758,4.864
2026-06-26 04:45:00,Building_B_Lab,223.9,24.83,0.779,4.329
2026-06-26 05:00:00,Building_B_Lab,234.61,24.44,0.789,4.525
2026-06-26 05:15:00,Building_B_Lab,228.09,21.76,0.775,3.844
2026-06-26 05:30:00,Building_B_Lab,234.97,21.52,0.789,3.989
2026-06-26 05:45:00,Building_B_Lab,228.4,27.83,0.75,4.767
2026-06-26 06:00:00,Building_B_Lab,231.97,22.52,0.75,3.918
2026-06-26 06:15:00,Building_B_Lab,236.1,32.63,0.75,5.777
2026-06-26 06:30:00,Building_B_Lab,237.96,33.49,0.752,5.992
2026-06-26 06:45:00,Building_B_Lab,233.49,38.66,0.75,6.769
2026-06-26 07:00:00,Building_B_Lab,227.12,39.54,0.75,6.736
2026-06-26 07:15:00,Building_B_Lab,228.33,46.62,0.75,7.983
2026-06-26 07:30:00,Building_B_Lab,234.89,48.87,0.75,8.61
2026-06-26 07:45:00,Building_B_Lab,225.96,50.07,0.75,8.485
2026-06-26 08:00:00,Building_B_Lab,230.07,49.1,0.75,8.472
2026-06-26 08:15:00,Building_B_Lab,235.78,56.88,0.75,10.058
2026-06-26 08:30:00,Building_B_Lab,228.19,62.97,0.75,10.777
2026-06-26 08:45:00,Building_B_Lab,231.21,64.3,0.75,11.151
2026-06-26 09:00:00,Building_B_Lab,229.06,67.56,0.75,11.607
2026-06-26 09:15:00,Building_B_Lab,230.92,72.8,0.75,12.608
2026-06-26 09:30:00,Building_B_Lab,229.41,69.44,0.75,11.948
2026-06-26 09:45:00,Building_B_Lab,230.98,83.96,0.75,14.545
2026-06-26 10:00:00,Building_B_Lab,226.73,87.05,0.75,14.803
2026-06-26 10:15:00,Building_B_Lab,226.99,86.14,0.75,14.665
2026-06-26 10:30:00,Building_B_Lab,229.77,78.38,0.75,13.507
2026-06-26 10:45:00,Building_B_Lab,230.6,79.18,0.75,13.694
2026-06-26 11:00:00,Building_B_Lab,228.4,79.26,0.75,13.576
2026-06-26 11:15:00,Building_B_Lab,232.36,85.52,0.75,14.904
2026-06-26 11:30:00,Building_B_Lab,231.87,68.7,0.75,11.947
2026-06-26 11:45:00,Building_B_Lab,229.26,73.28,0.75,12.6
2026-06-26 12:00:00,Building_B_Lab,237.85,90.09,0.75,16.072
2026-06-26 12:15:00,Building_B_Lab,235.12,88.29,0.75,15.569
2026-06-26 12:30:00,Building_B_Lab,232.69,91.9,0.75,16.038
2026-06-26 12:45:00,Building_B_Lab,227.59,89.04,0.75,15.198
2026-06-26 13:00:00,Building_B_Lab,231.89,81.66,0.75,14.203
2026-06-26 13:15:00,Building_B_Lab,228.27,73.71,0.75,12.619
2026-06-26 13:30:00,Building_B_Lab,229.77,95.05,0.75,16.379
2026-06-26 13:45:00,Building_B_Lab,224.25,87.68,0.75,14.746
2026-06-26 14:00:00,Building_B_Lab,225.77,74.93,0.75,12.689
2026-06-26 14:15:00,Building_B_Lab,229.5,73.31,0.75,12.619
2026-06-26 14:30:00,Building_B_Lab,229.99,79.88,0.75,13.779
2026-06-26 14:45:00,Building_B_Lab,231.24,74.04,0.75,12.841
2026-06-26 15:00:00,Building_B_Lab,233.25,75.62,0.75,13.229
2026-06-26 15:15:00,Building_B_Lab,226.31,71.68,0.75,12.167
2026-06-26 15:30:00,Building_B_Lab,225.34,58.31,0.75,9.855
2026-06-26 15:45:00,Building_B_Lab,228.65,55.89,0.75,9.585
2026-06-26 16:00:00,Building_B_Lab,227.87,54.84,0.75,9.372
2026-06-26 16:15:00,Building_B_Lab,227.32,54.29,0.75,9.255
2026-06-26 16:30:00,Building_B_Lab,235.05,49.79,0.75,8.778
2026-06-26 16:45:00,Building_B_Lab,226.99,50.05,0.75,8.52
2026-06-26 17:00:00,Building_B_Lab,226.34,43.0,0.75,7.299
2026-06-26 17:15:00,Building_B_Lab,230.47,32.86,0.75,5.68
2026-06-26 17:30:00,Building_B_Lab,228.08,34.81,0.75,5.955
2026-06-26 17:45:00,Building_B_Lab,231.38,32.68,0.75,5.671
2026-06-26 18:00:00,Building_B_Lab,229.24,27.53,0.75,4.733
2026-06-26 18:15:00,Building_B_Lab,224.46,24.48,0.75,4.121
2026-06-26 18:30:00,Building_B_Lab,230.9,24.63,0.783,4.454
2026-06-26 18:45:00,Building_B_Lab,228.86,25.62,0.783,4.592
2026-06-26 19:00:00,Building_B_Lab,226.66,27.92,0.75,4.747
2026-06-26 19:15:00,Building_B_Lab,228.26,25.77,0.769,4.525
2026-06-26 19:30:00,Building_B_Lab,229.87,20.41,0.769,3.608
2026-06-26 19:45:00,Building_B_Lab,226.85,27.54,0.768,4.802
2026-06-26 20:00:00,Building_B_Lab,231.88,26.06,0.824,4.983
2026-06-26 20:15:00,Building_B_Lab,220.69,24.38,0.773,4.162
2026-06-26 20:30:00,Building_B_Lab,226.19,25.57,0.766,4.433
2026-06-26 20:45:00,Building_B_Lab,225.68,26.41,0.75,4.47
2026-06-26 21:00:00,Building_B_Lab,227.26,28.1,0.751,4.799
2026-06-26 21:15:00,Building_B_Lab,229.85,23.8,0.75,4.102
2026-06-26 21:30:00,Building_B_Lab,230.78,22.01,0.767,3.896
2026-06-26 21:45:00,Building_B_Lab,237.01,27.11,0.75,4.819
2026-06-26 22:00:00,Building_B_Lab,226.36,24.4,0.803,4.436
2026-06-26 22:15:00,Building_B_Lab,230.43,24.1,0.793,4.406
2026-06-26 22:30:00,Building_B_Lab,227.11,25.06,0.774,4.402
2026-06-26 22:45:00,Building_B_Lab,229.67,27.81,0.75,4.79
2026-06-26 23:00:00,Building_B_Lab,234.84,23.89,0.799,4.483
2026-06-26 23:15:00,Building_B_Lab,227.83,20.14,0.787,3.61
2026-06-26 23:30:00,Building_B_Lab,234.63,25.69,0.767,4.626
2026-06-26 23:45:00,Building_B_Lab,227.13,24.97,0.776,4.399
2026-06-27 00:00:00,Building_B_Lab,222.58,25.85,0.788,4.536
2026-06-27 00:15:00,Building_B_Lab,228.13,28.06,0.75,4.801
2026-06-27 00:30:00,Building_B_Lab,233.53,22.49,0.765,4.018
2026-06-27 00:45:00,Building_B_Lab,235.86,24.25,0.773,4.42
2026-06-27 01:00:00,Building_B_Lab,232.88,24.53,0.758,4.33
2026-06-27 01:15:00,Building_B_Lab,226.82,23.28,0.782,4.127
2026-06-27 01:30:00,Building_B_Lab,235.35,25.0,0.775,4.559
2026-06-27 01:45:00,Building_B_Lab,231.68,22.56,0.756,3.952
2026-06-27 02:00:00,Building_B_Lab,233.18,25.43,0.761,4.514
2026-06-27 02:15:00,Building_B_Lab,232.92,25.0,0.76,4.427
2026-06-27 02:30:00,Building_B_Lab,227.31,25.51,0.755,4.379
2026-06-27 02:45:00,Building_B_Lab,230.77,23.45,0.774,4.188
2026-06-27 03:00:00,Building_B_Lab,228.87,23.09,0.806,4.26
2026-06-27 03:15:00,Building_B_Lab,232.28,26.42,0.75,4.602
2026-06-27 03:30:00,Building_B_Lab,225.85,24.32,0.774,4.253
2026-06-27 03:45:00,Building_B_Lab,231.86,24.91,0.77,4.45
2026-06-27 04:00:00,Building_B_Lab,228.98,28.27,0.75,4.855
2026-06-27 04:15:00,Building_B_Lab,226.03,25.63,0.75,4.344
2026-06-27 04:30:00,Building_B_Lab,230.17,27.34,0.762,4.794
2026-06-27 04:45:00,Building_B_Lab,223.71,26.02,0.75,4.366
2026-06-27 05:00:00,Building_B_Lab,234.9,23.58,0.771,4.269
2026-06-27 05:15:00,Building_B_Lab,226.56,26.2,0.75,4.451
2026-06-27 05:30:00,Building_B_Lab,230.41,25.01,0.757,4.364
2026-06-27 05:45:00,Building_B_Lab,226.43,27.77,0.75,4.716
2026-06-27 06:00:00,Building_B_Lab,223.59,22.94,0.786,4.03
2026-06-27 06:15:00,Building_B_Lab,232.82,25.98,0.773,4.675
2026-06-27 06:30:00,Building_B_Lab,224.95,27.45,0.75,4.631
2026-06-27 06:45:00,Building_B_Lab,233.99,24.72,0.759,4.39
2026-06-27 07:00:00,Building_B_Lab,232.03,34.61,0.75,6.023
2026-06-27 07:15:00,Building_B_Lab,225.7,27.35,0.75,4.63
2026-06-27 07:30:00,Building_B_Lab,230.26,31.48,0.75,5.437
2026-06-27 07:45:00,Building_B_Lab,232.94,31.96,0.75,5.584
2026-06-27 08:00:00,Building_B_Lab,233.71,34.96,0.75,6.128
2026-06-27 08:15:00,Building_B_Lab,226.38,33.32,0.75,5.657
2026-06-27 08:30:00,Building_B_Lab,227.97,35.7,0.75,6.104
2026-06-27 08:45:00,Building_B_Lab,238.16,42.57,0.75,7.605
2026-06-27 09:00:00,Building_B_Lab,230.07,37.44,0.75,6.46
2026-06-27 09:15:00,Building_B_Lab,227.12,34.14,0.75,5.816
2026-06-27 09:30:00,Building_B_Lab,222.61,38.62,0.75,6.449
2026-06-27 09:45:00,Building_B_Lab,231.23,45.58,0.75,7.905
2026-06-27 10:00:00,Building_B_Lab,225.32,43.84,0.75,7.408
2026-06-27 10:15:00,Building_B_Lab,229.52,45.43,0.75,7.821
2026-06-27 10:30:00,Building_B_Lab,227.52,47.87,0.75,8.168
2026-06-27 10:45:00,Building_B_Lab,228.06,45.64,0.75,7.807
2026-06-27 11:00:00,Building_B_Lab,231.84,45.71,0.75,7.947
2026-06-27 11:15:00,Building_B_Lab,232.09,41.66,0.75,7.252
2026-06-27 11:30:00,Building_B_Lab,237.12,44.73,0.75,7.955
2026-06-27 11:45:00,Building_B_Lab,233.08,46.6,0.75,8.147
2026-06-27 12:00:00,Building_B_Lab,222.7,46.76,0.75,7.809
2026-06-27 12:15:00,Building_B_Lab,235.38,39.01,0.75,6.887
2026-06-27 12:30:00,Building_B_Lab,229.1,39.23,0.75,6.741
2026-06-27 12:45:00,Building_B_Lab,222.68,39.43,0.75,6.585
2026-06-27 13:00:00,Building_B_Lab,228.0,44.37,0.75,7.588
2026-06-27 13:15:00,Building_B_Lab,228.08,47.31,0.75,8.094
2026-06-27 13:30:00,Building_B_Lab,230.06,50.65,0.75,8.739
2026-06-27 13:45:00,Building_B_Lab,224.72,44.98,0.75,7.58
2026-06-27 14:00:00,Building_B_Lab,232.31,40.59,0.75,7.072
2026-06-27 14:15:00,Building_B_Lab,231.48,39.91,0.75,6.929
2026-06-27 14:30:00,Building_B_Lab,228.29,36.08,0.75,6.178
2026-06-27 14:45:00,Building_B_Lab,230.02,38.47,0.75,6.637
2026-06-27 15:00:00,Building_B_Lab,226.38,43.07,0.75,7.313
2026-06-27 15:15:00,Building_B_Lab,229.29,36.83,0.75,6.334
2026-06-27 15:30:00,Building_B_Lab,229.15,34.89,0.75,5.996
2026-06-27 15:45:00,Building_B_Lab,234.8,34.4,0.75,6.057
2026-06-27 16:00:00,Building_B_Lab,225.33,35.51,0.75,6.001
2026-06-27 16:15:00,Building_B_Lab,226.77,37.25,0.75,6.336
2026-06-27 16:30:00,Building_B_Lab,228.3,34.12,0.75,5.842
2026-06-27 16:45:00,Building_B_Lab,231.04,30.52,0.75,5.288
2026-06-27 17:00:00,Building_B_Lab,233.58,30.87,0.75,5.408
2026-06-27 17:15:00,Building_B_Lab,230.29,29.24,0.75,5.049
2026-06-27 17:30:00,Building_B_Lab,227.14,32.12,0.76,5.543
2026-06-27 17:45:00,Building_B_Lab,231.96,24.29,0.75,4.226
2026-06-27 18:00:00,Building_B_Lab,228.0,21.17,0.766,3.698
2026-06-27 18:15:00,Building_B_Lab,236.65,22.24,0.782,4.113
2026-06-27 18:30:00,Building_B_Lab,226.27,28.24,0.75,4.792
2026-06-27 18:45:00,Building_B_Lab,231.09,27.1,0.763,4.78
2026-06-27 19:00:00,Building_B_Lab,230.77,27.31,0.75,4.726
2026-06-27 19:15:00,Building_B_Lab,229.25,26.47,0.75,4.551
2026-06-27 19:30:00,Building_B_Lab,229.63,24.0,0.75,4.133
2026-06-27 19:45:00,Building_B_Lab,222.82,26.33,0.78,4.575
2026-06-27 20:00:00,Building_B_Lab,233.03,24.25,0.781,4.411
2026-06-27 20:15:00,Building_B_Lab,231.03,29.0,0.75,5.024
2026-06-27 20:30:00,Building_B_Lab,227.57,24.46,0.766,4.261
2026-06-27 20:45:00,Building_B_Lab,227.53,22.94,0.788,4.114
2026-06-27 21:00:00,Building_B_Lab,221.65,23.86,0.75,3.966
2026-06-27 21:15:00,Building_B_Lab,232.96,23.82,0.75,4.162
2026-06-27 21:30:00,Building_B_Lab,232.37,26.25,0.776,4.731
2026-06-27 21:45:00,Building_B_Lab,237.14,22.68,0.804,4.324
2026-06-27 22:00:00,Building_B_Lab,227.93,25.48,0.75,4.356
2026-06-27 22:15:00,Building_B_Lab,233.07,22.51,0.755,3.963
2026-06-27 22:30:00,Building_B_Lab,230.14,25.39,0.776,4.537
2026-06-27 22:45:00,Building_B_Lab,224.09,24.06,0.785,4.234
2026-06-27 23:00:00,Building_B_Lab,231.11,24.39,0.75,4.228
2026-06-27 23:15:00,Building_B_Lab,229.18,23.99,0.792,4.353
2026-06-27 23:30:00,Building_B_Lab,231.74,22.31,0.784,4.051
2026-06-27 23:45:00,Building_B_Lab,229.14,21.88,0.782,3.92
2026-06-28 00:00:00,Building_B_Lab,231.1,25.7,0.769,4.569
2026-06-28 00:15:00,Building_B_Lab,232.41,22.17,0.779,4.016
2026-06-28 00:30:00,Building_B_Lab,227.15,23.66,0.763,4.097
2026-06-28 00:45:00,Building_B_Lab,234.82,23.97,0.81,4.562
2026-06-28 01:00:00,Building_B_Lab,230.52,26.01,0.755,4.526
2026-06-28 01:15:00,Building_B_Lab,230.47,24.35,0.75,4.21
2026-06-28 01:30:00,Building_B_Lab,226.41,21.78,0.791,3.9
2026-06-28 01:45:00,Building_B_Lab,233.27,25.57,0.75,4.473
2026-06-28 02:00:00,Building_B_Lab,223.25,23.86,0.761,4.055
2026-06-28 02:15:00,Building_B_Lab,232.26,24.07,0.779,4.356
2026-06-28 02:30:00,Building_B_Lab,235.59,25.51,0.75,4.507
2026-06-28 02:45:00,Building_B_Lab,225.6,23.75,0.766,4.105
2026-06-28 03:00:00,Building_B_Lab,234.07,24.48,0.784,4.49
2026-06-28 03:15:00,Building_B_Lab,230.6,27.36,0.75,4.733
2026-06-28 03:30:00,Building_B_Lab,238.96,21.78,0.783,4.074
2026-06-28 03:45:00,Building_B_Lab,233.47,19.11,0.805,3.589
2026-06-28 04:00:00,Building_B_Lab,235.45,26.36,0.775,4.808
2026-06-28 04:15:00,Building_B_Lab,226.96,28.71,0.75,4.888
2026-06-28 04:30:00,Building_B_Lab,234.81,24.31,0.755,4.31
2026-06-28 04:45:00,Building_B_Lab,232.29,26.69,0.75,4.651
2026-06-28 05:00:00,Building_B_Lab,227.01,20.68,0.75,3.521
2026-06-28 05:15:00,Building_B_Lab,230.95,24.25,0.787,4.409
2026-06-28 05:30:00,Building_B_Lab,231.87,29.93,0.75,5.205
2026-06-28 05:45:00,Building_B_Lab,234.29,25.54,0.75,4.488
2026-06-28 06:00:00,Building_B_Lab,229.34,24.53,0.765,4.301
2026-06-28 06:15:00,Building_B_Lab,232.7,27.61,0.774,4.974
2026-06-28 06:30:00,Building_B_Lab,228.51,84.77,0.75,14.529
2026-06-28 06:45:00,Building_B_Lab,225.54,34.39,0.75,5.818
2026-06-28 07:00:00,Building_B_Lab,224.33,28.25,0.75,4.753
2026-06-28 07:15:00,Building_B_Lab,230.92,33.51,0.75,5.803
2026-06-28 07:30:00,Building_B_Lab,230.76,34.12,0.75,5.905
2026-06-28 07:45:00,Building_B_Lab,227.76,33.55,0.75,5.732
2026-06-28 08:00:00,Building_B_Lab,232.31,30.41,0.75,5.299
2026-06-28 08:15:00,Building_B_Lab,230.79,37.3,0.75,6.456
2026-06-28 08:30:00,Building_B_Lab,227.44,37.36,0.75,6.373
2026-06-28 08:45:00,Building_B_Lab,230.69,40.24,0.75,6.962
2026-06-28 09:00:00,Building_B_Lab,227.47,43.37,0.75,7.399
2026-06-28 09:15:00,Building_B_Lab,230.22,31.33,0.75,5.41
2026-06-28 09:30:00,Building_B_Lab,225.23,44.45,0.75,7.508
2026-06-28 09:45:00,Building_B_Lab,226.95,39.97,0.75,6.804
2026-06-28 10:00:00,Building_B_Lab,230.24,42.63,0.75,7.362
2026-06-28 10:15:00,Building_B_Lab,233.84,44.11,0.75,7.737
2026-06-28 10:30:00,Building_B_Lab,226.54,43.78,0.75,7.438
2026-06-28 10:45:00,Building_B_Lab,235.7,39.8,0.75,7.035
2026-06-28 11:00:00,Building_B_Lab,229.99,40.6,0.75,7.003
2026-06-28 11:15:00,Building_B_Lab,233.97,43.51,0.75,7.634
2026-06-28 11:30:00,Building_B_Lab,232.68,43.6,0.75,7.608
2026-06-28 11:45:00,Building_B_Lab,232.16,49.18,0.75,8.563
2026-06-28 12:00:00,Building_B_Lab,234.88,43.36,0.75,7.638
2026-06-28 12:15:00,Building_B_Lab,226.57,49.7,0.75,8.446
2026-06-28 12:30:00,Building_B_Lab,231.09,47.63,0.75,8.256
2026-06-28 12:45:00,Building_B_Lab,230.11,43.44,0.75,7.497
2026-06-28 13:00:00,Building_B_Lab,232.84,41.2,0.75,7.194
2026-06-28 13:15:00,Building_B_Lab,235.89,45.55,0.75,8.058
2026-06-28 13:30:00,Building_B_Lab,229.01,41.33,0.75,7.1
2026-06-28 13:45:00,Building_B_Lab,232.21,45.0,0.75,7.837
2026-06-28 14:00:00,Building_B_Lab,229.05,32.87,0.75,5.647
2026-06-28 14:15:00,Building_B_Lab,231.85,43.42,0.75,7.55
2026-06-28 14:30:00,Building_B_Lab,230.91,36.98,0.75,6.404
2026-06-28 14:45:00,Building_B_Lab,230.13,34.98,0.75,6.038
2026-06-28 15:00:00,Building_B_Lab,227.1,38.79,0.75,6.607
2026-06-28 15:15:00,Building_B_Lab,234.21,38.11,0.75,6.694
2026-06-28 15:30:00,Building_B_Lab,228.55,33.06,0.75,5.667
2026-06-28 15:45:00,Building_B_Lab,231.26,37.82,0.75,6.559
2026-06-28 16:00:00,Building_B_Lab,222.17,35.33,0.75,5.887
2026-06-28 16:15:00,Building_B_Lab,232.6,33.57,0.75,5.856
2026-06-28 16:30:00,Building_B_Lab,226.76,34.93,0.75,5.941
2026-06-28 16:45:00,Building_B_Lab,231.15,36.35,0.75,6.301
2026-06-28 17:00:00,Building_B_Lab,233.06,32.53,0.75,5.685
2026-06-28 17:15:00,Building_B_Lab,231.11,29.64,0.75,5.137
2026-06-28 17:30:00,Building_B_Lab,221.09,25.82,0.764,4.36
2026-06-28 17:45:00,Building_B_Lab,230.16,27.95,0.75,4.825
2026-06-28 18:00:00,Building_B_Lab,234.52,23.91,0.774,4.338
2026-06-28 18:15:00,Building_B_Lab,234.41,23.24,0.8,4.361
2026-06-28 18:30:00,Building_B_Lab,229.45,27.78,0.75,4.78
2026-06-28 18:45:00,Building_B_Lab,224.39,25.17,0.755,4.262
2026-06-28 19:00:00,Building_B_Lab,232.37,22.66,0.778,4.096
2026-06-28 19:15:00,Building_B_Lab,228.01,24.38,0.75,4.17
2026-06-28 19:30:00,Building_B_Lab,230.57,26.22,0.75,4.534
2026-06-28 19:45:00,Building_B_Lab,227.97,28.58,0.75,4.887
2026-06-28 20:00:00,Building_B_Lab,226.82,28.65,0.75,4.874
2026-06-28 20:15:00,Building_B_Lab,220.12,23.54,0.795,4.12
2026-06-28 20:30:00,Building_B_Lab,230.29,25.76,0.75,4.449
2026-06-28 20:45:00,Building_B_Lab,231.56,29.85,0.755,5.22
2026-06-28 21:00:00,Building_B_Lab,231.14,25.16,0.792,4.609
2026-06-28 21:15:00,Building_B_Lab,229.92,23.11,0.77,4.089
2026-06-28 21:30:00,Building_B_Lab,229.98,28.05,0.75,4.838
2026-06-28 21:45:00,Building_B_Lab,229.49,24.93,0.75,4.291
2026-06-28 22:00:00,Building_B_Lab,227.46,22.52,0.758,3.885
2026-06-28 22:15:00,Building_B_Lab,232.48,28.02,0.758,4.94
2026-06-28 22:30:00,Building_B_Lab,237.5,21.82,0.771,3.995
2026-06-28 22:45:00,Building_B_Lab,233.36,24.48,0.75,4.284
2026-06-28 23:00:00,Building_B_Lab,225.72,27.43,0.751,4.648
2026-06-28 23:15:00,Building_B_Lab,234.27,26.04,0.803,4.897
2026-06-28 23:30:00,Building_B_Lab,223.51,23.09,0.788,4.068
2026-06-28 23:45:00,Building_B_Lab,230.26,29.9,0.75,5.164
2026-06-01 00:00:00,Building_C_Admin,225.56,19.6,0.79,3.491
2026-06-01 00:15:00,Building_C_Admin,227.57,16.76,0.823,3.141
2026-06-01 00:30:00,Building_C_Admin,227.79,17.36,0.795,3.143
2026-06-01 00:45:00,Building_C_Admin,231.65,17.85,0.8,3.308
2026-06-01 01:00:00,Building_C_Admin,230.2,17.99,0.808,3.348
2026-06-01 01:15:00,Building_C_Admin,234.35,16.13,0.859,3.249
2026-06-01 01:30:00,Building_C_Admin,230.8,17.12,0.833,3.291
2026-06-01 01:45:00,Building_C_Admin,233.01,16.63,0.82,3.176
2026-06-01 02:00:00,Building_C_Admin,225.24,20.21,0.785,3.573
2026-06-01 02:15:00,Building_C_Admin,235.18,19.93,0.79,3.702
2026-06-01 02:30:00,Building_C_Admin,228.16,17.09,0.807,3.148
2026-06-01 02:45:00,Building_C_Admin,227.57,17.7,0.778,3.135
2026-06-01 03:00:00,Building_C_Admin,225.86,17.16,0.828,3.208
2026-06-01 03:15:00,Building_C_Admin,234.09,19.73,0.813,3.755
2026-06-01 03:30:00,Building_C_Admin,231.67,18.73,0.796,3.453
2026-06-01 03:45:00,Building_C_Admin,228.58,18.32,0.831,3.481
2026-06-01 04:00:00,Building_C_Admin,231.14,19.74,0.801,3.654
2026-06-01 04:15:00,Building_C_Admin,235.82,17.2,0.838,3.399
2026-06-01 04:30:00,Building_C_Admin,228.25,17.48,0.81,3.234
2026-06-01 04:45:00,Building_C_Admin,225.9,18.06,0.824,3.363
2026-06-01 05:00:00,Building_C_Admin,230.84,15.57,0.844,3.033
2026-06-01 05:15:00,Building_C_Admin,228.73,17.89,0.813,3.325
2026-06-01 05:30:00,Building_C_Admin,227.68,16.26,0.808,2.99
2026-06-01 05:45:00,Building_C_Admin,223.49,18.76,0.79,3.311
2026-06-01 06:00:00,Building_C_Admin,224.32,16.46,0.824,3.044
2026-06-01 06:15:00,Building_C_Admin,232.74,20.39,0.834,3.959
2026-06-01 06:30:00,Building_C_Admin,230.45,20.44,0.806,3.795
2026-06-01 06:45:00,Building_C_Admin,227.87,25.61,0.75,4.376
2026-06-01 07:00:00,Building_C_Admin,230.09,23.94,0.75,4.131
2026-06-01 07:15:00,Building_C_Admin,232.69,27.32,0.757,4.812
2026-06-01 07:30:00,Building_C_Admin,230.25,29.03,0.75,5.012
2026-06-01 07:45:00,Building_C_Admin,229.61,30.87,0.751,5.325
2026-06-01 08:00:00,Building_C_Admin,227.61,32.61,0.75,5.566
2026-06-01 08:15:00,Building_C_Admin,231.32,34.7,0.75,6.02
2026-06-01 08:30:00,Building_C_Admin,231.06,33.24,0.75,5.761
2026-06-01 08:45:00,Building_C_Admin,228.47,37.28,0.75,6.388
2026-06-01 09:00:00,Building_C_Admin,231.57,40.83,0.75,7.091
2026-06-01 09:15:00,Building_C_Admin,229.25,38.66,0.75,6.646
2026-06-01 09:30:00,Building_C_Admin,232.31,40.84,0.75,7.116
2026-06-01 09:45:00,Building_C_Admin,233.63,47.3,0.75,8.289
2026-06-01 10:00:00,Building_C_Admin,228.82,48.76,0.75,8.368
2026-06-01 10:15:00,Building_C_Admin,231.46,45.13,0.75,7.834
2026-06-01 10:30:00,Building_C_Admin,231.48,50.28,0.75,8.729
2026-06-01 10:45:00,Building_C_Admin,227.4,48.52,0.75,8.274
2026-06-01 11:00:00,Building_C_Admin,229.79,53.24,0.75,9.176
2026-06-01 11:15:00,Building_C_Admin,230.29,48.34,0.75,8.35
2026-06-01 11:30:00,Building_C_Admin,231.39,50.71,0.75,8.799
2026-06-01 11:45:00,Building_C_Admin,229.53,51.99,0.75,8.95
2026-06-01 12:00:00,Building_C_Admin,232.37,49.26,0.75,8.585
2026-06-01 12:15:00,Building_C_Admin,233.7,47.76,0.75,8.37
2026-06-01 12:30:00,Building_C_Admin,226.37,56.06,0.75,9.518
2026-06-01 12:45:00,Building_C_Admin,227.57,45.52,0.75,7.77
2026-06-01 13:00:00,Building_C_Admin,227.58,45.24,0.75,7.722
2026-06-01 13:15:00,Building_C_Admin,234.76,49.94,0.75,8.794
2026-06-01 13:30:00,Building_C_Admin,230.45,45.4,0.75,7.847
2026-06-01 13:45:00,Building_C_Admin,226.25,46.06,0.75,7.816
2026-06-01 14:00:00,Building_C_Admin,228.92,52.31,0.75,8.981
2026-06-01 14:15:00,Building_C_Admin,234.28,37.03,0.75,6.506
2026-06-01 14:30:00,Building_C_Admin,235.93,44.98,0.75,7.96
2026-06-01 14:45:00,Building_C_Admin,226.1,46.65,0.75,7.911
2026-06-01 15:00:00,Building_C_Admin,230.29,39.62,0.75,6.843
2026-06-01 15:15:00,Building_C_Admin,228.7,35.05,0.75,6.012
2026-06-01 15:30:00,Building_C_Admin,231.09,36.2,0.75,6.274
2026-06-01 15:45:00,Building_C_Admin,228.19,37.46,0.75,6.412
2026-06-01 16:00:00,Building_C_Admin,228.09,28.96,0.75,4.955
2026-06-01 16:15:00,Building_C_Admin,226.81,35.38,0.75,6.018
2026-06-01 16:30:00,Building_C_Admin,236.93,32.21,0.759,5.793
2026-06-01 16:45:00,Building_C_Admin,232.45,28.51,0.75,4.97
2026-06-01 17:00:00,Building_C_Admin,232.38,25.97,0.75,4.526
2026-06-01 17:15:00,Building_C_Admin,227.38,23.64,0.787,4.232
2026-06-01 17:30:00,Building_C_Admin,234.42,25.74,0.762,4.598
2026-06-01 17:45:00,Building_C_Admin,234.17,20.91,0.796,3.9
2026-06-01 18:00:00,Building_C_Admin,234.25,19.55,0.754,3.455
2026-06-01 18:15:00,Building_C_Admin,229.57,17.14,0.795,3.128
2026-06-01 18:30:00,Building_C_Admin,232.16,21.12,0.792,3.882
2026-06-01 18:45:00,Building_C_Admin,237.24,18.52,0.825,3.625
2026-06-01 19:00:00,Building_C_Admin,226.34,18.33,0.833,3.457
2026-06-01 19:15:00,Building_C_Admin,228.89,17.36,0.793,3.151
2026-06-01 19:30:00,Building_C_Admin,226.83,16.44,0.823,3.069
2026-06-01 19:45:00,Building_C_Admin,222.87,20.22,0.839,3.779
2026-06-01 20:00:00,Building_C_Admin,233.91,19.14,0.802,3.59
2026-06-01 20:15:00,Building_C_Admin,227.72,18.12,0.812,3.349
2026-06-01 20:30:00,Building_C_Admin,227.25,18.11,0.818,3.366
2026-06-01 20:45:00,Building_C_Admin,228.94,17.67,0.824,3.334
2026-06-01 21:00:00,Building_C_Admin,234.59,15.32,0.819,2.942
2026-06-01 21:15:00,Building_C_Admin,227.31,18.49,0.84,3.528
2026-06-01 21:30:00,Building_C_Admin,236.61,18.04,0.841,3.59
2026-06-01 21:45:00,Building_C_Admin,229.89,18.89,0.796,3.456
2026-06-01 22:00:00,Building_C_Admin,228.94,18.43,0.781,3.297
2026-06-01 22:15:00,Building_C_Admin,238.25,19.73,0.798,3.753
2026-06-01 22:30:00,Building_C_Admin,229.24,17.24,0.813,3.213
2026-06-01 22:45:00,Building_C_Admin,228.61,17.02,0.8,3.113
2026-06-01 23:00:00,Building_C_Admin,508.93,17.79,0.779,7.048
2026-06-01 23:15:00,Building_C_Admin,230.98,17.97,0.79,3.28
2026-06-01 23:30:00,Building_C_Admin,226.23,17.67,0.802,3.206
2026-06-01 23:45:00,Building_C_Admin,223.8,18.34,0.828,3.398
2026-06-02 00:00:00,Building_C_Admin,228.19,18.48,0.773,3.262
2026-06-02 00:15:00,Building_C_Admin,234.84,19.79,0.807,3.753
2026-06-02 00:30:00,Building_C_Admin,228.54,17.75,0.827,3.353
2026-06-02 00:45:00,Building_C_Admin,228.21,17.76,0.839,3.399
2026-06-02 01:00:00,Building_C_Admin,230.06,17.18,0.835,3.299
2026-06-02 01:15:00,Building_C_Admin,234.47,18.36,0.812,3.495
2026-06-02 01:30:00,Building_C_Admin,233.38,16.63,0.841,3.262
2026-06-02 01:45:00,Building_C_Admin,231.01,19.5,0.784,3.53
2026-06-02 02:00:00,Building_C_Admin,229.85,18.81,0.816,3.527
2026-06-02 02:15:00,Building_C_Admin,230.82,19.32,0.813,3.627
2026-06-02 02:30:00,Building_C_Admin,235.1,17.92,0.836,3.521
2026-06-02 02:45:00,Building_C_Admin,234.74,16.52,0.82,3.179
2026-06-02 03:00:00,Building_C_Admin,230.24,19.22,0.811,3.588
2026-06-02 03:15:00,Building_C_Admin,235.05,16.99,0.815,3.256
2026-06-02 03:30:00,Building_C_Admin,225.2,17.92,0.814,3.287
2026-06-02 03:45:00,Building_C_Admin,226.33,19.02,0.792,3.409
2026-06-02 04:00:00,Building_C_Admin,230.94,15.44,0.863,3.078
2026-06-02 04:15:00,Building_C_Admin,231.77,18.53,0.793,3.405
2026-06-02 04:30:00,Building_C_Admin,235.44,16.22,0.826,3.155
2026-06-02 04:45:00,Building_C_Admin,235.08,20.52,0.808,3.901
2026-06-02 05:00:00,Building_C_Admin,230.94,16.45,0.812,3.084
2026-06-02 05:15:00,Building_C_Admin,229.36,17.87,0.797,3.267
2026-06-02 05:30:00,Building_C_Admin,228.58,19.59,0.802,3.592
2026-06-02 05:45:00,Building_C_Admin,233.38,21.1,0.819,4.035
2026-06-02 06:00:00,Building_C_Admin,224.67,17.41,0.811,3.172
2026-06-02 06:15:00,Building_C_Admin,226.68,20.67,0.758,3.553
2026-06-02 06:30:00,Building_C_Admin,233.64,26.77,0.751,4.7
2026-06-02 06:45:00,Building_C_Admin,224.36,21.69,0.793,3.859
2026-06-02 07:00:00,Building_C_Admin,223.52,28.01,0.75,4.695
2026-06-02 07:15:00,Building_C_Admin,230.39,27.2,0.779,4.881
2026-06-02 07:30:00,Building_C_Admin,231.58,25.53,0.812,4.798
2026-06-02 07:45:00,Building_C_Admin,234.18,35.65,0.75,6.262
2026-06-02 08:00:00,Building_C_Admin,228.11,33.27,0.75,5.693
2026-06-02 08:15:00,Building_C_Admin,229.4,36.85,0.75,6.34
2026-06-02 08:30:00,Building_C_Admin,234.28,39.41,0.75,6.925
2026-06-02 08:45:00,Building_C_Admin,224.66,41.29,0.75,6.957
2026-06-02 09:00:00,Building_C_Admin,229.54,40.08,0.75,6.901
2026-06-02 09:15:00,Building_C_Admin,231.66,40.29,0.75,7.0
2026-06-02 09:30:00,Building_C_Admin,230.73,35.55,0.75,6.153
2026-06-02 09:45:00,Building_C_Admin,233.78,47.5,0.75,8.328
2026-06-02 10:00:00,Building_C_Admin,229.73,45.36,0.75,7.814
2026-06-02 10:15:00,Building_C_Admin,231.25,102.42,0.75,17.764
2026-06-02 10:30:00,Building_C_Admin,228.73,42.64,0.75,7.315
2026-06-02 10:45:00,Building_C_Admin,229.63,50.6,0.75,8.715
2026-06-02 11:00:00,Building_C_Admin,234.99,49.79,0.75,8.774
2026-06-02 11:15:00,Building_C_Admin,231.23,50.8,0.75,8.811
2026-06-02 11:30:00,Building_C_Admin,226.94,46.62,0.75,7.935
2026-06-02 11:45:00,Building_C_Admin,230.73,49.09,0.75,8.494
2026-06-02 12:00:00,Building_C_Admin,230.54,55.28,0.75,9.558
2026-06-02 12:15:00,Building_C_Admin,224.19,44.93,0.75,7.555
2026-06-02 12:30:00,Building_C_Admin,227.02,48.98,0.75,8.34
2026-06-02 12:45:00,Building_C_Admin,226.81,48.51,0.75,8.252
2026-06-02 13:00:00,Building_C_Admin,234.47,55.69,0.75,9.794
2026-06-02 13:15:00,Building_C_Admin,231.8,45.2,0.75,7.859
2026-06-02 13:30:00,Building_C_Admin,231.89,46.86,0.75,8.15
2026-06-02 13:45:00,Building_C_Admin,229.41,38.32,0.75,6.593
2026-06-02 14:00:00,Building_C_Admin,223.11,48.46,0.75,8.109
2026-06-02 14:15:00,Building_C_Admin,232.64,46.35,0.75,8.087
2026-06-02 14:30:00,Building_C_Admin,231.05,41.47,0.75,7.186
2026-06-02 14:45:00,Building_C_Admin,231.94,47.93,0.75,8.337
2026-06-02 15:00:00,Building_C_Admin,227.56,36.04,0.75,6.15
2026-06-02 15:15:00,Building_C_Admin,230.23,40.22,0.75,6.945
2026-06-02 15:30:00,Building_C_Admin,224.77,36.68,0.75,6.184
2026-06-02 15:45:00,Building_C_Admin,231.23,37.8,0.75,6.556
2026-06-02 16:00:00,Building_C_Admin,231.1,34.64,0.75,6.004
2026-06-02 16:15:00,Building_C_Admin,231.16,29.33,0.75,5.084
2026-06-02 16:30:00,Building_C_Admin,225.05,32.63,0.75,5.508
2026-06-02 16:45:00,Building_C_Admin,225.13,32.17,0.75,5.432
2026-06-02 17:00:00,Building_C_Admin,226.41,27.92,0.781,4.935
2026-06-02 17:15:00,Building_C_Admin,235.93,25.21,0.773,4.597
2026-06-02 17:30:00,Building_C_Admin,228.91,25.06,0.75,4.302
2026-06-02 17:45:00,Building_C_Admin,228.84,19.0,0.801,3.483
2026-06-02 18:00:00,Building_C_Admin,234.65,19.86,0.794,3.698
2026-06-02 18:15:00,Building_C_Admin,227.23,17.43,0.779,3.085
2026-06-02 18:30:00,Building_C_Admin,231.52,17.83,0.846,3.491
2026-06-02 18:45:00,Building_C_Admin,232.29,18.29,0.798,3.389
2026-06-02 19:00:00,Building_C_Admin,224.94,15.95,0.808,2.897
2026-06-02 19:15:00,Building_C_Admin,227.67,19.46,0.772,3.418
2026-06-02 19:30:00,Building_C_Admin,229.47,20.45,0.778,3.651
2026-06-02 19:45:00,Building_C_Admin,229.05,18.04,0.812,3.356
2026-06-02 20:00:00,Building_C_Admin,228.25,16.3,0.824,3.065
2026-06-02 20:15:00,Building_C_Admin,226.87,18.99,0.833,3.588
2026-06-02 20:30:00,Building_C_Admin,225.59,18.99,0.791,3.389
2026-06-02 20:45:00,Building_C_Admin,231.92,17.15,0.832,3.309
2026-06-02 21:00:00,Building_C_Admin,225.84,17.56,0.789,3.13
2026-06-02 21:15:00,Building_C_Admin,230.11,15.35,0.804,2.84
2026-06-02 21:30:00,Building_C_Admin,229.59,17.29,0.794,3.152
2026-06-02 21:45:00,Building_C_Admin,234.13,19.48,0.782,3.564
2026-06-02 22:00:00,Building_C_Admin,232.99,15.52,0.812,2.935
2026-06-02 22:15:00,Building_C_Admin,229.19,17.46,0.815,3.261
2026-06-02 22:30:00,Building_C_Admin,229.83,18.64,0.797,3.416
2026-06-02 22:45:00,Building_C_Admin,225.22,18.59,0.805,3.37
2026-06-02 23:00:00,Building_C_Admin,230.17,17.31,0.841,3.349
2026-06-02 23:15:00,Building_C_Admin,233.56,20.03,0.761,3.559
2026-06-02 23:30:00,Building_C_Admin,231.89,21.32,0.756,3.737
2026-06-02 23:45:00,Building_C_Admin,229.43,16.95,0.811,3.153
2026-06-03 00:00:00,Building_C_Admin,368.64,42.82,0.808,12.757
2026-06-03 00:15:00,Building_C_Admin,377.36,61.97,0.803,18.785
2026-06-03 00:30:00,Building_C_Admin,317.65,51.55,0.809,13.256
2026-06-03 00:45:00,Building_C_Admin,376.67,52.34,0.799,15.743
2026-06-03 01:00:00,Building_C_Admin,336.16,33.03,0.836,9.284
2026-06-03 01:15:00,Building_C_Admin,346.96,53.37,0.847,15.683
2026-06-03 01:30:00,Building_C_Admin,360.62,55.53,0.79,15.81
2026-06-03 01:45:00,Building_C_Admin,322.33,54.04,0.822,14.312
2026-06-03 02:00:00,Building_C_Admin,380.14,61.21,0.82,19.083
2026-06-03 02:15:00,Building_C_Admin,325.74,41.95,0.8,10.926
2026-06-03 02:30:00,Building_C_Admin,376.98,44.91,0.85,14.394
2026-06-03 02:45:00,Building_C_Admin,363.68,56.24,0.809,16.555
2026-06-03 03:00:00,Building_C_Admin,371.84,37.44,0.832,11.581
2026-06-03 03:15:00,Building_C_Admin,346.39,66.09,0.799,18.286
2026-06-03 03:30:00,Building_C_Admin,324.32,38.75,0.845,10.612
2026-06-03 03:45:00,Building_C_Admin,367.74,46.71,0.839,14.419
2026-06-03 04:00:00,Building_C_Admin,328.68,61.22,0.784,15.772
2026-06-03 04:15:00,Building_C_Admin,334.68,44.94,0.807,12.138
2026-06-03 04:30:00,Building_C_Admin,385.1,40.85,0.806,12.678
2026-06-03 04:45:00,Building_C_Admin,389.63,49.21,0.774,14.847
2026-06-03 05:00:00,Building_C_Admin,365.55,41.89,0.812,12.429
2026-06-03 05:15:00,Building_C_Admin,336.68,43.62,0.812,11.931
2026-06-03 05:30:00,Building_C_Admin,317.62,49.09,0.787,12.271
2026-06-03 05:45:00,Building_C_Admin,354.09,56.24,0.839,16.707
2026-06-03 06:00:00,Building_C_Admin,330.42,66.18,0.78,17.066
2026-06-03 06:15:00,Building_C_Admin,374.69,47.81,0.767,13.736
2026-06-03 06:30:00,Building_C_Admin,384.26,58.96,0.787,17.838
2026-06-03 06:45:00,Building_C_Admin,369.36,48.35,0.752,13.436
2026-06-03 07:00:00,Building_C_Admin,342.62,59.99,0.758,15.584
2026-06-03 07:15:00,Building_C_Admin,353.29,61.81,0.761,16.627
2026-06-03 07:30:00,Building_C_Admin,367.95,68.34,0.75,18.859
2026-06-03 07:45:00,Building_C_Admin,379.45,80.26,0.75,22.842
2026-06-03 08:00:00,Building_C_Admin,365.48,84.75,0.75,23.23
2026-06-03 08:15:00,Building_C_Admin,357.03,90.41,0.75,24.21
2026-06-03 08:30:00,Building_C_Admin,369.35,93.87,0.75,26.003
2026-06-03 08:45:00,Building_C_Admin,358.42,84.63,0.75,22.751
2026-06-03 09:00:00,Building_C_Admin,339.28,108.41,0.75,27.587
2026-06-03 09:15:00,Building_C_Admin,345.25,118.19,0.75,30.605
2026-06-03 09:30:00,Building_C_Admin,382.57,112.78,0.75,32.359
2026-06-03 09:45:00,Building_C_Admin,394.99,92.55,0.75,27.417
2026-06-03 10:00:00,Building_C_Admin,357.46,104.9,0.75,28.125
2026-06-03 10:15:00,Building_C_Admin,373.82,98.68,0.75,27.666
2026-06-03 10:30:00,Building_C_Admin,326.55,122.07,0.75,29.898
2026-06-03 10:45:00,Building_C_Admin,323.8,100.65,0.75,24.444
2026-06-03 11:00:00,Building_C_Admin,359.28,102.34,0.75,27.577
2026-06-03 11:15:00,Building_C_Admin,371.72,99.76,0.75,27.813
2026-06-03 11:30:00,Building_C_Admin,321.14,123.94,0.75,29.852
2026-06-03 11:45:00,Building_C_Admin,318.22,106.67,0.75,25.459
2026-06-03 12:00:00,Building_C_Admin,350.34,105.82,0.75,27.805
2026-06-03 12:15:00,Building_C_Admin,325.83,110.8,0.75,27.077
2026-06-03 12:30:00,Building_C_Admin,360.85,102.75,0.75,27.807
2026-06-03 12:45:00,Building_C_Admin,350.75,131.94,0.75,34.707
2026-06-03 13:00:00,Building_C_Admin,347.57,95.34,0.75,24.854
2026-06-03 13:15:00,Building_C_Admin,353.13,87.99,0.75,23.304
2026-06-03 13:30:00,Building_C_Admin,371.46,114.22,0.75,31.82
2026-06-03 13:45:00,Building_C_Admin,330.93,111.93,0.75,27.781
2026-06-03 14:00:00,Building_C_Admin,347.87,113.85,0.75,29.704
2026-06-03 14:15:00,Building_C_Admin,358.77,125.08,0.75,33.655
2026-06-03 14:30:00,Building_C_Admin,375.81,81.54,0.75,22.981
2026-06-03 14:45:00,Building_C_Admin,388.29,74.47,0.75,21.686
2026-06-03 15:00:00,Building_C_Admin,324.63,138.72,0.75,33.775
2026-06-03 15:15:00,Building_C_Admin,343.84,97.36,0.75,25.107
2026-06-03 15:30:00,Building_C_Admin,319.64,71.38,0.75,17.112
2026-06-03 15:45:00,Building_C_Admin,316.64,69.21,0.75,16.437
2026-06-03 16:00:00,Building_C_Admin,350.52,68.27,0.75,17.946
2026-06-03 16:15:00,Building_C_Admin,360.98,67.48,0.75,18.269
2026-06-03 16:30:00,Building_C_Admin,365.54,94.19,0.75,25.823
2026-06-03 16:45:00,Building_C_Admin,376.6,55.15,0.774,16.073
2026-06-03 17:00:00,Building_C_Admin,318.28,74.09,0.75,17.685
2026-06-03 17:15:00,Building_C_Admin,347.88,55.89,0.75,14.582
2026-06-03 17:30:00,Building_C_Admin,370.26,49.92,0.785,14.513
2026-06-03 17:45:00,Building_C_Admin,337.79,51.63,0.804,14.012
2026-06-03 18:00:00,Building_C_Admin,320.91,44.09,0.822,11.637
2026-06-03 18:15:00,Building_C_Admin,317.29,63.84,0.75,15.193
2026-06-03 18:30:00,Building_C_Admin,374.99,47.77,0.784,14.044
2026-06-03 18:45:00,Building_C_Admin,318.89,50.17,0.775,12.405
2026-06-03 19:00:00,Building_C_Admin,362.41,38.56,0.813,11.368
2026-06-03 19:15:00,Building_C_Admin,360.85,48.87,0.837,14.752
2026-06-03 19:30:00,Building_C_Admin,381.53,71.48,0.792,21.598
2026-06-03 19:45:00,Building_C_Admin,372.74,49.86,0.804,14.944
2026-06-03 20:00:00,Building_C_Admin,329.95,38.4,0.847,10.725
2026-06-03 20:15:00,Building_C_Admin,366.48,40.67,0.807,12.022
2026-06-03 20:30:00,Building_C_Admin,380.31,38.29,0.78,11.355
2026-06-03 20:45:00,Building_C_Admin,397.12,35.81,0.833,11.848
2026-06-03 21:00:00,Building_C_Admin,339.52,28.92,0.84,8.25
2026-06-03 21:15:00,Building_C_Admin,381.26,50.2,0.796,15.234
2026-06-03 21:30:00,Building_C_Admin,365.63,40.69,0.779,11.584
2026-06-03 21:45:00,Building_C_Admin,315.71,42.94,0.819,11.099
2026-06-03 22:00:00,Building_C_Admin,335.04,66.53,0.771,17.189
2026-06-03 22:15:00,Building_C_Admin,381.59,67.29,0.809,20.76
2026-06-03 22:30:00,Building_C_Admin,325.19,56.14,0.797,14.554
2026-06-03 22:45:00,Building_C_Admin,359.93,44.28,0.772,12.306
2026-06-03 23:00:00,Building_C_Admin,340.74,57.4,0.785,15.359
2026-06-03 23:15:00,Building_C_Admin,343.74,54.43,0.798,14.926
2026-06-03 23:30:00,Building_C_Admin,385.51,54.84,0.796,16.832
2026-06-03 23:45:00,Building_C_Admin,351.91,42.47,0.797,11.916
2026-06-04 00:00:00,Building_C_Admin,322.41,51.11,0.79,13.018
2026-06-04 00:15:00,Building_C_Admin,379.48,36.69,0.824,11.465
2026-06-04 00:30:00,Building_C_Admin,352.09,53.3,0.774,14.529
2026-06-04 00:45:00,Building_C_Admin,369.64,39.05,0.796,11.488
2026-06-04 01:00:00,Building_C_Admin,375.95,34.71,0.82,10.7
2026-06-04 01:15:00,Building_C_Admin,325.1,42.27,0.778,10.688
2026-06-04 01:30:00,Building_C_Admin,316.36,47.89,0.804,12.178
2026-06-04 01:45:00,Building_C_Admin,323.25,37.27,0.824,9.929
2026-06-04 02:00:00,Building_C_Admin,357.25,36.62,0.831,10.873
2026-06-04 02:15:00,Building_C_Admin,359.94,76.85,0.81,22.398
2026-06-04 02:30:00,Building_C_Admin,346.84,43.12,0.846,12.651
2026-06-04 02:45:00,Building_C_Admin,314.91,55.57,0.812,14.201
2026-06-04 03:00:00,Building_C_Admin,327.6,44.55,0.808,11.79
2026-06-04 03:15:00,Building_C_Admin,358.56,36.52,0.856,11.212
2026-06-04 03:30:00,Building_C_Admin,371.42,48.83,0.812,14.726
2026-06-04 03:45:00,Building_C_Admin,368.61,40.55,0.796,11.892
2026-06-04 04:00:00,Building_C_Admin,311.06,59.59,0.771,14.29
2026-06-04 04:15:00,Building_C_Admin,356.51,52.81,0.846,15.926
2026-06-04 04:30:00,Building_C_Admin,354.19,36.79,0.825,10.745
2026-06-04 04:45:00,Building_C_Admin,364.81,33.81,0.821,10.13
2026-06-04 05:00:00,Building_C_Admin,350.02,48.47,0.793,13.458
2026-06-04 05:15:00,Building_C_Admin,322.99,48.59,0.808,12.687
2026-06-04 05:30:00,Building_C_Admin,390.72,39.18,0.82,12.552
2026-06-04 05:45:00,Building_C_Admin,358.06,46.66,0.803,13.418
2026-06-04 06:00:00,Building_C_Admin,376.58,43.48,0.796,13.033
2026-06-04 06:15:00,Building_C_Admin,368.24,65.22,0.802,19.27
2026-06-04 06:30:00,Building_C_Admin,359.99,75.28,0.808,21.897
2026-06-04 06:45:00,Building_C_Admin,323.2,85.14,0.75,20.639
2026-06-04 07:00:00,Building_C_Admin,345.44,69.34,0.75,17.964
2026-06-04 07:15:00,Building_C_Admin,385.25,68.29,0.762,20.035
2026-06-04 07:30:00,Building_C_Admin,368.48,54.0,0.802,15.953
2026-06-04 07:45:00,Building_C_Admin,329.43,58.66,0.75,14.494
2026-06-04 08:00:00,Building_C_Admin,325.23,91.01,0.75,22.2
2026-06-04 08:15:00,Building_C_Admin,366.12,75.94,0.75,20.852
2026-06-04 08:30:00,Building_C_Admin,343.24,91.6,0.75,23.58
2026-06-04 08:45:00,Building_C_Admin,380.44,68.85,0.75,19.644
2026-06-04 09:00:00,Building_C_Admin,321.26,84.22,0.75,20.291
2026-06-04 09:15:00,Building_C_Admin,330.16,91.29,0.75,22.605
2026-06-04 09:30:00,Building_C_Admin,332.83,86.31,0.75,21.546
2026-06-04 09:45:00,Building_C_Admin,379.7,98.64,0.75,28.09
2026-06-04 10:00:00,Building_C_Admin,376.95,82.36,0.75,23.284
2026-06-04 10:15:00,Building_C_Admin,363.83,112.57,0.75,30.718
2026-06-04 10:30:00,Building_C_Admin,342.97,105.88,0.75,27.234
2026-06-04 10:45:00,Building_C_Admin,343.14,142.04,0.75,36.554
2026-06-04 11:00:00,Building_C_Admin,348.03,105.88,0.75,27.636
2026-06-04 11:15:00,Building_C_Admin,354.78,164.84,0.75,43.861
2026-06-04 11:30:00,Building_C_Admin,335.27,109.12,0.75,27.439
2026-06-04 11:45:00,Building_C_Admin,333.09,120.48,0.75,30.098
2026-06-04 12:00:00,Building_C_Admin,372.86,111.1,0.75,31.068
2026-06-04 12:15:00,Building_C_Admin,332.02,122.96,0.75,30.619
2026-06-04 12:30:00,Building_C_Admin,357.36,138.04,0.75,36.998
2026-06-04 12:45:00,Building_C_Admin,360.55,100.96,0.75,27.302
2026-06-04 13:00:00,Building_C_Admin,337.21,112.12,0.75,28.357
2026-06-04 13:15:00,Building_C_Admin,349.77,136.01,0.75,35.678
2026-06-04 13:30:00,Building_C_Admin,373.89,115.12,0.75,32.28
2026-06-04 13:45:00,Building_C_Admin,348.5,130.71,0.75,34.165
2026-06-04 14:00:00,Building_C_Admin,348.21,114.44,0.75,29.887
2026-06-04 14:15:00,Building_C_Admin,335.36,104.34,0.75,26.243
2026-06-04 14:30:00,Building_C_Admin,351.61,131.37,0.75,34.643
2026-06-04 14:45:00,Building_C_Admin,341.15,76.13,0.75,19.478
2026-06-04 15:00:00,Building_C_Admin,304.66,91.12,0.75,20.82
2026-06-04 15:15:00,Building_C_Admin,378.86,91.48,0.75,25.995
2026-06-04 15:30:00,Building_C_Admin,343.49,84.26,0.75,21.706
2026-06-04 15:45:00,Building_C_Admin,365.79,96.54,0.75,26.486
2026-06-04 16:00:00,Building_C_Admin,350.81,76.45,0.769,20.612
2026-06-04 16:15:00,Building_C_Admin,319.98,76.5,0.75,18.359
2026-06-04 16:30:00,Building_C_Admin,361.72,82.0,0.75,22.245
2026-06-04 16:45:00,Building_C_Admin,363.82,56.84,0.76,15.709
2026-06-04 17:00:00,Building_C_Admin,344.45,51.5,0.769,13.64
2026-06-04 17:15:00,Building_C_Admin,394.58,51.66,0.777,15.834
2026-06-04 17:30:00,Building_C_Admin,331.13,55.97,0.797,14.769
2026-06-04 17:45:00,Building_C_Admin,347.24,57.12,0.772,15.309
2026-06-04 18:00:00,Building_C_Admin,361.21,42.71,0.811,12.505
2026-06-04 18:15:00,Building_C_Admin,369.14,37.01,0.81,11.07
2026-06-04 18:30:00,Building_C_Admin,343.24,48.03,0.826,13.623
2026-06-04 18:45:00,Building_C_Admin,365.3,50.4,0.794,14.62
2026-06-04 19:00:00,Building_C_Admin,332.11,48.91,0.815,13.231
2026-06-04 19:15:00,Building_C_Admin,354.39,37.94,0.785,10.554
2026-06-04 19:30:00,Building_C_Admin,358.02,38.49,0.792,10.913
2026-06-04 19:45:00,Building_C_Admin,339.63,41.3,0.802,11.254
2026-06-04 20:00:00,Building_C_Admin,370.71,-49.33,0.829,-15.151
2026-06-04 20:15:00,Building_C_Admin,312.32,51.96,0.833,13.513
2026-06-04 20:30:00,Building_C_Admin,311.27,61.02,0.794,15.087
2026-06-04 20:45:00,Building_C_Admin,376.29,52.98,0.761,15.172
2026-06-04 21:00:00,Building_C_Admin,324.13,53.0,0.813,13.964
2026-06-04 21:15:00,Building_C_Admin,381.48,50.2,0.825,15.802
2026-06-04 21:30:00,Building_C_Admin,325.33,35.69,0.842,9.775
2026-06-04 21:45:00,Building_C_Admin,316.28,54.78,0.842,14.586
2026-06-04 22:00:00,Building_C_Admin,326.95,57.77,0.786,14.853
2026-06-04 22:15:00,Building_C_Admin,379.51,37.94,0.836,12.031
2026-06-04 22:30:00,Building_C_Admin,372.9,47.69,0.805,14.309
2026-06-04 22:45:00,Building_C_Admin,393.92,46.71,0.805,14.811
2026-06-04 23:00:00,Building_C_Admin,315.66,67.64,0.818,17.465
2026-06-04 23:15:00,Building_C_Admin,336.82,37.39,0.845,10.643
2026-06-04 23:30:00,Building_C_Admin,348.53,48.86,0.788,13.418
2026-06-04 23:45:00,Building_C_Admin,309.41,43.84,0.839,11.379
2026-06-05 00:00:00,Building_C_Admin,359.58,49.88,0.771,13.832
2026-06-05 00:15:00,Building_C_Admin,375.61,39.63,0.798,11.875
2026-06-05 00:30:00,Building_C_Admin,323.65,45.85,0.79,11.725
2026-06-05 00:45:00,Building_C_Admin,385.4,46.41,0.819,14.646
2026-06-05 01:00:00,Building_C_Admin,309.31,44.04,0.791,10.781
2026-06-05 01:15:00,Building_C_Admin,344.25,40.52,0.796,11.104
2026-06-05 01:30:00,Building_C_Admin,354.37,41.55,0.821,12.088
2026-06-05 01:45:00,Building_C_Admin,343.29,48.19,0.807,13.354
2026-06-05 02:00:00,Building_C_Admin,345.62,38.79,0.827,11.092
2026-06-05 02:15:00,Building_C_Admin,384.59,35.18,0.794,10.751
2026-06-05 02:30:00,Building_C_Admin,355.37,36.01,0.846,10.823
2026-06-05 02:45:00,Building_C_Admin,332.94,51.17,0.801,13.643
2026-06-05 03:00:00,Building_C_Admin,371.04,44.82,0.827,13.751
2026-06-05 03:15:00,Building_C_Admin,377.0,40.94,0.809,12.489
2026-06-05 03:30:00,Building_C_Admin,340.85,39.78,0.793,10.749
2026-06-05 03:45:00,Building_C_Admin,333.57,60.54,0.766,15.474
2026-06-05 04:00:00,Building_C_Admin,362.84,43.13,0.75,11.738
2026-06-05 04:15:00,Building_C_Admin,363.2,46.37,0.793,13.35
2026-06-05 04:30:00,Building_C_Admin,388.81,44.72,0.835,14.512
2026-06-05 04:45:00,Building_C_Admin,358.85,34.47,0.809,10.008
2026-06-05 05:00:00,Building_C_Admin,319.71,35.57,0.819,9.314
2026-06-05 05:15:00,Building_C_Admin,360.26,51.34,0.8,14.789
2026-06-05 05:30:00,Building_C_Admin,322.97,45.12,0.818,11.915
2026-06-05 05:45:00,Building_C_Admin,317.93,46.07,0.775,11.354
2026-06-05 06:00:00,Building_C_Admin,379.61,45.33,0.816,14.041
2026-06-05 06:15:00,Building_C_Admin,321.3,45.13,0.784,11.365
2026-06-05 06:30:00,Building_C_Admin,342.5,63.84,0.762,16.662
2026-06-05 06:45:00,Building_C_Admin,331.97,72.11,0.75,17.953
2026-06-05 07:00:00,Building_C_Admin,315.13,85.3,0.773,20.779
2026-06-05 07:15:00,Building_C_Admin,340.6,59.23,0.839,16.933
2026-06-05 07:30:00,Building_C_Admin,332.52,72.4,0.766,18.438
2026-06-05 07:45:00,Building_C_Admin,332.78,87.12,0.75,21.743
2026-06-05 08:00:00,Building_C_Admin,354.08,73.06,0.75,19.401
2026-06-05 08:15:00,Building_C_Admin,382.68,100.31,0.75,28.789
2026-06-05 08:30:00,Building_C_Admin,356.59,97.43,0.75,26.057
2026-06-05 08:45:00,Building_C_Admin,359.52,74.59,0.75,20.113
2026-06-05 09:00:00,Building_C_Admin,363.01,76.92,0.75,20.942
2026-06-05 09:15:00,Building_C_Admin,385.72,92.07,0.75,26.635
2026-06-05 09:30:00,Building_C_Admin,311.47,90.28,0.75,21.09
2026-06-05 09:45:00,Building_C_Admin,370.94,115.9,0.75,32.245
2026-06-05 10:00:00,Building_C_Admin,344.92,101.6,0.75,26.284
2026-06-05 10:15:00,Building_C_Admin,358.46,92.6,0.75,24.896
2026-06-05 10:30:00,Building_C_Admin,381.72,127.05,0.75,36.374
2026-06-05 10:45:00,Building_C_Admin,329.69,142.9,0.75,35.334
2026-06-05 11:00:00,Building_C_Admin,352.29,118.56,0.75,31.327
2026-06-05 11:15:00,Building_C_Admin,336.26,114.42,0.75,28.856
2026-06-05 11:30:00,Building_C_Admin,315.84,111.77,0.75,26.476
2026-06-05 11:45:00,Building_C_Admin,379.73,118.94,0.75,33.875
2026-06-05 12:00:00,Building_C_Admin,324.65,89.64,0.75,21.826
2026-06-05 12:15:00,Building_C_Admin,358.83,132.02,0.75,35.531
2026-06-05 12:30:00,Building_C_Admin,318.21,123.41,0.75,29.452
2026-06-05 12:45:00,Building_C_Admin,319.19,123.38,0.75,29.537
2026-06-05 13:00:00,Building_C_Admin,341.32,105.8,0.75,27.084
2026-06-05 13:15:00,Building_C_Admin,371.95,113.72,0.75,31.723
2026-06-05 13:30:00,Building_C_Admin,336.89,120.25,0.75,30.384
2026-06-05 13:45:00,Building_C_Admin,321.93,101.58,0.75,24.528
2026-06-05 14:00:00,Building_C_Admin,380.61,128.94,0.75,36.807
2026-06-05 14:15:00,Building_C_Admin,335.89,85.83,0.75,21.623
2026-06-05 14:30:00,Building_C_Admin,313.92,100.27,0.75,23.607
2026-06-05 14:45:00,Building_C_Admin,353.27,77.31,0.75,20.484
2026-06-05 15:00:00,Building_C_Admin,321.87,112.79,0.75,27.228
2026-06-05 15:15:00,Building_C_Admin,347.18,112.09,0.75,29.186
2026-06-05 15:30:00,Building_C_Admin,323.87,104.03,0.75,25.27
2026-06-05 15:45:00,Building_C_Admin,353.9,79.63,0.75,21.136
2026-06-05 16:00:00,Building_C_Admin,385.27,89.72,0.75,25.926
2026-06-05 16:15:00,Building_C_Admin,381.39,87.74,0.75,25.097
2026-06-05 16:30:00,Building_C_Admin,343.07,91.75,0.75,23.608
2026-06-05 16:45:00,Building_C_Admin,374.34,88.9,0.755,25.119
2026-06-05 17:00:00,Building_C_Admin,369.31,70.63,0.75,19.563
2026-06-05 17:15:00,Building_C_Admin,390.95,53.27,0.757,15.776
2026-06-05 17:30:00,Building_C_Admin,371.72,63.14,0.767,18.006
2026-06-05 17:45:00,Building_C_Admin,384.77,50.08,0.837,16.127
2026-06-05 18:00:00,Building_C_Admin,376.2,83.77,0.818,25.788
2026-06-05 18:15:00,Building_C_Admin,364.44,64.3,0.817,19.137
2026-06-05 18:30:00,Building_C_Admin,321.82,42.67,0.779,10.694
2026-06-05 18:45:00,Building_C_Admin,339.5,51.52,0.807,14.112
2026-06-05 19:00:00,Building_C_Admin,315.1,47.25,0.807,12.011
2026-06-05 19:15:00,Building_C_Admin,382.07,47.14,0.855,15.395
2026-06-05 19:30:00,Building_C_Admin,364.93,55.56,0.806,16.349
2026-06-05 19:45:00,Building_C_Admin,383.22,64.17,0.799,19.658
2026-06-05 20:00:00,Building_C_Admin,336.82,38.5,0.832,10.784
2026-06-05 20:15:00,Building_C_Admin,373.28,46.19,0.792,13.652
2026-06-05 20:30:00,Building_C_Admin,337.06,40.98,0.812,11.223
2026-06-05 20:45:00,Building_C_Admin,321.18,61.0,0.782,15.312
2026-06-05 21:00:00,Building_C_Admin,325.8,42.07,0.779,10.684
2026-06-05 21:15:00,Building_C_Admin,338.88,38.78,0.802,10.536
2026-06-05 21:30:00,Building_C_Admin,366.52,40.63,0.801,11.936
2026-06-05 21:45:00,Building_C_Admin,385.52,42.35,0.797,13.016
2026-06-05 22:00:00,Building_C_Admin,344.73,46.97,0.8,12.953
2026-06-05 22:15:00,Building_C_Admin,342.58,46.81,0.82,13.15
2026-06-05 22:30:00,Building_C_Admin,324.05,54.96,0.799,14.237
2026-06-05 22:45:00,Building_C_Admin,348.49,40.8,0.835,11.874
2026-06-05 23:00:00,Building_C_Admin,351.88,52.93,0.835,15.545
2026-06-05 23:15:00,Building_C_Admin,323.13,40.25,0.832,10.826
2026-06-05 23:30:00,Building_C_Admin,359.54,48.95,0.835,14.698
2026-06-05 23:45:00,Building_C_Admin,344.09,57.35,0.803,15.851
2026-06-06 00:00:00,Building_C_Admin,348.59,46.64,0.825,13.411
2026-06-06 00:15:00,Building_C_Admin,312.24,61.03,0.824,15.693
2026-06-06 00:30:00,Building_C_Admin,371.6,65.26,0.819,19.868
2026-06-06 00:45:00,Building_C_Admin,315.48,44.25,0.813,11.354
2026-06-06 01:00:00,Building_C_Admin,320.79,35.9,0.813,9.361
2026-06-06 01:15:00,Building_C_Admin,331.36,39.89,0.825,10.902
2026-06-06 01:30:00,Building_C_Admin,319.08,47.58,0.774,11.752
2026-06-06 01:45:00,Building_C_Admin,376.35,38.14,0.798,11.461
2026-06-06 02:00:00,Building_C_Admin,349.35,41.4,0.783,11.329
2026-06-06 02:15:00,Building_C_Admin,353.67,70.83,0.8,20.045
2026-06-06 02:30:00,Building_C_Admin,369.87,46.76,0.787,13.615
2026-06-06 02:45:00,Building_C_Admin,318.0,47.76,0.79,11.991
2026-06-06 03:00:00,Building_C_Admin,375.7,40.54,0.847,12.904
2026-06-06 03:15:00,Building_C_Admin,356.1,67.13,0.806,19.276
2026-06-06 03:30:00,Building_C_Admin,337.15,39.47,0.777,10.34
2026-06-06 03:45:00,Building_C_Admin,344.02,53.88,0.812,15.046
2026-06-06 04:00:00,Building_C_Admin,368.26,53.7,0.783,15.486
2026-06-06 04:15:00,Building_C_Admin,359.18,46.31,0.796,13.232
2026-06-06 04:30:00,Building_C_Admin,353.43,43.85,0.76,11.78
2026-06-06 04:45:00,Building_C_Admin,349.16,46.73,0.844,13.776
2026-06-06 05:00:00,Building_C_Admin,391.32,59.42,0.82,19.064
2026-06-06 05:15:00,Building_C_Admin,337.33,32.63,0.839,9.231
2026-06-06 05:30:00,Building_C_Admin,353.46,32.76,0.816,9.454
2026-06-06 05:45:00,Building_C_Admin,352.11,35.54,0.818,10.237
2026-06-06 06:00:00,Building_C_Admin,372.96,52.68,0.819,16.083
2026-06-06 06:15:00,Building_C_Admin,318.36,62.47,0.814,16.18
2026-06-06 06:30:00,Building_C_Admin,382.49,50.58,0.804,15.548
2026-06-06 06:45:00,Building_C_Admin,365.68,46.61,0.81,13.81
2026-06-06 07:00:00,Building_C_Admin,370.57,51.22,0.797,15.119
2026-06-06 07:15:00,Building_C_Admin,310.28,77.96,0.754,18.233
2026-06-06 07:30:00,Building_C_Admin,382.67,62.32,0.769,18.331
2026-06-06 07:45:00,Building_C_Admin,318.81,61.62,0.752,14.783
2026-06-06 08:00:00,Building_C_Admin,381.99,49.84,0.791,15.059
2026-06-06 08:15:00,Building_C_Admin,367.2,60.33,0.787,17.428
2026-06-06 08:30:00,Building_C_Admin,385.17,74.65,0.765,22.005
2026-06-06 08:45:00,Building_C_Admin,329.19,76.23,0.765,19.205
2026-06-06 09:00:00,Building_C_Admin,309.04,54.68,0.75,12.675
2026-06-06 09:15:00,Building_C_Admin,374.69,53.35,0.793,15.857
2026-06-06 09:30:00,Building_C_Admin,381.39,65.02,0.759,18.828
2026-06-06 09:45:00,Building_C_Admin,306.33,86.27,0.75,19.83
2026-06-06 10:00:00,Building_C_Admin,352.91,59.27,0.767,16.041
2026-06-06 10:15:00,Building_C_Admin,358.35,57.86,0.787,16.314
2026-06-06 10:30:00,Building_C_Admin,327.68,55.72,0.75,13.694
2026-06-06 10:45:00,Building_C_Admin,329.92,65.74,0.75,16.267
2026-06-06 11:00:00,Building_C_Admin,330.86,52.05,0.764,13.156
2026-06-06 11:15:00,Building_C_Admin,373.22,55.83,0.75,15.629
2026-06-06 11:30:00,Building_C_Admin,323.81,96.88,0.75,23.528
2026-06-06 11:45:00,Building_C_Admin,350.28,68.41,0.763,18.283
2026-06-06 12:00:00,Building_C_Admin,333.89,69.97,0.75,17.522
2026-06-06 12:15:00,Building_C_Admin,321.93,68.08,0.75,16.438
2026-06-06 12:30:00,Building_C_Admin,361.67,73.72,0.775,20.659
2026-06-06 12:45:00,Building_C_Admin,364.73,69.55,0.75,19.026
2026-06-06 13:00:00,Building_C_Admin,356.02,49.64,0.761,13.456
2026-06-06 13:15:00,Building_C_Admin,359.16,65.41,0.75,17.619
2026-06-06 13:30:00,Building_C_Admin,353.68,54.65,0.784,15.163
2026-06-06 13:45:00,Building_C_Admin,352.96,59.92,0.805,17.036
2026-06-06 14:00:00,Building_C_Admin,314.57,52.98,0.75,12.499
2026-06-06 14:15:00,Building_C_Admin,375.97,82.82,0.75,23.353
2026-06-06 14:30:00,Building_C_Admin,333.21,66.25,0.794,17.529
2026-06-06 14:45:00,Building_C_Admin,321.31,61.12,0.75,14.73
2026-06-06 15:00:00,Building_C_Admin,362.01,80.47,0.792,23.082
2026-06-06 15:15:00,Building_C_Admin,389.28,57.5,0.765,17.126
2026-06-06 15:30:00,Building_C_Admin,330.17,58.36,0.808,15.57
2026-06-06 15:45:00,Building_C_Admin,380.7,83.61,0.762,24.253
2026-06-06 16:00:00,Building_C_Admin,382.95,66.89,0.781,20.011
2026-06-06 16:15:00,Building_C_Admin,327.49,68.67,0.761,17.12
2026-06-06 16:30:00,Building_C_Admin,308.12,48.75,0.804,12.083
2026-06-06 16:45:00,Building_C_Admin,312.08,59.4,0.816,15.133
2026-06-06 17:00:00,Building_C_Admin,382.82,49.3,0.818,15.445
2026-06-06 17:15:00,Building_C_Admin,369.2,40.79,0.797,11.998
2026-06-06 17:30:00,Building_C_Admin,335.53,44.96,0.756,11.399
2026-06-06 17:45:00,Building_C_Admin,323.97,58.23,0.811,15.302
2026-06-06 18:00:00,Building_C_Admin,369.55,41.98,0.859,13.33
2026-06-06 18:15:00,Building_C_Admin,348.52,50.39,0.808,14.196
2026-06-06 18:30:00,Building_C_Admin,397.61,41.08,0.783,12.796
2026-06-06 18:45:00,Building_C_Admin,314.08,42.84,0.829,11.155
2026-06-06 19:00:00,Building_C_Admin,418.46,44.4,0.771,14.323
2026-06-06 19:15:00,Building_C_Admin,367.21,43.74,0.801,12.868
2026-06-06 19:30:00,Building_C_Admin,348.36,46.77,0.806,13.138
2026-06-06 19:45:00,Building_C_Admin,337.9,52.28,0.8,14.14
2026-06-06 20:00:00,Building_C_Admin,380.94,64.8,0.773,19.081
2026-06-06 20:15:00,Building_C_Admin,371.58,37.58,0.821,11.463
2026-06-06 20:30:00,Building_C_Admin,320.98,52.82,0.781,13.238
2026-06-06 20:45:00,Building_C_Admin,315.56,47.98,0.825,12.49
2026-06-06 21:00:00,Building_C_Admin,378.9,36.37,0.802,11.046
2026-06-06 21:15:00,Building_C_Admin,382.24,74.09,0.849,24.051
2026-06-06 21:30:00,Building_C_Admin,373.23,41.48,0.815,12.617
2026-06-06 21:45:00,Building_C_Admin,352.92,59.04,0.814,16.968
2026-06-06 22:00:00,Building_C_Admin,358.21,53.76,0.799,15.378
2026-06-06 22:15:00,Building_C_Admin,370.99,54.91,0.797,16.236
2026-06-06 22:30:00,Building_C_Admin,344.81,45.11,0.809,12.576
2026-06-06 22:45:00,Building_C_Admin,371.63,39.92,0.813,12.061
2026-06-06 23:00:00,Building_C_Admin,351.44,38.72,0.781,10.626
2026-06-06 23:15:00,Building_C_Admin,324.41,36.65,0.844,10.035
2026-06-06 23:30:00,Building_C_Admin,378.3,37.85,0.814,11.654
2026-06-06 23:45:00,Building_C_Admin,352.48,40.0,0.779,10.989
2026-06-07 00:00:00,Building_C_Admin,340.32,43.57,0.755,11.197
2026-06-07 00:15:00,Building_C_Admin,378.64,56.7,0.789,16.932
2026-06-07 00:30:00,Building_C_Admin,359.08,42.32,0.796,12.091
2026-06-07 00:45:00,Building_C_Admin,392.99,43.09,0.822,13.911
2026-06-07 01:00:00,Building_C_Admin,324.72,48.58,0.798,12.595
2026-06-07 01:15:00,Building_C_Admin,338.46,58.58,0.826,16.379
2026-06-07 01:30:00,Building_C_Admin,322.98,40.48,0.826,10.803
2026-06-07 01:45:00,Building_C_Admin,309.62,50.27,0.81,12.61
2026-06-07 02:00:00,Building_C_Admin,363.67,55.26,0.776,15.601
2026-06-07 02:15:00,Building_C_Admin,390.08,32.22,0.793,9.961
2026-06-07 02:30:00,Building_C_Admin,371.68,81.76,0.82,24.929
2026-06-07 02:45:00,Building_C_Admin,329.11,49.89,0.796,13.062
2026-06-07 03:00:00,Building_C_Admin,362.01,43.47,0.812,12.777
2026-06-07 03:15:00,Building_C_Admin,367.07,29.67,0.817,8.902
2026-06-07 03:30:00,Building_C_Admin,314.31,61.71,0.817,15.837
2026-06-07 03:45:00,Building_C_Admin,368.85,46.11,0.831,14.135
2026-06-07 04:00:00,Building_C_Admin,311.24,53.07,0.827,13.657
2026-06-07 04:15:00,Building_C_Admin,371.6,38.77,0.809,11.655
2026-06-07 04:30:00,Building_C_Admin,344.47,62.68,0.818,17.66
2026-06-07 04:45:00,Building_C_Admin,366.56,53.14,0.791,15.415
2026-06-07 05:00:00,Building_C_Admin,340.5,46.08,0.791,12.412
2026-06-07 05:15:00,Building_C_Admin,322.63,42.94,0.771,10.676
2026-06-07 05:30:00,Building_C_Admin,340.32,42.77,0.8,11.646
2026-06-07 05:45:00,Building_C_Admin,339.49,34.33,0.801,9.335
2026-06-07 06:00:00,Building_C_Admin,326.88,45.71,0.808,12.08
2026-06-07 06:15:00,Building_C_Admin,387.97,49.67,0.822,15.843
2026-06-07 06:30:00,Building_C_Admin,342.88,61.68,0.796,16.831
2026-06-07 06:45:00,Building_C_Admin,392.62,50.75,0.782,15.574
2026-06-07 07:00:00,Building_C_Admin,384.87,66.16,0.818,20.834
2026-06-07 07:15:00,Building_C_Admin,379.57,45.23,0.815,13.999
2026-06-07 07:30:00,Building_C_Admin,349.08,92.73,0.785,25.415
2026-06-07 07:45:00,Building_C_Admin,373.78,61.2,0.822,18.805
2026-06-07 08:00:00,Building_C_Admin,345.42,65.1,0.75,16.865
2026-06-07 08:15:00,Building_C_Admin,382.29,54.22,0.759,15.736
2026-06-07 08:30:00,Building_C_Admin,366.22,48.44,0.77,13.652
2026-06-07 08:45:00,Building_C_Admin,342.28,59.19,0.75,15.195
2026-06-07 09:00:00,Building_C_Admin,373.94,66.9,0.806,20.153
2026-06-07 09:15:00,Building_C_Admin,336.16,54.55,0.76,13.934
2026-06-07 09:30:00,Building_C_Admin,359.81,66.46,0.773,18.487
2026-06-07 09:45:00,Building_C_Admin,394.98,48.38,0.787,15.045
2026-06-07 10:00:00,Building_C_Admin,336.48,79.57,0.783,20.96
2026-06-07 10:15:00,Building_C_Admin,322.78,65.54,0.75,15.866
2026-06-07 10:30:00,Building_C_Admin,339.62,68.49,0.75,17.446
2026-06-07 10:45:00,Building_C_Admin,391.65,89.47,0.75,26.282
2026-06-07 11:00:00,Building_C_Admin,387.09,68.87,0.75,19.995
2026-06-07 11:15:00,Building_C_Admin,346.57,77.82,0.75,20.226
2026-06-07 11:30:00,Building_C_Admin,318.36,62.57,0.75,14.939
2026-06-07 11:45:00,Building_C_Admin,335.8,103.92,0.75,26.173
2026-06-07 12:00:00,Building_C_Admin,392.25,61.73,0.75,18.159
2026-06-07 12:15:00,Building_C_Admin,356.26,66.34,0.754,17.827
2026-06-07 12:30:00,Building_C_Admin,402.03,77.1,0.75,23.247
2026-06-07 12:45:00,Building_C_Admin,348.84,61.69,0.771,16.6
2026-06-07 13:00:00,Building_C_Admin,363.22,57.06,0.75,15.545
2026-06-07 13:15:00,Building_C_Admin,323.65,68.82,0.75,16.706
2026-06-07 13:30:00,Building_C_Admin,382.7,72.99,0.793,22.144
2026-06-07 13:45:00,Building_C_Admin,370.0,63.33,0.779,18.251
2026-06-07 14:00:00,Building_C_Admin,307.47,82.7,0.766,19.479
2026-06-07 14:15:00,Building_C_Admin,380.55,72.33,0.771,21.226
2026-06-07 14:30:00,Building_C_Admin,314.01,107.86,0.758,25.684
2026-06-07 14:45:00,Building_C_Admin,314.35,53.8,0.757,12.804
2026-06-07 15:00:00,Building_C_Admin,361.96,63.34,0.75,17.194
2026-06-07 15:15:00,Building_C_Admin,339.6,67.03,0.765,17.41
2026-06-07 15:30:00,Building_C_Admin,349.01,65.2,0.78,17.747
2026-06-07 15:45:00,Building_C_Admin,341.04,53.74,0.792,14.52
2026-06-07 16:00:00,Building_C_Admin,312.7,68.17,0.77,16.42
2026-06-07 16:15:00,Building_C_Admin,382.62,61.1,0.806,18.836
2026-06-07 16:30:00,Building_C_Admin,347.11,49.48,0.775,13.305
2026-06-07 16:45:00,Building_C_Admin,323.16,45.89,0.76,11.269
2026-06-07 17:00:00,Building_C_Admin,338.55,47.84,0.786,12.736
2026-06-07 17:15:00,Building_C_Admin,334.4,52.57,0.784,13.776
2026-06-07 17:30:00,Building_C_Admin,315.52,39.57,0.809,10.099
2026-06-07 17:45:00,Building_C_Admin,352.74,75.17,0.825,21.869
2026-06-07 18:00:00,Building_C_Admin,328.67,50.51,0.789,13.092
2026-06-07 18:15:00,Building_C_Admin,314.11,43.37,0.795,10.826
2026-06-07 18:30:00,Building_C_Admin,356.78,38.16,0.805,10.958
2026-06-07 18:45:00,Building_C_Admin,328.36,126.16,0.765,31.672
2026-06-07 19:00:00,Building_C_Admin,374.35,51.69,0.847,16.387
2026-06-07 19:15:00,Building_C_Admin,381.28,95.6,0.772,28.137
2026-06-07 19:30:00,Building_C_Admin,334.58,36.72,0.85,10.444
2026-06-07 19:45:00,Building_C_Admin,377.06,51.79,0.854,16.684
2026-06-07 20:00:00,Building_C_Admin,348.29,57.27,0.794,15.846
2026-06-07 20:15:00,Building_C_Admin,354.7,47.07,0.808,13.483
2026-06-07 20:30:00,Building_C_Admin,329.16,60.33,0.808,16.04
2026-06-07 20:45:00,Building_C_Admin,327.05,40.8,0.79,10.542
2026-06-07 21:00:00,Building_C_Admin,363.76,56.2,0.803,16.418
2026-06-07 21:15:00,Building_C_Admin,364.26,59.74,0.788,17.15
2026-06-07 21:30:00,Building_C_Admin,385.33,45.28,0.801,13.976
2026-06-07 21:45:00,Building_C_Admin,331.25,34.45,0.811,9.258
2026-06-07 22:00:00,Building_C_Admin,367.98,40.94,0.813,12.241
2026-06-07 22:15:00,Building_C_Admin,367.67,52.08,0.807,15.444
2026-06-07 22:30:00,Building_C_Admin,345.04,36.18,0.827,10.317
2026-06-07 22:45:00,Building_C_Admin,385.57,58.69,0.804,18.192
2026-06-07 23:00:00,Building_C_Admin,337.88,60.72,0.798,16.378
2026-06-07 23:15:00,Building_C_Admin,320.69,35.33,0.8,9.061
2026-06-07 23:30:00,Building_C_Admin,375.73,66.61,0.769,19.252
2026-06-07 23:45:00,Building_C_Admin,314.44,39.69,0.785,9.791
2026-06-08 00:00:00,Building_C_Admin,228.19,14.51,0.838,2.775
2026-06-08 00:15:00,Building_C_Admin,226.58,16.48,0.852,3.183
2026-06-08 00:30:00,Building_C_Admin,230.0,19.43,0.773,3.453
2026-06-08 00:45:00,Building_C_Admin,226.03,17.79,0.791,3.18
2026-06-08 01:00:00,Building_C_Admin,225.42,18.2,0.794,3.257
2026-06-08 01:15:00,Building_C_Admin,231.0,20.24,0.791,3.699
2026-06-08 01:30:00,Building_C_Admin,234.6,18.33,0.768,3.302
2026-06-08 01:45:00,Building_C_Admin,229.93,17.73,0.853,3.476
2026-06-08 02:00:00,Building_C_Admin,226.4,17.23,0.793,3.094
2026-06-08 02:15:00,Building_C_Admin,230.37,19.16,0.81,3.575
2026-06-08 02:30:00,Building_C_Admin,233.33,19.39,0.779,3.526
2026-06-08 02:45:00,Building_C_Admin,226.92,18.39,0.792,3.306
2026-06-08 03:00:00,Building_C_Admin,230.03,17.4,0.819,3.277
2026-06-08 03:15:00,Building_C_Admin,229.6,17.6,0.789,3.19
2026-06-08 03:30:00,Building_C_Admin,229.53,17.36,0.803,3.201
2026-06-08 03:45:00,Building_C_Admin,233.21,15.83,0.786,2.9
2026-06-08 04:00:00,Building_C_Admin,225.81,20.44,0.786,3.625
2026-06-08 04:15:00,Building_C_Admin,229.68,17.97,0.79,3.261
2026-06-08 04:30:00,Building_C_Admin,235.75,16.97,0.805,3.219
2026-06-08 04:45:00,Building_C_Admin,223.89,18.57,0.821,3.413
2026-06-08 05:00:00,Building_C_Admin,222.76,18.77,0.833,3.484
2026-06-08 05:15:00,Building_C_Admin,221.31,18.44,0.82,3.345
2026-06-08 05:30:00,Building_C_Admin,222.73,19.16,0.818,3.491
2026-06-08 05:45:00,Building_C_Admin,225.89,17.48,0.845,3.337
2026-06-08 06:00:00,Building_C_Admin,230.54,17.35,0.807,3.23
2026-06-08 06:15:00,Building_C_Admin,228.39,17.16,0.803,3.146
2026-06-08 06:30:00,Building_C_Admin,230.54,22.06,0.783,3.983
2026-06-08 06:45:00,Building_C_Admin,232.09,26.51,0.752,4.625
2026-06-08 07:00:00,Building_C_Admin,230.48,29.21,0.751,5.056
2026-06-08 07:15:00,Building_C_Admin,230.08,31.58,0.75,5.449
2026-06-08 07:30:00,Building_C_Admin,231.99,32.95,0.75,5.733
2026-06-08 07:45:00,Building_C_Admin,231.18,33.27,0.75,5.768
2026-06-08 08:00:00,Building_C_Admin,229.03,32.44,0.75,5.572
2026-06-08 08:15:00,Building_C_Admin,229.24,33.67,0.75,5.789
2026-06-08 08:30:00,Building_C_Admin,225.45,32.3,0.75,5.461
2026-06-08 08:45:00,Building_C_Admin,224.84,43.43,0.75,7.324
2026-06-08 09:00:00,Building_C_Admin,229.5,35.94,0.75,6.185
2026-06-08 09:15:00,Building_C_Admin,230.08,40.82,0.75,7.043
2026-06-08 09:30:00,Building_C_Admin,232.44,42.66,0.75,7.437
2026-06-08 09:45:00,Building_C_Admin,231.52,41.75,0.75,7.25
2026-06-08 10:00:00,Building_C_Admin,232.32,44.59,0.75,7.77
2026-06-08 10:15:00,Building_C_Admin,228.83,45.79,0.75,7.859
2026-06-08 10:30:00,Building_C_Admin,234.11,52.7,0.75,9.253
2026-06-08 10:45:00,Building_C_Admin,228.81,48.97,0.75,8.404
2026-06-08 11:00:00,Building_C_Admin,227.15,47.6,0.75,8.109
2026-06-08 11:15:00,Building_C_Admin,231.51,45.51,0.75,7.902
2026-06-08 11:30:00,Building_C_Admin,230.05,52.21,0.75,9.008
2026-06-08 11:45:00,Building_C_Admin,229.97,49.98,0.75,8.62
2026-06-08 12:00:00,Building_C_Admin,229.56,51.96,0.75,8.946
2026-06-08 12:15:00,Building_C_Admin,232.75,46.59,0.75,8.133
2026-06-08 12:30:00,Building_C_Admin,226.23,52.61,0.75,8.927
2026-06-08 12:45:00,Building_C_Admin,224.53,47.84,0.75,8.056
2026-06-08 13:00:00,Building_C_Admin,226.69,48.71,0.75,8.281
2026-06-08 13:15:00,Building_C_Admin,228.72,47.01,0.75,8.064
2026-06-08 13:30:00,Building_C_Admin,229.65,47.05,0.75,8.104
2026-06-08 13:45:00,Building_C_Admin,222.09,46.75,0.75,7.787
2026-06-08 14:00:00,Building_C_Admin,228.93,48.34,0.75,8.3
2026-06-08 14:15:00,Building_C_Admin,227.97,39.59,0.75,6.769
2026-06-08 14:30:00,Building_C_Admin,228.05,46.47,0.75,7.948
2026-06-08 14:45:00,Building_C_Admin,229.36,40.03,0.75,6.886
2026-06-08 15:00:00,Building_C_Admin,236.26,46.59,0.75,8.255
2026-06-08 15:15:00,Building_C_Admin,226.81,38.67,0.75,6.578
2026-06-08 15:30:00,Building_C_Admin,228.39,33.9,0.75,5.806
2026-06-08 15:45:00,Building_C_Admin,229.08,35.69,0.75,6.131
2026-06-08 16:00:00,Building_C_Admin,226.2,31.22,0.75,5.296
2026-06-08 16:15:00,Building_C_Admin,232.56,31.07,0.75,5.42
2026-06-08 16:30:00,Building_C_Admin,228.7,32.22,0.75,5.526
2026-06-08 16:45:00,Building_C_Admin,231.2,27.75,0.75,4.812
2026-06-08 17:00:00,Building_C_Admin,233.19,28.43,0.75,4.972
2026-06-08 17:15:00,Building_C_Admin,227.72,25.19,0.768,4.403
2026-06-08 17:30:00,Building_C_Admin,237.29,21.65,0.768,3.944
2026-06-08 17:45:00,Building_C_Admin,230.61,21.65,0.76,3.794
2026-06-08 18:00:00,Building_C_Admin,230.49,17.29,0.82,3.268
2026-06-08 18:15:00,Building_C_Admin,228.5,20.58,0.784,3.687
2026-06-08 18:30:00,Building_C_Admin,233.75,17.86,0.755,3.149
2026-06-08 18:45:00,Building_C_Admin,231.5,17.14,0.771,3.06
2026-06-08 19:00:00,Building_C_Admin,229.72,19.37,0.816,3.631
2026-06-08 19:15:00,Building_C_Admin,228.57,15.46,0.832,2.94
2026-06-08 19:30:00,Building_C_Admin,231.77,17.23,0.821,3.281
2026-06-08 19:45:00,Building_C_Admin,228.01,18.12,0.789,3.261
2026-06-08 20:00:00,Building_C_Admin,226.95,19.89,0.798,3.601
2026-06-08 20:15:00,Building_C_Admin,230.62,20.21,0.755,3.521
2026-06-08 20:30:00,Building_C_Admin,227.3,17.24,0.841,3.296
2026-06-08 20:45:00,Building_C_Admin,229.69,19.84,0.827,3.767
2026-06-08 21:00:00,Building_C_Admin,233.93,16.73,0.851,3.331
2026-06-08 21:15:00,Building_C_Admin,230.21,16.53,0.793,3.019
2026-06-08 21:30:00,Building_C_Admin,226.03,19.38,0.805,3.527
2026-06-08 21:45:00,Building_C_Admin,230.68,17.15,0.818,3.236
2026-06-08 22:00:00,Building_C_Admin,229.45,19.11,0.784,3.437
2026-06-08 22:15:00,Building_C_Admin,225.82,18.09,0.79,3.229
2026-06-08 22:30:00,Building_C_Admin,221.81,14.3,0.861,2.731
2026-06-08 22:45:00,Building_C_Admin,230.61,17.89,0.816,3.367
2026-06-08 23:00:00,Building_C_Admin,228.35,18.04,0.816,3.359
2026-06-08 23:15:00,Building_C_Admin,226.22,19.11,0.773,3.343
2026-06-08 23:30:00,Building_C_Admin,225.77,18.41,0.82,3.407
2026-06-08 23:45:00,Building_C_Admin,236.83,17.87,0.829,3.507
2026-06-09 00:00:00,Building_C_Admin,229.35,18.39,0.789,3.326
2026-06-09 00:15:00,Building_C_Admin,229.34,18.86,0.815,3.524
2026-06-09 00:30:00,Building_C_Admin,232.41,17.91,0.779,3.243
2026-06-09 00:45:00,Building_C_Admin,228.91,17.19,0.838,3.296
2026-06-09 01:00:00,Building_C_Admin,229.24,16.13,0.816,3.018
2026-06-09 01:15:00,Building_C_Admin,226.01,16.51,0.813,3.034
2026-06-09 01:30:00,Building_C_Admin,227.17,18.13,0.797,3.283
2026-06-09 01:45:00,Building_C_Admin,226.98,18.43,0.821,3.435
2026-06-09 02:00:00,Building_C_Admin,232.41,20.02,0.81,3.767
2026-06-09 02:15:00,Building_C_Admin,230.59,15.7,0.806,2.919
2026-06-09 02:30:00,Building_C_Admin,237.22,20.09,0.775,3.695
2026-06-09 02:45:00,Building_C_Admin,227.98,18.17,0.828,3.431
2026-06-09 03:00:00,Building_C_Admin,229.93,19.63,0.785,3.541
2026-06-09 03:15:00,Building_C_Admin,231.8,18.41,0.821,3.502
2026-06-09 03:30:00,Building_C_Admin,235.67,17.81,0.823,3.452
2026-06-09 03:45:00,Building_C_Admin,233.94,18.51,0.804,3.48
2026-06-09 04:00:00,Building_C_Admin,226.74,18.16,0.79,3.252
2026-06-09 04:15:00,Building_C_Admin,230.72,18.61,0.79,3.39
2026-06-09 04:30:00,Building_C_Admin,234.93,16.96,0.828,3.299
2026-06-09 04:45:00,Building_C_Admin,230.28,19.47,0.827,3.706
2026-06-09 05:00:00,Building_C_Admin,235.95,19.21,0.773,3.503
2026-06-09 05:15:00,Building_C_Admin,234.22,19.74,0.803,3.71
2026-06-09 05:30:00,Building_C_Admin,228.28,17.53,0.826,3.307
2026-06-09 05:45:00,Building_C_Admin,234.15,17.11,0.775,3.107
2026-06-09 06:00:00,Building_C_Admin,228.19,18.19,0.789,3.273
2026-06-09 06:15:00,Building_C_Admin,232.34,21.88,0.774,3.936
2026-06-09 06:30:00,Building_C_Admin,229.73,22.92,0.753,3.966
2026-06-09 06:45:00,Building_C_Admin,226.37,27.77,0.75,4.714
2026-06-09 07:00:00,Building_C_Admin,228.94,24.17,0.752,4.159
2026-06-09 07:15:00,Building_C_Admin,235.7,32.19,0.75,5.691
2026-06-09 07:30:00,Building_C_Admin,234.33,30.34,0.75,5.333
2026-06-09 07:45:00,Building_C_Admin,228.49,36.59,0.75,6.271
2026-06-09 08:00:00,Building_C_Admin,228.3,34.25,0.75,5.865
2026-06-09 08:15:00,Building_C_Admin,234.68,31.81,0.75,5.599
2026-06-09 08:30:00,Building_C_Admin,225.73,41.45,0.75,7.018
2026-06-09 08:45:00,Building_C_Admin,221.21,37.52,0.75,6.224
2026-06-09 09:00:00,Building_C_Admin,227.38,41.0,0.75,6.993
2026-06-09 09:15:00,Building_C_Admin,234.04,47.1,0.75,8.268
2026-06-09 09:30:00,Building_C_Admin,234.36,42.26,0.75,7.428
2026-06-09 09:45:00,Building_C_Admin,233.29,45.44,0.75,7.95
2026-06-09 10:00:00,Building_C_Admin,229.43,45.0,0.75,7.743
2026-06-09 10:15:00,Building_C_Admin,231.34,46.51,0.75,8.069
2026-06-09 10:30:00,Building_C_Admin,226.61,42.63,0.75,7.245
2026-06-09 10:45:00,Building_C_Admin,227.84,46.39,0.75,7.927
2026-06-09 11:00:00,Building_C_Admin,228.0,40.79,0.75,6.975
2026-06-09 11:15:00,Building_C_Admin,228.73,42.0,0.75,7.205
2026-06-09 11:30:00,Building_C_Admin,231.44,45.2,0.75,7.846
2026-06-09 11:45:00,Building_C_Admin,225.35,46.91,0.75,7.928
2026-06-09 12:00:00,Building_C_Admin,230.19,48.27,0.75,8.334
2026-06-09 12:15:00,Building_C_Admin,227.88,50.85,0.75,8.691
2026-06-09 12:30:00,Building_C_Admin,232.29,47.7,0.75,8.311
2026-06-09 12:45:00,Building_C_Admin,232.77,46.7,0.75,8.154
2026-06-09 13:00:00,Building_C_Admin,229.91,50.79,0.75,8.758
2026-06-09 13:15:00,Building_C_Admin,227.96,46.62,0.75,7.971
2026-06-09 13:30:00,Building_C_Admin,221.13,50.42,0.75,8.362
2026-06-09 13:45:00,Building_C_Admin,227.39,49.06,0.75,8.366
2026-06-09 14:00:00,Building_C_Admin,228.48,45.11,0.75,7.731
2026-06-09 14:15:00,Building_C_Admin,223.42,50.21,0.75,8.413
2026-06-09 14:30:00,Building_C_Admin,231.76,47.61,0.75,8.275
2026-06-09 14:45:00,Building_C_Admin,227.27,43.57,0.75,7.426
2026-06-09 15:00:00,Building_C_Admin,224.46,44.74,0.75,7.532
2026-06-09 15:15:00,Building_C_Admin,224.46,38.31,0.75,6.449
2026-06-09 15:30:00,Building_C_Admin,227.92,40.2,0.75,6.871
2026-06-09 15:45:00,Building_C_Admin,227.88,37.96,0.75,6.488
2026-06-09 16:00:00,Building_C_Admin,230.85,33.55,0.75,5.808
2026-06-09 16:15:00,Building_C_Admin,237.97,30.12,0.75,5.375
2026-06-09 16:30:00,Building_C_Admin,228.02,30.9,0.75,5.284
2026-06-09 16:45:00,Building_C_Admin,231.9,30.22,0.75,5.256
2026-06-09 17:00:00,Building_C_Admin,230.57,22.99,0.753,3.993
2026-06-09 17:15:00,Building_C_Admin,235.1,25.95,0.75,4.575
2026-06-09 17:30:00,Building_C_Admin,227.95,21.12,0.786,3.782
2026-06-09 17:45:00,Building_C_Admin,233.01,19.7,0.824,3.781
2026-06-09 18:00:00,Building_C_Admin,226.61,18.71,0.81,3.436
2026-06-09 18:15:00,Building_C_Admin,235.29,18.77,0.835,3.688
2026-06-09 18:30:00,Building_C_Admin,231.49,17.08,0.841,3.327
2026-06-09 18:45:00,Building_C_Admin,228.14,15.99,0.832,3.036
2026-06-09 19:00:00,Building_C_Admin,233.97,18.55,0.797,3.458
2026-06-09 19:15:00,Building_C_Admin,231.42,21.51,0.788,3.925
2026-06-09 19:30:00,Building_C_Admin,237.03,18.9,0.798,3.575
2026-06-09 19:45:00,Building_C_Admin,231.27,16.8,0.815,3.168
2026-06-09 20:00:00,Building_C_Admin,229.96,18.29,0.811,3.41
2026-06-09 20:15:00,Building_C_Admin,226.45,20.5,0.81,3.758
2026-06-09 20:30:00,Building_C_Admin,237.29,15.39,0.817,2.982
2026-06-09 20:45:00,Building_C_Admin,233.97,17.11,0.838,3.356
2026-06-09 21:00:00,Building_C_Admin,227.16,20.16,0.815,3.732
2026-06-09 21:15:00,Building_C_Admin,227.41,17.45,0.806,3.196
2026-06-09 21:30:00,Building_C_Admin,229.89,15.56,0.807,2.888
2026-06-09 21:45:00,Building_C_Admin,228.4,19.34,0.779,3.44
2026-06-09 22:00:00,Building_C_Admin,230.63,16.96,0.823,3.219
2026-06-09 22:15:00,Building_C_Admin,230.48,19.59,0.821,3.707
2026-06-09 22:30:00,Building_C_Admin,231.16,18.44,0.778,3.314
2026-06-09 22:45:00,Building_C_Admin,226.63,17.77,0.831,3.348
2026-06-09 23:00:00,Building_C_Admin,236.89,17.66,0.796,3.33
2026-06-09 23:15:00,Building_C_Admin,232.68,19.69,0.815,3.734
2026-06-09 23:30:00,Building_C_Admin,226.99,18.28,0.795,3.299
2026-06-09 23:45:00,Building_C_Admin,227.15,18.65,0.804,3.406
2026-06-10 00:00:00,Building_C_Admin,227.3,16.91,0.871,3.347
2026-06-10 00:15:00,Building_C_Admin,230.93,17.72,0.829,3.393
2026-06-10 00:30:00,Building_C_Admin,231.29,17.74,0.814,3.338
2026-06-10 00:45:00,Building_C_Admin,232.58,15.68,0.805,2.937
2026-06-10 01:00:00,Building_C_Admin,236.62,17.39,0.809,3.33
2026-06-10 01:15:00,Building_C_Admin,230.65,20.81,0.782,3.756
2026-06-10 01:30:00,Building_C_Admin,231.97,18.73,0.795,3.454
2026-06-10 01:45:00,Building_C_Admin,229.61,18.83,0.774,3.348
2026-06-10 02:00:00,Building_C_Admin,229.14,17.51,0.846,3.393
2026-06-10 02:15:00,Building_C_Admin,222.01,19.23,0.826,3.527
2026-06-10 02:30:00,Building_C_Admin,231.28,19.97,0.75,3.464
2026-06-10 02:45:00,Building_C_Admin,227.03,19.27,0.776,3.394
2026-06-10 03:00:00,Building_C_Admin,231.15,19.3,0.812,3.623
2026-06-10 03:15:00,Building_C_Admin,233.13,19.58,0.772,3.523
2026-06-10 03:30:00,Building_C_Admin,231.43,16.41,0.801,3.043
2026-06-10 03:45:00,Building_C_Admin,227.43,16.55,0.799,3.008
2026-06-10 04:00:00,Building_C_Admin,228.79,19.65,0.796,3.58
2026-06-10 04:15:00,Building_C_Admin,227.76,18.3,0.784,3.269
2026-06-10 04:30:00,Building_C_Admin,232.13,19.7,0.768,3.511
2026-06-10 04:45:00,Building_C_Admin,231.55,18.76,0.816,3.547
2026-06-10 05:00:00,Building_C_Admin,226.71,17.8,0.838,3.382
2026-06-10 05:15:00,Building_C_Admin,228.47,17.85,0.8,3.263
2026-06-10 05:30:00,Building_C_Admin,227.67,17.46,0.795,3.162
2026-06-10 05:45:00,Building_C_Admin,223.02,19.16,0.795,3.399
2026-06-10 06:00:00,Building_C_Admin,236.5,18.21,0.819,3.529
2026-06-10 06:15:00,Building_C_Admin,232.66,25.26,0.75,4.408
2026-06-10 06:30:00,Building_C_Admin,231.5,18.35,0.811,3.446
2026-06-10 06:45:00,Building_C_Admin,230.55,23.45,0.765,4.137
2026-06-10 07:00:00,Building_C_Admin,230.59,25.5,0.752,4.422
2026-06-10 07:15:00,Building_C_Admin,230.53,30.06,0.762,5.278
2026-06-10 07:30:00,Building_C_Admin,229.79,29.5,0.75,5.083
2026-06-10 07:45:00,Building_C_Admin,235.14,35.84,0.75,6.32
2026-06-10 08:00:00,Building_C_Admin,236.45,30.89,0.75,5.479
2026-06-10 08:15:00,Building_C_Admin,227.25,35.01,0.75,5.967
2026-06-10 08:30:00,Building_C_Admin,238.87,35.66,0.75,6.389
2026-06-10 08:45:00,Building_C_Admin,229.7,38.59,0.75,6.649
2026-06-10 09:00:00,Building_C_Admin,236.17,41.87,0.75,7.416
2026-06-10 09:15:00,Building_C_Admin,230.73,42.2,0.75,7.303
2026-06-10 09:30:00,Building_C_Admin,228.16,41.41,0.75,7.087
2026-06-10 09:45:00,Building_C_Admin,228.76,44.96,0.75,7.713
2026-06-10 10:00:00,Building_C_Admin,228.43,47.43,0.75,8.126
2026-06-10 10:15:00,Building_C_Admin,226.95,42.14,0.75,7.172
2026-06-10 10:30:00,Building_C_Admin,227.0,43.91,0.75,7.476
2026-06-10 10:45:00,Building_C_Admin,219.13,53.39,0.75,8.774
2026-06-10 11:00:00,Building_C_Admin,234.59,46.6,0.75,8.198
2026-06-10 11:15:00,Building_C_Admin,233.39,47.53,0.75,8.32
2026-06-10 11:30:00,Building_C_Admin,230.02,46.12,0.75,7.957
2026-06-10 11:45:00,Building_C_Admin,227.54,49.34,0.75,8.42
2026-06-10 12:00:00,Building_C_Admin,234.48,51.17,0.75,8.999
2026-06-10 12:15:00,Building_C_Admin,236.51,49.2,0.75,8.728
2026-06-10 12:30:00,Building_C_Admin,230.1,51.4,0.75,8.871
2026-06-10 12:45:00,Building_C_Admin,230.99,44.72,0.75,7.747
2026-06-10 13:00:00,Building_C_Admin,231.61,45.25,0.75,7.86
2026-06-10 13:15:00,Building_C_Admin,228.0,47.61,0.75,8.141
2026-06-10 13:30:00,Building_C_Admin,231.76,45.23,0.75,7.861
2026-06-10 13:45:00,Building_C_Admin,232.74,41.2,0.75,7.191
2026-06-10 14:00:00,Building_C_Admin,228.71,45.91,0.75,7.876
2026-06-10 14:15:00,Building_C_Admin,229.66,45.25,0.75,7.794
2026-06-10 14:30:00,Building_C_Admin,233.81,48.45,0.75,8.496
2026-06-10 14:45:00,Building_C_Admin,231.5,42.8,0.75,7.432
2026-06-10 15:00:00,Building_C_Admin,219.31,38.72,0.75,6.369
2026-06-10 15:15:00,Building_C_Admin,225.42,37.31,0.75,6.308
2026-06-10 15:30:00,Building_C_Admin,233.98,33.86,0.75,5.941
2026-06-10 15:45:00,Building_C_Admin,234.04,31.99,0.75,5.615
2026-06-10 16:00:00,Building_C_Admin,225.69,35.63,0.75,6.031
2026-06-10 16:15:00,Building_C_Admin,228.24,29.76,0.75,5.095
2026-06-10 16:30:00,Building_C_Admin,226.02,29.73,0.75,5.04
2026-06-10 16:45:00,Building_C_Admin,228.34,30.01,0.75,5.139
2026-06-10 17:00:00,Building_C_Admin,232.84,27.95,0.75,4.882
2026-06-10 17:15:00,Building_C_Admin,228.99,23.42,0.798,4.28
2026-06-10 17:30:00,Building_C_Admin,235.64,20.32,0.797,3.816
2026-06-10 17:45:00,Building_C_Admin,234.7,18.95,0.782,3.48
2026-06-10 18:00:00,Building_C_Admin,235.07,17.16,0.813,3.279
2026-06-10 18:15:00,Building_C_Admin,227.98,16.3,0.833,3.096
2026-06-10 18:30:00,Building_C_Admin,226.9,16.77,0.78,2.968
2026-06-10 18:45:00,Building_C_Admin,227.24,20.18,0.801,3.671
2026-06-10 19:00:00,Building_C_Admin,240.35,14.15,0.839,2.856
2026-06-10 19:15:00,Building_C_Admin,235.95,17.15,0.784,3.174
2026-06-10 19:30:00,Building_C_Admin,226.1,19.08,0.833,3.594
2026-06-10 19:45:00,Building_C_Admin,228.76,18.65,0.826,3.524
2026-06-10 20:00:00,Building_C_Admin,232.25,17.27,0.787,3.157
2026-06-10 20:15:00,Building_C_Admin,225.27,17.75,0.803,3.21
2026-06-10 20:30:00,Building_C_Admin,225.93,20.08,0.818,3.711
2026-06-10 20:45:00,Building_C_Admin,231.71,17.21,0.823,3.283
2026-06-10 21:00:00,Building_C_Admin,232.36,18.28,0.816,3.467
2026-06-10 21:15:00,Building_C_Admin,227.24,19.13,0.807,3.507
2026-06-10 21:30:00,Building_C_Admin,228.99,16.4,0.824,3.096
2026-06-10 21:45:00,Building_C_Admin,227.34,18.36,0.814,3.396
2026-06-10 22:00:00,Building_C_Admin,231.81,18.48,0.809,3.465
2026-06-10 22:15:00,Building_C_Admin,229.87,19.1,0.813,3.569
2026-06-10 22:30:00,Building_C_Admin,225.26,20.09,0.812,3.677
2026-06-10 22:45:00,Building_C_Admin,233.44,20.07,0.769,3.602
2026-06-10 23:00:00,Building_C_Admin,230.48,18.54,0.784,3.353
2026-06-10 23:15:00,Building_C_Admin,228.67,21.41,0.766,3.748
2026-06-10 23:30:00,Building_C_Admin,224.93,16.67,0.841,3.152
2026-06-10 23:45:00,Building_C_Admin,228.13,17.13,0.812,3.173
2026-06-11 00:00:00,Building_C_Admin,231.06,19.43,0.789,3.542
2026-06-11 00:15:00,Building_C_Admin,229.03,19.22,0.804,3.54
2026-06-11 00:30:00,Building_C_Admin,229.75,15.89,0.83,3.033
2026-06-11 00:45:00,Building_C_Admin,224.18,19.92,0.792,3.538
2026-06-11 01:00:00,Building_C_Admin,234.97,16.78,0.843,3.324
2026-06-11 01:15:00,Building_C_Admin,222.8,18.03,0.822,3.302
2026-06-11 01:30:00,Building_C_Admin,234.73,19.22,0.803,3.621
2026-06-11 01:45:00,Building_C_Admin,226.46,19.39,0.824,3.621
2026-06-11 02:00:00,Building_C_Admin,227.32,16.93,0.826,3.179
2026-06-11 02:15:00,Building_C_Admin,224.83,17.76,0.804,3.213
2026-06-11 02:30:00,Building_C_Admin,233.61,17.87,0.789,3.291
2026-06-11 02:45:00,Building_C_Admin,224.47,18.02,0.786,3.179
2026-06-11 03:00:00,Building_C_Admin,231.51,20.62,0.803,3.835
2026-06-11 03:15:00,Building_C_Admin,227.0,16.45,0.81,3.026
2026-06-11 03:30:00,Building_C_Admin,232.32,16.47,0.838,3.204
2026-06-11 03:45:00,Building_C_Admin,230.67,18.57,0.786,3.369
2026-06-11 04:00:00,Building_C_Admin,226.08,16.13,0.825,3.008
2026-06-11 04:15:00,Building_C_Admin,223.05,18.29,0.803,3.276
2026-06-11 04:30:00,Building_C_Admin,224.1,19.63,0.769,3.385
2026-06-11 04:45:00,Building_C_Admin,234.24,17.85,0.785,3.281
2026-06-11 05:00:00,Building_C_Admin,234.32,19.49,0.838,3.826
2026-06-11 05:15:00,Building_C_Admin,229.75,18.12,0.807,3.361
2026-06-11 05:30:00,Building_C_Admin,228.91,18.22,0.794,3.309
2026-06-11 05:45:00,Building_C_Admin,228.27,17.65,0.85,3.426
2026-06-11 06:00:00,Building_C_Admin,225.86,17.8,0.809,3.252
2026-06-11 06:15:00,Building_C_Admin,230.39,20.33,0.802,3.756
2026-06-11 06:30:00,Building_C_Admin,231.93,23.65,0.792,4.346
2026-06-11 06:45:00,Building_C_Admin,238.74,24.72,0.766,4.519
2026-06-11 07:00:00,Building_C_Admin,231.81,27.53,0.76,4.852
2026-06-11 07:15:00,Building_C_Admin,229.75,30.52,0.75,5.258
2026-06-11 07:30:00,Building_C_Admin,231.2,33.44,0.75,5.798
2026-06-11 07:45:00,Building_C_Admin,233.19,35.71,0.75,6.245
2026-06-11 08:00:00,Building_C_Admin,235.24,32.94,0.75,5.812
2026-06-11 08:15:00,Building_C_Admin,230.92,36.14,0.75,6.259
2026-06-11 08:30:00,Building_C_Admin,227.19,33.98,0.757,5.845
2026-06-11 08:45:00,Building_C_Admin,230.37,40.43,0.75,6.986
2026-06-11 09:00:00,Building_C_Admin,229.66,38.47,0.75,6.626
2026-06-11 09:15:00,Building_C_Admin,234.93,44.52,0.75,7.845
2026-06-11 09:30:00,Building_C_Admin,227.08,41.39,0.75,7.05
2026-06-11 09:45:00,Building_C_Admin,226.99,45.05,0.75,7.669
2026-06-11 10:00:00,Building_C_Admin,232.22,41.82,0.75,7.284
2026-06-11 10:15:00,Building_C_Admin,228.51,47.04,0.75,8.061
2026-06-11 10:30:00,Building_C_Admin,225.2,51.72,0.75,8.736
2026-06-11 10:45:00,Building_C_Admin,229.67,47.03,0.75,8.1
2026-06-11 11:00:00,Building_C_Admin,236.26,43.45,0.75,7.699
2026-06-11 11:15:00,Building_C_Admin,233.82,52.08,0.75,9.134
2026-06-11 11:30:00,Building_C_Admin,232.02,44.87,0.75,7.807
2026-06-11 11:45:00,Building_C_Admin,222.9,44.85,0.75,7.498
2026-06-11 12:00:00,Building_C_Admin,227.6,51.66,0.75,8.819
2026-06-11 12:15:00,Building_C_Admin,226.74,54.38,0.75,9.247
2026-06-11 12:30:00,Building_C_Admin,229.69,48.23,0.75,8.308
2026-06-11 12:45:00,Building_C_Admin,235.98,53.03,0.75,9.385
2026-06-11 13:00:00,Building_C_Admin,234.34,45.82,0.75,8.053
2026-06-11 13:15:00,Building_C_Admin,227.24,40.58,0.75,6.916
2026-06-11 13:30:00,Building_C_Admin,223.26,46.96,0.75,7.863
2026-06-11 13:45:00,Building_C_Admin,232.19,51.56,0.75,8.979
2026-06-11 14:00:00,Building_C_Admin,235.49,50.72,0.75,8.959
2026-06-11 14:15:00,Building_C_Admin,229.69,38.87,0.75,6.695
2026-06-11 14:30:00,Building_C_Admin,225.47,42.69,0.75,7.219
2026-06-11 14:45:00,Building_C_Admin,234.69,41.32,0.75,7.272
2026-06-11 15:00:00,Building_C_Admin,227.72,40.78,0.75,6.965
2026-06-11 15:15:00,Building_C_Admin,229.35,44.41,0.75,7.638
2026-06-11 15:30:00,Building_C_Admin,227.21,34.14,0.75,5.817
2026-06-11 15:45:00,Building_C_Admin,230.19,33.26,0.75,5.742
2026-06-11 16:00:00,Building_C_Admin,230.52,30.57,0.75,5.284
2026-06-11 16:15:00,Building_C_Admin,227.98,32.12,0.75,5.491
2026-06-11 16:30:00,Building_C_Admin,229.14,30.63,0.75,5.264
2026-06-11 16:45:00,Building_C_Admin,234.51,26.13,0.762,4.667
2026-06-11 17:00:00,Building_C_Admin,231.13,26.83,0.767,4.759
2026-06-11 17:15:00,Building_C_Admin,225.07,21.52,0.775,3.756
2026-06-11 17:30:00,Building_C_Admin,226.31,25.23,0.779,4.45
2026-06-11 17:45:00,Building_C_Admin,233.51,21.29,0.765,3.805
2026-06-11 18:00:00,Building_C_Admin,229.62,18.28,0.798,3.349
2026-06-11 18:15:00,Building_C_Admin,228.8,15.49,0.818,2.9
2026-06-11 18:30:00,Building_C_Admin,232.02,17.66,0.826,3.383
2026-06-11 18:45:00,Building_C_Admin,229.21,15.32,0.843,2.96
2026-06-11 19:00:00,Building_C_Admin,230.62,20.15,0.765,3.555
2026-06-11 19:15:00,Building_C_Admin,231.86,18.54,0.857,3.685
2026-06-11 19:30:00,Building_C_Admin,232.09,17.07,0.801,3.172
2026-06-11 19:45:00,Building_C_Admin,223.63,16.71,0.815,3.048
2026-06-11 20:00:00,Building_C_Admin,236.75,20.31,0.786,3.777
2026-06-11 20:15:00,Building_C_Admin,227.4,16.0,0.846,3.08
2026-06-11 20:30:00,Building_C_Admin,230.4,18.78,0.791,3.424
2026-06-11 20:45:00,Building_C_Admin,231.42,18.35,0.799,3.393
2026-06-11 21:00:00,Building_C_Admin,226.95,18.14,0.832,3.425
2026-06-11 21:15:00,Building_C_Admin,229.21,19.5,0.814,3.637
2026-06-11 21:30:00,Building_C_Admin,226.03,20.04,0.809,3.662
2026-06-11 21:45:00,Building_C_Admin,230.02,17.2,0.81,3.202
2026-06-11 22:00:00,Building_C_Admin,227.34,19.81,0.773,3.482
2026-06-11 22:15:00,Building_C_Admin,227.14,17.66,0.842,3.38
2026-06-11 22:30:00,Building_C_Admin,231.93,15.0,0.812,2.827
2026-06-11 22:45:00,Building_C_Admin,234.65,17.48,0.821,3.366
2026-06-11 23:00:00,Building_C_Admin,229.0,17.2,0.803,3.164
2026-06-11 23:15:00,Building_C_Admin,234.09,15.52,0.839,3.048
2026-06-11 23:30:00,Building_C_Admin,227.77,17.37,0.825,3.263
2026-06-11 23:45:00,Building_C_Admin,234.52,15.78,0.805,2.979
2026-06-12 00:00:00,Building_C_Admin,227.16,18.92,0.779,3.348
2026-06-12 00:15:00,Building_C_Admin,229.54,15.93,0.812,2.97
2026-06-12 00:30:00,Building_C_Admin,232.73,19.56,0.808,3.679
2026-06-12 00:45:00,Building_C_Admin,230.0,18.92,0.776,3.376
2026-06-12 01:00:00,Building_C_Admin,231.26,19.08,0.785,3.465
2026-06-12 01:15:00,Building_C_Admin,231.22,18.76,0.801,3.474
2026-06-12 01:30:00,Building_C_Admin,232.84,17.85,0.81,3.366
2026-06-12 01:45:00,Building_C_Admin,226.68,19.04,0.794,3.426
2026-06-12 02:00:00,Building_C_Admin,228.84,18.87,0.848,3.663
2026-06-12 02:15:00,Building_C_Admin,234.37,18.82,0.806,3.552
2026-06-12 02:30:00,Building_C_Admin,234.39,19.29,0.793,3.583
2026-06-12 02:45:00,Building_C_Admin,230.62,16.24,0.805,3.014
2026-06-12 03:00:00,Building_C_Admin,237.68,20.4,0.801,3.883
2026-06-12 03:15:00,Building_C_Admin,231.91,18.01,0.769,3.214
2026-06-12 03:30:00,Building_C_Admin,233.93,19.64,0.816,3.748
2026-06-12 03:45:00,Building_C_Admin,227.12,17.93,0.814,3.314
2026-06-12 04:00:00,Building_C_Admin,228.08,19.46,0.807,3.581
2026-06-12 04:15:00,Building_C_Admin,225.32,16.99,0.825,3.157
2026-06-12 04:30:00,Building_C_Admin,230.72,17.27,0.82,3.267
2026-06-12 04:45:00,Building_C_Admin,235.33,18.33,0.841,3.629
2026-06-12 05:00:00,Building_C_Admin,229.77,18.28,0.823,3.456
2026-06-12 05:15:00,Building_C_Admin,231.48,18.13,0.843,3.541
2026-06-12 05:30:00,Building_C_Admin,231.55,19.74,0.782,3.574
2026-06-12 05:45:00,Building_C_Admin,233.33,19.17,0.792,3.541
2026-06-12 06:00:00,Building_C_Admin,228.27,17.25,0.784,3.086
2026-06-12 06:15:00,Building_C_Admin,234.68,20.92,0.808,3.966
2026-06-12 06:30:00,Building_C_Admin,231.86,20.78,0.809,3.897
2026-06-12 06:45:00,Building_C_Admin,228.82,23.33,0.794,4.24
2026-06-12 07:00:00,Building_C_Admin,223.71,24.2,0.79,4.279
2026-06-12 07:15:00,Building_C_Admin,225.97,23.79,0.785,4.218
2026-06-12 07:30:00,Building_C_Admin,227.66,29.54,0.75,5.043
2026-06-12 07:45:00,Building_C_Admin,236.71,32.16,0.75,5.709
2026-06-12 08:00:00,Building_C_Admin,232.63,34.14,0.75,5.956
2026-06-12 08:15:00,Building_C_Admin,239.23,35.39,0.75,6.35
2026-06-12 08:30:00,Building_C_Admin,231.88,37.72,0.75,6.559
2026-06-12 08:45:00,Building_C_Admin,236.28,40.41,0.75,7.161
2026-06-12 09:00:00,Building_C_Admin,229.14,41.24,0.75,7.087
2026-06-12 09:15:00,Building_C_Admin,235.45,43.07,0.75,7.606
2026-06-12 09:30:00,Building_C_Admin,228.27,45.68,0.75,7.82
2026-06-12 09:45:00,Building_C_Admin,228.59,42.86,0.75,7.347
2026-06-12 10:00:00,Building_C_Admin,233.43,44.94,0.75,7.868
2026-06-12 10:15:00,Building_C_Admin,229.11,47.35,0.75,8.136
2026-06-12 10:30:00,Building_C_Admin,228.33,50.48,0.75,8.644
2026-06-12 10:45:00,Building_C_Admin,230.84,44.01,0.75,7.619
2026-06-12 11:00:00,Building_C_Admin,223.0,48.24,0.75,8.069
2026-06-12 11:15:00,Building_C_Admin,227.59,52.92,0.75,9.034
2026-06-12 11:30:00,Building_C_Admin,229.83,48.18,0.75,8.306
2026-06-12 11:45:00,Building_C_Admin,233.14,54.9,0.75,9.6
2026-06-12 12:00:00,Building_C_Admin,230.49,57.73,0.75,9.979
2026-06-12 12:15:00,Building_C_Admin,229.5,50.29,0.75,8.657
2026-06-12 12:30:00,Building_C_Admin,226.93,50.92,0.75,8.667
2026-06-12 12:45:00,Building_C_Admin,231.12,52.33,0.75,9.071
2026-06-12 13:00:00,Building_C_Admin,226.85,55.59,0.75,9.458
2026-06-12 13:15:00,Building_C_Admin,227.83,52.94,0.75,9.045
2026-06-12 13:30:00,Building_C_Admin,232.68,45.02,0.75,7.857
2026-06-12 13:45:00,Building_C_Admin,229.68,46.15,0.75,7.949
2026-06-12 14:00:00,Building_C_Admin,231.73,41.42,0.75,7.198
2026-06-12 14:15:00,Building_C_Admin,237.16,42.36,0.75,7.535
2026-06-12 14:30:00,Building_C_Admin,227.3,46.17,0.75,7.871
2026-06-12 14:45:00,Building_C_Admin,230.29,45.31,0.75,7.825
2026-06-12 15:00:00,Building_C_Admin,230.98,43.4,0.75,7.519
2026-06-12 15:15:00,Building_C_Admin,234.88,45.24,0.75,7.97
2026-06-12 15:30:00,Building_C_Admin,233.32,38.12,0.75,6.67
2026-06-12 15:45:00,Building_C_Admin,226.25,40.41,0.75,6.858
2026-06-12 16:00:00,Building_C_Admin,224.06,35.25,0.75,5.924
2026-06-12 16:15:00,Building_C_Admin,224.74,32.64,0.75,5.502
2026-06-12 16:30:00,Building_C_Admin,230.3,27.0,0.752,4.676
2026-06-12 16:45:00,Building_C_Admin,236.95,26.09,0.783,4.84
2026-06-12 17:00:00,Building_C_Admin,230.42,27.42,0.75,4.738
2026-06-12 17:15:00,Building_C_Admin,237.34,25.4,0.75,4.521
2026-06-12 17:30:00,Building_C_Admin,224.5,21.97,0.769,3.79
2026-06-12 17:45:00,Building_C_Admin,238.82,23.34,0.75,4.18
2026-06-12 18:00:00,Building_C_Admin,230.34,-15.57,0.813,-2.917
2026-06-12 18:15:00,Building_C_Admin,223.16,16.75,0.843,3.15
2026-06-12 18:30:00,Building_C_Admin,231.77,18.68,0.831,3.598
2026-06-12 18:45:00,Building_C_Admin,228.43,16.26,0.83,3.083
2026-06-12 19:00:00,Building_C_Admin,226.77,18.87,0.815,3.486
2026-06-12 19:15:00,Building_C_Admin,234.33,20.78,0.804,3.914
2026-06-12 19:30:00,Building_C_Admin,229.18,16.35,0.856,3.207
2026-06-12 19:45:00,Building_C_Admin,226.45,17.12,0.838,3.25
2026-06-12 20:00:00,Building_C_Admin,229.45,18.76,0.827,3.558
2026-06-12 20:15:00,Building_C_Admin,229.53,15.62,0.843,3.023
2026-06-12 20:30:00,Building_C_Admin,227.46,15.36,0.839,2.931
2026-06-12 20:45:00,Building_C_Admin,233.23,18.28,0.811,3.458
2026-06-12 21:00:00,Building_C_Admin,229.93,19.61,0.8,3.607
2026-06-12 21:15:00,Building_C_Admin,230.7,19.35,0.783,3.496
2026-06-12 21:30:00,Building_C_Admin,228.09,18.61,0.819,3.476
2026-06-12 21:45:00,Building_C_Admin,231.69,18.69,0.797,3.449
2026-06-12 22:00:00,Building_C_Admin,233.92,18.09,0.823,3.481
2026-06-12 22:15:00,Building_C_Admin,234.04,15.42,0.813,2.935
2026-06-12 22:30:00,Building_C_Admin,229.98,19.64,0.8,3.613
2026-06-12 22:45:00,Building_C_Admin,227.27,16.75,0.83,3.16
2026-06-12 23:00:00,Building_C_Admin,229.67,21.78,0.771,3.858
2026-06-12 23:15:00,Building_C_Admin,225.7,19.02,0.802,3.442
2026-06-12 23:30:00,Building_C_Admin,231.73,20.27,0.789,3.708
2026-06-12 23:45:00,Building_C_Admin,230.51,18.16,0.794,3.323
2026-06-13 00:00:00,Building_C_Admin,233.98,21.06,0.799,3.938
2026-06-13 00:15:00,Building_C_Admin,234.71,16.65,0.803,3.139
2026-06-13 00:30:00,Building_C_Admin,227.77,16.6,0.808,3.055
2026-06-13 00:45:00,Building_C_Admin,230.61,19.07,0.802,3.529
2026-06-13 01:00:00,Building_C_Admin,228.44,19.57,0.778,3.478
2026-06-13 01:15:00,Building_C_Admin,229.7,16.91,0.818,3.178
2026-06-13 01:30:00,Building_C_Admin,227.4,16.22,0.796,2.936
2026-06-13 01:45:00,Building_C_Admin,224.72,19.38,0.801,3.489
2026-06-13 02:00:00,Building_C_Admin,233.7,20.21,0.803,3.792
2026-06-13 02:15:00,Building_C_Admin,229.94,16.4,0.805,3.034
2026-06-13 02:30:00,Building_C_Admin,234.0,17.38,0.814,3.309
2026-06-13 02:45:00,Building_C_Admin,228.63,16.32,0.822,3.066
2026-06-13 03:00:00,Building_C_Admin,226.91,13.67,0.828,2.569
2026-06-13 03:15:00,Building_C_Admin,227.14,16.34,0.834,3.094
2026-06-13 03:30:00,Building_C_Admin,225.53,19.31,0.754,3.285
2026-06-13 03:45:00,Building_C_Admin,234.33,19.78,0.792,3.67
2026-06-13 04:00:00,Building_C_Admin,230.39,19.51,0.802,3.606
2026-06-13 04:15:00,Building_C_Admin,223.18,19.85,0.815,3.612
2026-06-13 04:30:00,Building_C_Admin,234.69,19.9,0.821,3.836
2026-06-13 04:45:00,Building_C_Admin,231.73,19.67,0.776,3.535
2026-06-13 05:00:00,Building_C_Admin,231.19,17.3,0.82,3.279
2026-06-13 05:15:00,Building_C_Admin,227.88,16.07,0.792,2.9
2026-06-13 05:30:00,Building_C_Admin,230.79,19.53,0.815,3.674
2026-06-13 05:45:00,Building_C_Admin,226.19,18.64,0.798,3.367
2026-06-13 06:00:00,Building_C_Admin,230.29,18.38,0.826,3.496
2026-06-13 06:15:00,Building_C_Admin,231.25,18.4,0.794,3.378
2026-06-13 06:30:00,Building_C_Admin,225.75,21.01,0.806,3.823
2026-06-13 06:45:00,Building_C_Admin,227.6,16.94,0.838,3.23
2026-06-13 07:00:00,Building_C_Admin,231.64,18.52,0.793,3.4
2026-06-13 07:15:00,Building_C_Admin,223.99,19.67,0.806,3.552
2026-06-13 07:30:00,Building_C_Admin,224.53,24.73,0.759,4.215
2026-06-13 07:45:00,Building_C_Admin,230.38,22.34,0.767,3.95
2026-06-13 08:00:00,Building_C_Admin,226.69,21.95,0.804,4.0
2026-06-13 08:15:00,Building_C_Admin,235.14,22.34,0.786,4.129
2026-06-13 08:30:00,Building_C_Admin,233.61,21.48,0.798,4.003
2026-06-13 08:45:00,Building_C_Admin,231.09,25.77,0.761,4.531
2026-06-13 09:00:00,Building_C_Admin,234.4,25.13,0.784,4.617
2026-06-13 09:15:00,Building_C_Admin,231.32,22.83,0.781,4.124
2026-06-13 09:30:00,Building_C_Admin,227.03,26.63,0.75,4.534
2026-06-13 09:45:00,Building_C_Admin,233.79,27.54,0.75,4.829
2026-06-13 10:00:00,Building_C_Admin,234.0,29.06,0.776,5.276
2026-06-13 10:15:00,Building_C_Admin,234.94,26.42,0.75,4.655
2026-06-13 10:30:00,Building_C_Admin,226.63,23.91,0.785,4.255
2026-06-13 10:45:00,Building_C_Admin,229.49,26.66,0.768,4.7
2026-06-13 11:00:00,Building_C_Admin,230.79,23.01,0.75,3.982
2026-06-13 11:15:00,Building_C_Admin,226.92,24.23,0.757,4.16
2026-06-13 11:30:00,Building_C_Admin,235.4,24.42,0.754,4.333
2026-06-13 11:45:00,Building_C_Admin,235.25,22.66,0.765,4.076
2026-06-13 12:00:00,Building_C_Admin,225.97,26.61,0.762,4.579
2026-06-13 12:15:00,Building_C_Admin,229.62,30.12,0.75,5.186
2026-06-13 12:30:00,Building_C_Admin,230.17,25.06,0.758,4.373
2026-06-13 12:45:00,Building_C_Admin,226.91,26.7,0.75,4.543
2026-06-13 13:00:00,Building_C_Admin,230.09,31.65,0.75,5.462
2026-06-13 13:15:00,Building_C_Admin,227.9,27.1,0.771,4.762
2026-06-13 13:30:00,Building_C_Admin,230.66,27.7,0.764,4.882
2026-06-13 13:45:00,Building_C_Admin,233.93,28.18,0.75,4.943
2026-06-13 14:00:00,Building_C_Admin,237.15,31.05,0.75,5.523
2026-06-13 14:15:00,Building_C_Admin,231.88,27.16,0.759,4.781
2026-06-13 14:30:00,Building_C_Admin,232.07,23.86,0.774,4.286
2026-06-13 14:45:00,Building_C_Admin,234.0,23.49,0.774,4.253
2026-06-13 15:00:00,Building_C_Admin,231.61,25.44,0.754,4.441
2026-06-13 15:15:00,Building_C_Admin,232.82,25.01,0.75,4.367
2026-06-13 15:30:00,Building_C_Admin,229.53,24.15,0.783,4.339
2026-06-13 15:45:00,Building_C_Admin,224.55,24.04,0.755,4.077
2026-06-13 16:00:00,Building_C_Admin,224.87,21.3,0.791,3.788
2026-06-13 16:15:00,Building_C_Admin,230.21,20.71,0.789,3.763
2026-06-13 16:30:00,Building_C_Admin,234.43,-21.58,0.75,-3.794
2026-06-13 16:45:00,Building_C_Admin,231.86,24.25,0.803,4.515
2026-06-13 17:00:00,Building_C_Admin,228.47,19.02,0.815,3.544
2026-06-13 17:15:00,Building_C_Admin,231.59,20.88,0.82,3.966
2026-06-13 17:30:00,Building_C_Admin,230.01,20.44,0.823,3.871
2026-06-13 17:45:00,Building_C_Admin,222.57,18.68,0.805,3.348
2026-06-13 18:00:00,Building_C_Admin,228.9,16.39,0.884,3.316
2026-06-13 18:15:00,Building_C_Admin,235.23,17.62,0.773,3.206
2026-06-13 18:30:00,Building_C_Admin,225.82,19.68,0.784,3.481
2026-06-13 18:45:00,Building_C_Admin,222.17,19.67,0.8,3.496
2026-06-13 19:00:00,Building_C_Admin,231.64,18.0,0.803,3.35
2026-06-13 19:15:00,Building_C_Admin,232.02,18.55,0.817,3.518
2026-06-13 19:30:00,Building_C_Admin,228.63,21.67,0.795,3.94
2026-06-13 19:45:00,Building_C_Admin,225.62,18.57,0.814,3.409
2026-06-13 20:00:00,Building_C_Admin,230.71,19.9,0.79,3.625
2026-06-13 20:15:00,Building_C_Admin,226.67,21.52,0.773,3.772
2026-06-13 20:30:00,Building_C_Admin,227.04,18.65,0.818,3.461
2026-06-13 20:45:00,Building_C_Admin,231.32,15.47,0.826,2.954
2026-06-13 21:00:00,Building_C_Admin,223.14,16.19,0.797,2.881
2026-06-13 21:15:00,Building_C_Admin,229.6,20.51,0.805,3.792
2026-06-13 21:30:00,Building_C_Admin,229.04,15.9,0.815,2.969
2026-06-13 21:45:00,Building_C_Admin,511.31,17.31,0.843,7.458
2026-06-13 22:00:00,Building_C_Admin,225.85,20.01,0.805,3.636
2026-06-13 22:15:00,Building_C_Admin,229.62,17.39,0.773,3.087
2026-06-13 22:30:00,Building_C_Admin,230.48,16.67,0.834,3.205
2026-06-13 22:45:00,Building_C_Admin,235.27,17.8,0.849,3.555
2026-06-13 23:00:00,Building_C_Admin,227.29,17.08,0.851,3.304
2026-06-13 23:15:00,Building_C_Admin,229.41,17.87,0.79,3.239
2026-06-13 23:30:00,Building_C_Admin,231.79,17.02,0.855,3.375
2026-06-13 23:45:00,Building_C_Admin,230.41,17.75,0.796,3.256
2026-06-14 00:00:00,Building_C_Admin,231.81,20.15,0.793,3.703
2026-06-14 00:15:00,Building_C_Admin,230.51,15.02,0.83,2.873
2026-06-14 00:30:00,Building_C_Admin,234.59,19.38,0.787,3.579
2026-06-14 00:45:00,Building_C_Admin,232.94,17.42,0.811,3.29
2026-06-14 01:00:00,Building_C_Admin,227.53,17.45,0.836,3.318
2026-06-14 01:15:00,Building_C_Admin,229.41,18.45,0.812,3.439
2026-06-14 01:30:00,Building_C_Admin,233.3,16.7,0.817,3.184
2026-06-14 01:45:00,Building_C_Admin,233.17,17.64,0.831,3.42
2026-06-14 02:00:00,Building_C_Admin,232.13,20.69,0.783,3.76
2026-06-14 02:15:00,Building_C_Admin,229.22,20.0,0.825,3.782
2026-06-14 02:30:00,Building_C_Admin,228.89,15.92,0.834,3.041
2026-06-14 02:45:00,Building_C_Admin,229.26,16.97,0.766,2.978
2026-06-14 03:00:00,Building_C_Admin,225.29,17.09,0.8,3.079
2026-06-14 03:15:00,Building_C_Admin,228.67,15.8,0.801,2.895
2026-06-14 03:30:00,Building_C_Admin,227.84,18.3,0.815,3.398
2026-06-14 03:45:00,Building_C_Admin,234.19,17.51,0.806,3.305
2026-06-14 04:00:00,Building_C_Admin,227.13,17.4,0.793,3.131
2026-06-14 04:15:00,Building_C_Admin,235.71,15.61,0.812,2.989
2026-06-14 04:30:00,Building_C_Admin,228.64,17.99,0.796,3.275
2026-06-14 04:45:00,Building_C_Admin,224.43,17.88,0.812,3.259
2026-06-14 05:00:00,Building_C_Admin,229.89,18.43,0.779,3.299
2026-06-14 05:15:00,Building_C_Admin,224.9,19.87,0.796,3.558
2026-06-14 05:30:00,Building_C_Admin,231.95,15.73,0.848,3.095
2026-06-14 05:45:00,Building_C_Admin,227.12,18.41,0.814,3.403
2026-06-14 06:00:00,Building_C_Admin,231.73,19.48,0.821,3.705
2026-06-14 06:15:00,Building_C_Admin,232.97,17.71,0.805,3.321
2026-06-14 06:30:00,Building_C_Admin,237.71,19.15,0.826,3.76
2026-06-14 06:45:00,Building_C_Admin,228.42,19.62,0.821,3.68
2026-06-14 07:00:00,Building_C_Admin,230.81,19.57,0.783,3.538
2026-06-14 07:15:00,Building_C_Admin,230.26,20.83,0.786,3.769
2026-06-14 07:30:00,Building_C_Admin,229.82,19.4,0.795,3.543
2026-06-14 07:45:00,Building_C_Admin,233.56,21.1,0.81,3.988
2026-06-14 08:00:00,Building_C_Admin,228.45,24.57,0.781,4.386
2026-06-14 08:15:00,Building_C_Admin,226.71,22.89,0.75,3.892
2026-06-14 08:30:00,Building_C_Admin,231.47,21.74,0.788,3.966
2026-06-14 08:45:00,Building_C_Admin,230.54,26.44,0.75,4.572
2026-06-14 09:00:00,Building_C_Admin,227.78,23.43,0.778,4.15
2026-06-14 09:15:00,Building_C_Admin,219.83,29.02,0.75,4.784
2026-06-14 09:30:00,Building_C_Admin,232.19,28.6,0.75,4.98
2026-06-14 09:45:00,Building_C_Admin,228.97,27.99,0.75,4.807
2026-06-14 10:00:00,Building_C_Admin,231.89,27.47,0.75,4.777
2026-06-14 10:15:00,Building_C_Admin,232.59,25.47,0.75,4.443
2026-06-14 10:30:00,Building_C_Admin,230.87,24.45,0.789,4.455
2026-06-14 10:45:00,Building_C_Admin,228.82,24.43,0.78,4.358
2026-06-14 11:00:00,Building_C_Admin,227.16,25.73,0.754,4.409
2026-06-14 11:15:00,Building_C_Admin,232.61,26.48,0.761,4.687
2026-06-14 11:30:00,Building_C_Admin,229.12,24.15,0.75,4.15
2026-06-14 11:45:00,Building_C_Admin,234.91,25.19,0.752,4.451
2026-06-14 12:00:00,Building_C_Admin,226.32,28.46,0.75,4.831
2026-06-14 12:15:00,Building_C_Admin,226.07,28.11,0.75,4.766
2026-06-14 12:30:00,Building_C_Admin,223.38,28.87,0.75,4.836
2026-06-14 12:45:00,Building_C_Admin,233.88,25.95,0.75,4.552
2026-06-14 13:00:00,Building_C_Admin,228.7,23.97,0.787,4.312
2026-06-14 13:15:00,Building_C_Admin,230.05,29.0,0.757,5.049
2026-06-14 13:30:00,Building_C_Admin,230.97,26.18,0.75,4.535
2026-06-14 13:45:00,Building_C_Admin,230.28,31.16,0.75,5.381
2026-06-14 14:00:00,Building_C_Admin,233.19,27.31,0.75,4.776
2026-06-14 14:15:00,Building_C_Admin,226.54,25.43,0.763,4.398
2026-06-14 14:30:00,Building_C_Admin,234.03,28.0,0.764,5.008
2026-06-14 14:45:00,Building_C_Admin,223.78,25.81,0.758,4.38
2026-06-14 15:00:00,Building_C_Admin,232.3,25.42,0.75,4.428
2026-06-14 15:15:00,Building_C_Admin,231.09,26.09,0.776,4.678
2026-06-14 15:30:00,Building_C_Admin,230.89,27.59,0.759,4.835
2026-06-14 15:45:00,Building_C_Admin,233.73,21.16,0.765,3.783
2026-06-14 16:00:00,Building_C_Admin,228.97,23.53,0.773,4.164
2026-06-14 16:15:00,Building_C_Admin,233.04,25.9,0.75,4.527
2026-06-14 16:30:00,Building_C_Admin,228.21,17.26,0.796,3.134
2026-06-14 16:45:00,Building_C_Admin,234.87,20.99,0.783,3.86
2026-06-14 17:00:00,Building_C_Admin,227.67,19.91,0.814,3.69
2026-06-14 17:15:00,Building_C_Admin,227.93,17.24,0.836,3.286
2026-06-14 17:30:00,Building_C_Admin,232.36,21.99,0.805,4.111
2026-06-14 17:45:00,Building_C_Admin,225.01,18.11,0.855,3.484
2026-06-14 18:00:00,Building_C_Admin,232.49,18.69,0.824,3.58
2026-06-14 18:15:00,Building_C_Admin,234.88,17.71,0.84,3.493
2026-06-14 18:30:00,Building_C_Admin,229.18,18.65,0.797,3.406
2026-06-14 18:45:00,Building_C_Admin,230.84,17.38,0.798,3.201
2026-06-14 19:00:00,Building_C_Admin,234.53,18.55,0.81,3.522
2026-06-14 19:15:00,Building_C_Admin,230.64,17.95,0.811,3.357
2026-06-14 19:30:00,Building_C_Admin,226.55,16.21,0.813,2.987
2026-06-14 19:45:00,Building_C_Admin,232.03,16.73,0.826,3.207
2026-06-14 20:00:00,Building_C_Admin,232.39,19.78,0.795,3.653
2026-06-14 20:15:00,Building_C_Admin,233.38,20.46,0.77,3.677
2026-06-14 20:30:00,Building_C_Admin,230.56,19.18,0.81,3.579
2026-06-14 20:45:00,Building_C_Admin,224.88,19.43,0.811,3.543
2026-06-14 21:00:00,Building_C_Admin,230.42,19.27,0.805,3.574
2026-06-14 21:15:00,Building_C_Admin,225.17,17.0,0.8,3.064
2026-06-14 21:30:00,Building_C_Admin,229.03,17.51,0.845,3.388
2026-06-14 21:45:00,Building_C_Admin,232.17,19.33,0.802,3.599
2026-06-14 22:00:00,Building_C_Admin,231.66,17.83,0.818,3.378
2026-06-14 22:15:00,Building_C_Admin,231.11,18.68,0.792,3.418
2026-06-14 22:30:00,Building_C_Admin,223.41,18.0,0.82,3.299
2026-06-14 22:45:00,Building_C_Admin,225.75,18.31,0.83,3.431
2026-06-14 23:00:00,Building_C_Admin,229.32,19.61,0.785,3.532
2026-06-14 23:15:00,Building_C_Admin,228.97,14.62,0.792,2.651
2026-06-14 23:30:00,Building_C_Admin,233.39,17.98,0.805,3.376
2026-06-14 23:45:00,Building_C_Admin,225.54,16.8,0.811,3.075
2026-06-15 00:00:00,Building_C_Admin,231.91,18.34,0.798,3.395
2026-06-15 00:15:00,Building_C_Admin,230.51,18.98,0.797,3.488
2026-06-15 00:30:00,Building_C_Admin,233.95,18.16,0.822,3.491
2026-06-15 00:45:00,Building_C_Admin,231.97,17.1,0.8,3.171
2026-06-15 01:00:00,Building_C_Admin,225.81,18.28,0.798,3.293
2026-06-15 01:15:00,Building_C_Admin,231.17,19.07,0.829,3.655
2026-06-15 01:30:00,Building_C_Admin,228.59,17.83,0.798,3.251
2026-06-15 01:45:00,Building_C_Admin,234.63,17.34,0.798,3.245
2026-06-15 02:00:00,Building_C_Admin,227.54,18.08,0.75,3.085
2026-06-15 02:15:00,Building_C_Admin,226.22,20.45,0.754,3.491
2026-06-15 02:30:00,Building_C_Admin,227.01,18.01,0.818,3.346
2026-06-15 02:45:00,Building_C_Admin,229.25,17.25,0.809,3.197
2026-06-15 03:00:00,Building_C_Admin,226.13,16.29,0.831,3.059
2026-06-15 03:15:00,Building_C_Admin,231.12,18.57,0.788,3.384
2026-06-15 03:30:00,Building_C_Admin,227.98,20.25,0.772,3.563
2026-06-15 03:45:00,Building_C_Admin,225.69,19.44,0.8,3.508
2026-06-15 04:00:00,Building_C_Admin,231.7,18.99,0.799,3.515
2026-06-15 04:15:00,Building_C_Admin,232.42,15.57,0.781,2.826
2026-06-15 04:30:00,Building_C_Admin,226.18,18.58,0.833,3.5
2026-06-15 04:45:00,Building_C_Admin,229.9,17.62,0.792,3.21
2026-06-15 05:00:00,Building_C_Admin,224.64,18.02,0.812,3.288
2026-06-15 05:15:00,Building_C_Admin,229.26,18.96,0.858,3.728
2026-06-15 05:30:00,Building_C_Admin,232.0,17.68,0.86,3.527
2026-06-15 05:45:00,Building_C_Admin,222.69,19.87,0.792,3.503
2026-06-15 06:00:00,Building_C_Admin,221.06,20.13,0.785,3.492
2026-06-15 06:15:00,Building_C_Admin,237.5,20.41,0.797,3.865
2026-06-15 06:30:00,Building_C_Admin,233.36,21.69,0.773,3.914
2026-06-15 06:45:00,Building_C_Admin,229.0,25.74,0.75,4.421
2026-06-15 07:00:00,Building_C_Admin,233.62,23.22,0.766,4.157
2026-06-15 07:15:00,Building_C_Admin,233.48,25.19,0.75,4.411
2026-06-15 07:30:00,Building_C_Admin,233.27,29.57,0.75,5.174
2026-06-15 07:45:00,Building_C_Admin,239.68,34.0,0.75,6.111
2026-06-15 08:00:00,Building_C_Admin,227.59,36.0,0.75,6.145
2026-06-15 08:15:00,Building_C_Admin,229.81,34.2,0.75,5.894
2026-06-15 08:30:00,Building_C_Admin,230.0,40.13,0.75,6.922
2026-06-15 08:45:00,Building_C_Admin,235.03,38.87,0.75,6.852
2026-06-15 09:00:00,Building_C_Admin,230.03,43.62,0.75,7.525
2026-06-15 09:15:00,Building_C_Admin,227.56,39.09,0.75,6.672
2026-06-15 09:30:00,Building_C_Admin,229.89,47.14,0.75,8.129
2026-06-15 09:45:00,Building_C_Admin,223.63,41.99,0.75,7.042
2026-06-15 10:00:00,Building_C_Admin,230.99,48.71,0.75,8.439
2026-06-15 10:15:00,Building_C_Admin,230.62,48.43,0.75,8.377
2026-06-15 10:30:00,Building_C_Admin,222.76,44.37,0.75,7.412
2026-06-15 10:45:00,Building_C_Admin,227.22,50.3,0.75,8.572
2026-06-15 11:00:00,Building_C_Admin,225.5,47.39,0.75,8.015
2026-06-15 11:15:00,Building_C_Admin,232.98,54.24,0.75,9.478
2026-06-15 11:30:00,Building_C_Admin,235.33,40.84,0.75,7.208
2026-06-15 11:45:00,Building_C_Admin,232.36,50.61,0.75,8.819
2026-06-15 12:00:00,Building_C_Admin,230.06,52.76,0.75,9.103
2026-06-15 12:15:00,Building_C_Admin,226.87,52.23,0.75,8.886
2026-06-15 12:30:00,Building_C_Admin,227.52,46.82,0.75,7.99
2026-06-15 12:45:00,Building_C_Admin,228.93,55.51,0.75,9.531
2026-06-15 13:00:00,Building_C_Admin,228.08,47.69,0.75,8.157
2026-06-15 13:15:00,Building_C_Admin,232.04,47.1,0.75,8.196
2026-06-15 13:30:00,Building_C_Admin,231.13,43.38,0.75,7.519
2026-06-15 13:45:00,Building_C_Admin,230.74,42.31,0.75,7.322
2026-06-15 14:00:00,Building_C_Admin,229.24,45.71,0.75,7.859
2026-06-15 14:15:00,Building_C_Admin,232.15,42.54,0.75,7.407
2026-06-15 14:30:00,Building_C_Admin,228.15,45.27,0.75,7.746
2026-06-15 14:45:00,Building_C_Admin,227.98,37.92,0.75,6.484
2026-06-15 15:00:00,Building_C_Admin,235.35,43.96,0.75,7.76
2026-06-15 15:15:00,Building_C_Admin,231.13,37.51,0.75,6.503
2026-06-15 15:30:00,Building_C_Admin,231.06,43.4,0.75,7.521
2026-06-15 15:45:00,Building_C_Admin,229.86,33.29,0.75,5.739
2026-06-15 16:00:00,Building_C_Admin,233.14,37.26,0.75,6.515
2026-06-15 16:15:00,Building_C_Admin,226.8,34.72,0.75,5.907
2026-06-15 16:30:00,Building_C_Admin,232.51,29.25,0.759,5.16
2026-06-15 16:45:00,Building_C_Admin,231.44,30.45,0.75,5.285
2026-06-15 17:00:00,Building_C_Admin,225.16,25.32,0.794,4.526
2026-06-15 17:15:00,Building_C_Admin,229.11,23.35,0.763,4.083
2026-06-15 17:30:00,Building_C_Admin,233.03,23.76,0.751,4.158
2026-06-15 17:45:00,Building_C_Admin,232.85,20.05,0.782,3.652
2026-06-15 18:00:00,Building_C_Admin,228.55,20.9,0.807,3.856
2026-06-15 18:15:00,Building_C_Admin,229.74,19.15,0.815,3.583
2026-06-15 18:30:00,Building_C_Admin,228.23,20.95,0.799,3.822
2026-06-15 18:45:00,Building_C_Admin,227.44,18.48,0.793,3.333
2026-06-15 19:00:00,Building_C_Admin,225.79,17.46,0.797,3.14
2026-06-15 19:15:00,Building_C_Admin,227.69,17.24,0.771,3.026
2026-06-15 19:30:00,Building_C_Admin,233.77,16.93,0.793,3.136
2026-06-15 19:45:00,Building_C_Admin,236.8,16.87,0.77,3.076
2026-06-15 20:00:00,Building_C_Admin,232.84,18.32,0.81,3.455
2026-06-15 20:15:00,Building_C_Admin,227.2,17.36,0.845,3.332
2026-06-15 20:30:00,Building_C_Admin,232.23,17.83,0.858,3.552
2026-06-15 20:45:00,Building_C_Admin,229.59,16.53,0.835,3.168
2026-06-15 21:00:00,Building_C_Admin,232.45,16.92,0.821,3.23
2026-06-15 21:15:00,Building_C_Admin,236.62,16.39,0.838,3.248
2026-06-15 21:30:00,Building_C_Admin,228.71,14.84,0.837,2.842
2026-06-15 21:45:00,Building_C_Admin,222.82,17.8,0.837,3.317
2026-06-15 22:00:00,Building_C_Admin,229.86,16.23,0.84,3.135
2026-06-15 22:15:00,Building_C_Admin,233.57,18.8,0.801,3.519
2026-06-15 22:30:00,Building_C_Admin,224.01,17.89,0.823,3.297
2026-06-15 22:45:00,Building_C_Admin,226.0,17.8,0.809,3.255
2026-06-15 23:00:00,Building_C_Admin,228.15,16.19,0.827,3.055
2026-06-15 23:15:00,Building_C_Admin,233.37,17.15,0.801,3.207
2026-06-15 23:30:00,Building_C_Admin,229.93,16.67,0.824,3.157
2026-06-15 23:45:00,Building_C_Admin,224.93,18.86,0.838,3.554
2026-06-16 00:00:00,Building_C_Admin,219.73,15.65,0.84,2.888
2026-06-16 00:15:00,Building_C_Admin,229.37,20.09,0.788,3.631
2026-06-16 00:30:00,Building_C_Admin,225.46,19.26,0.814,3.534
2026-06-16 00:45:00,Building_C_Admin,231.2,16.67,0.802,3.09
2026-06-16 01:00:00,Building_C_Admin,236.0,20.12,0.832,3.949
2026-06-16 01:15:00,Building_C_Admin,223.99,17.75,0.815,3.24
2026-06-16 01:30:00,Building_C_Admin,229.93,18.03,0.804,3.333
2026-06-16 01:45:00,Building_C_Admin,229.76,16.65,0.841,3.219
2026-06-16 02:00:00,Building_C_Admin,231.6,18.97,0.798,3.508
2026-06-16 02:15:00,Building_C_Admin,236.23,17.4,0.808,3.322
2026-06-16 02:30:00,Building_C_Admin,226.62,18.43,0.805,3.361
2026-06-16 02:45:00,Building_C_Admin,231.56,15.75,0.864,3.15
2026-06-16 03:00:00,Building_C_Admin,226.62,16.63,0.832,3.135
2026-06-16 03:15:00,Building_C_Admin,227.32,19.27,0.806,3.532
2026-06-16 03:30:00,Building_C_Admin,234.98,18.69,0.807,3.543
2026-06-16 03:45:00,Building_C_Admin,230.57,18.04,0.8,3.329
2026-06-16 04:00:00,Building_C_Admin,229.65,18.19,0.793,3.312
2026-06-16 04:15:00,Building_C_Admin,232.54,19.76,0.808,3.715
2026-06-16 04:30:00,Building_C_Admin,232.24,16.21,0.831,3.127
2026-06-16 04:45:00,Building_C_Admin,239.68,18.9,0.813,3.684
2026-06-16 05:00:00,Building_C_Admin,231.52,18.92,0.851,3.727
2026-06-16 05:15:00,Building_C_Admin,228.89,18.2,0.778,3.242
2026-06-16 05:30:00,Building_C_Admin,227.45,17.03,0.793,3.07
2026-06-16 05:45:00,Building_C_Admin,231.05,16.63,0.836,3.212
2026-06-16 06:00:00,Building_C_Admin,233.33,18.5,0.795,3.43
2026-06-16 06:15:00,Building_C_Admin,231.77,18.12,0.841,3.531
2026-06-16 06:30:00,Building_C_Admin,233.4,21.08,0.803,3.95
2026-06-16 06:45:00,Building_C_Admin,228.58,26.61,0.75,4.561
2026-06-16 07:00:00,Building_C_Admin,226.23,27.06,0.78,4.775
2026-06-16 07:15:00,Building_C_Admin,231.63,32.23,0.75,5.599
2026-06-16 07:30:00,Building_C_Admin,227.11,31.06,0.755,5.328
2026-06-16 07:45:00,Building_C_Admin,230.19,31.94,0.75,5.514
2026-06-16 08:00:00,Building_C_Admin,231.44,36.8,0.75,6.388
2026-06-16 08:15:00,Building_C_Admin,224.16,35.74,0.75,6.009
2026-06-16 08:30:00,Building_C_Admin,235.29,40.46,0.75,7.14
2026-06-16 08:45:00,Building_C_Admin,232.1,43.95,0.75,7.651
2026-06-16 09:00:00,Building_C_Admin,228.67,45.68,0.75,7.835
2026-06-16 09:15:00,Building_C_Admin,231.96,45.76,0.75,7.961
2026-06-16 09:30:00,Building_C_Admin,228.67,39.73,0.75,6.815
2026-06-16 09:45:00,Building_C_Admin,230.2,49.12,0.75,8.48
2026-06-16 10:00:00,Building_C_Admin,228.62,43.97,0.75,7.539
2026-06-16 10:15:00,Building_C_Admin,227.04,53.04,0.75,9.032
2026-06-16 10:30:00,Building_C_Admin,234.78,50.04,0.75,8.81
2026-06-16 10:45:00,Building_C_Admin,230.96,58.48,0.75,10.13
2026-06-16 11:00:00,Building_C_Admin,227.31,49.34,0.75,8.411
2026-06-16 11:15:00,Building_C_Admin,231.45,50.44,0.75,8.756
2026-06-16 11:30:00,Building_C_Admin,230.36,48.05,0.75,8.302
2026-06-16 11:45:00,Building_C_Admin,230.17,53.92,0.75,9.309
2026-06-16 12:00:00,Building_C_Admin,228.88,46.1,0.75,7.914
2026-06-16 12:15:00,Building_C_Admin,232.29,56.11,0.75,9.775
2026-06-16 12:30:00,Building_C_Admin,230.71,47.63,0.75,8.242
2026-06-16 12:45:00,Building_C_Admin,225.73,50.73,0.75,8.588
2026-06-16 13:00:00,Building_C_Admin,227.34,54.39,0.75,9.274
2026-06-16 13:15:00,Building_C_Admin,228.28,42.13,0.75,7.214
2026-06-16 13:30:00,Building_C_Admin,232.14,48.73,0.75,8.484
2026-06-16 13:45:00,Building_C_Admin,232.04,47.74,0.75,8.308
2026-06-16 14:00:00,Building_C_Admin,230.7,40.67,0.75,7.037
2026-06-16 14:15:00,Building_C_Admin,233.32,45.05,0.75,7.883
2026-06-16 14:30:00,Building_C_Admin,229.92,42.09,0.75,7.258
2026-06-16 14:45:00,Building_C_Admin,233.52,39.62,0.75,6.939
2026-06-16 15:00:00,Building_C_Admin,226.17,40.2,0.75,6.818
2026-06-16 15:15:00,Building_C_Admin,234.24,35.87,0.75,6.302
2026-06-16 15:30:00,Building_C_Admin,232.71,38.37,0.75,6.696
2026-06-16 15:45:00,Building_C_Admin,220.41,39.81,0.75,6.58
2026-06-16 16:00:00,Building_C_Admin,228.82,36.8,0.75,6.316
2026-06-16 16:15:00,Building_C_Admin,229.79,-33.49,0.75,-5.772
2026-06-16 16:30:00,Building_C_Admin,229.93,36.04,0.75,6.215
2026-06-16 16:45:00,Building_C_Admin,232.77,27.0,0.75,4.714
2026-06-16 17:00:00,Building_C_Admin,231.07,25.51,0.758,4.469
2026-06-16 17:15:00,Building_C_Admin,232.5,21.7,0.785,3.959
2026-06-16 17:30:00,Building_C_Admin,228.1,20.68,0.765,3.61
2026-06-16 17:45:00,Building_C_Admin,233.08,16.53,0.804,3.099
2026-06-16 18:00:00,Building_C_Admin,233.5,20.94,0.801,3.917
2026-06-16 18:15:00,Building_C_Admin,229.88,17.3,0.859,3.417
2026-06-16 18:30:00,Building_C_Admin,235.31,16.67,0.836,3.28
2026-06-16 18:45:00,Building_C_Admin,231.82,17.71,0.81,3.326
2026-06-16 19:00:00,Building_C_Admin,230.6,19.09,0.811,3.569
2026-06-16 19:15:00,Building_C_Admin,224.05,19.34,0.805,3.487
2026-06-16 19:30:00,Building_C_Admin,232.3,16.55,0.832,3.201
2026-06-16 19:45:00,Building_C_Admin,227.05,20.32,0.785,3.622
2026-06-16 20:00:00,Building_C_Admin,233.29,15.45,0.807,2.911
2026-06-16 20:15:00,Building_C_Admin,230.07,16.11,0.846,3.136
2026-06-16 20:30:00,Building_C_Admin,226.91,18.95,0.835,3.59
2026-06-16 20:45:00,Building_C_Admin,227.91,17.27,0.83,3.268
2026-06-16 21:00:00,Building_C_Admin,231.96,18.3,0.821,3.484
2026-06-16 21:15:00,Building_C_Admin,232.25,15.76,0.817,2.991
2026-06-16 21:30:00,Building_C_Admin,230.71,17.39,0.867,3.477
2026-06-16 21:45:00,Building_C_Admin,224.96,14.75,0.789,2.618
2026-06-16 22:00:00,Building_C_Admin,232.02,16.27,0.808,3.051
2026-06-16 22:15:00,Building_C_Admin,230.47,17.38,0.807,3.231
2026-06-16 22:30:00,Building_C_Admin,237.41,18.11,0.813,3.495
2026-06-16 22:45:00,Building_C_Admin,235.14,19.9,0.796,3.724
2026-06-16 23:00:00,Building_C_Admin,229.25,19.66,0.802,3.615
2026-06-16 23:15:00,Building_C_Admin,231.9,16.64,0.849,3.276
2026-06-16 23:30:00,Building_C_Admin,229.19,18.57,0.83,3.534
2026-06-16 23:45:00,Building_C_Admin,227.58,17.25,0.791,3.105
2026-06-17 00:00:00,Building_C_Admin,229.69,17.68,0.801,3.254
2026-06-17 00:15:00,Building_C_Admin,232.22,16.94,0.803,3.159
2026-06-17 00:30:00,Building_C_Admin,229.69,18.62,0.821,3.513
2026-06-17 00:45:00,Building_C_Admin,224.36,17.86,0.78,3.126
2026-06-17 01:00:00,Building_C_Admin,231.77,15.83,0.824,3.023
2026-06-17 01:15:00,Building_C_Admin,234.6,20.1,0.804,3.792
2026-06-17 01:30:00,Building_C_Admin,231.92,17.75,0.815,3.355
2026-06-17 01:45:00,Building_C_Admin,230.15,18.73,0.79,3.406
2026-06-17 02:00:00,Building_C_Admin,229.82,18.87,0.802,3.478
2026-06-17 02:15:00,Building_C_Admin,225.88,15.29,0.838,2.894
2026-06-17 02:30:00,Building_C_Admin,231.2,18.43,0.82,3.495
2026-06-17 02:45:00,Building_C_Admin,227.46,19.01,0.833,3.601
2026-06-17 03:00:00,Building_C_Admin,228.79,16.41,0.79,2.964
2026-06-17 03:15:00,Building_C_Admin,234.86,16.8,0.799,3.153
2026-06-17 03:30:00,Building_C_Admin,234.23,19.6,0.797,3.657
2026-06-17 03:45:00,Building_C_Admin,228.11,18.71,0.79,3.372
2026-06-17 04:00:00,Building_C_Admin,232.78,17.27,0.805,3.236
2026-06-17 04:15:00,Building_C_Admin,226.24,16.94,0.801,3.069
2026-06-17 04:30:00,Building_C_Admin,233.0,18.03,0.836,3.511
2026-06-17 04:45:00,Building_C_Admin,224.5,17.32,0.812,3.156
2026-06-17 05:00:00,Building_C_Admin,226.98,56.82,0.81,10.45
2026-06-17 05:15:00,Building_C_Admin,236.6,18.53,0.805,3.529
2026-06-17 05:30:00,Building_C_Admin,235.2,19.66,0.774,3.581
2026-06-17 05:45:00,Building_C_Admin,227.8,19.28,0.805,3.535
2026-06-17 06:00:00,Building_C_Admin,221.62,19.23,0.838,3.572
2026-06-17 06:15:00,Building_C_Admin,229.18,19.91,0.813,3.711
2026-06-17 06:30:00,Building_C_Admin,232.97,21.49,0.792,3.968
2026-06-17 06:45:00,Building_C_Admin,223.36,21.07,0.796,3.744
2026-06-17 07:00:00,Building_C_Admin,233.9,27.58,0.789,5.087
2026-06-17 07:15:00,Building_C_Admin,227.38,24.95,0.775,4.399
2026-06-17 07:30:00,Building_C_Admin,228.15,27.62,0.75,4.726
2026-06-17 07:45:00,Building_C_Admin,235.11,35.65,0.75,6.287
2026-06-17 08:00:00,Building_C_Admin,229.8,32.01,0.75,5.517
2026-06-17 08:15:00,Building_C_Admin,236.57,39.08,0.75,6.934
2026-06-17 08:30:00,Building_C_Admin,229.84,36.61,0.75,6.311
2026-06-17 08:45:00,Building_C_Admin,230.75,40.0,0.75,6.923
2026-06-17 09:00:00,Building_C_Admin,228.47,40.33,0.75,6.91
2026-06-17 09:15:00,Building_C_Admin,228.21,39.03,0.75,6.68
2026-06-17 09:30:00,Building_C_Admin,233.09,45.53,0.75,7.96
2026-06-17 09:45:00,Building_C_Admin,225.21,43.06,0.75,7.274
2026-06-17 10:00:00,Building_C_Admin,226.51,41.45,0.75,7.042
2026-06-17 10:15:00,Building_C_Admin,228.77,43.99,0.75,7.547
2026-06-17 10:30:00,Building_C_Admin,227.31,42.94,0.75,7.32
2026-06-17 10:45:00,Building_C_Admin,233.8,50.84,0.75,8.915
2026-06-17 11:00:00,Building_C_Admin,233.6,113.68,0.75,19.917
2026-06-17 11:15:00,Building_C_Admin,230.05,52.15,0.75,8.998
2026-06-17 11:30:00,Building_C_Admin,226.03,53.88,0.75,9.134
2026-06-17 11:45:00,Building_C_Admin,232.84,45.63,0.75,7.968
2026-06-17 12:00:00,Building_C_Admin,236.26,51.32,0.75,9.094
2026-06-17 12:15:00,Building_C_Admin,234.64,43.04,0.75,7.575
2026-06-17 12:30:00,Building_C_Admin,233.18,53.74,0.75,9.397
2026-06-17 12:45:00,Building_C_Admin,228.24,45.6,0.75,7.806
2026-06-17 13:00:00,Building_C_Admin,230.15,51.26,0.75,8.848
2026-06-17 13:15:00,Building_C_Admin,221.22,57.48,0.75,9.538
2026-06-17 13:30:00,Building_C_Admin,231.7,51.62,0.75,8.971
2026-06-17 13:45:00,Building_C_Admin,226.34,48.13,0.75,8.17
2026-06-17 14:00:00,Building_C_Admin,231.36,49.32,0.75,8.558
2026-06-17 14:15:00,Building_C_Admin,228.81,45.8,0.75,7.86
2026-06-17 14:30:00,Building_C_Admin,232.83,44.82,0.75,7.827
2026-06-17 14:45:00,Building_C_Admin,233.57,44.69,0.75,7.829
2026-06-17 15:00:00,Building_C_Admin,226.9,37.66,0.75,6.409
2026-06-17 15:15:00,Building_C_Admin,226.9,39.5,0.75,6.721
2026-06-17 15:30:00,Building_C_Admin,231.3,41.29,0.75,7.163
2026-06-17 15:45:00,Building_C_Admin,231.77,35.05,0.75,6.092
2026-06-17 16:00:00,Building_C_Admin,227.44,34.5,0.75,5.884
2026-06-17 16:15:00,Building_C_Admin,227.01,30.95,0.75,5.27
2026-06-17 16:30:00,Building_C_Admin,230.47,30.85,0.75,5.333
2026-06-17 16:45:00,Building_C_Admin,232.32,27.96,0.75,4.872
2026-06-17 17:00:00,Building_C_Admin,227.07,27.83,0.75,4.739
2026-06-17 17:15:00,Building_C_Admin,229.06,23.69,0.786,4.264
2026-06-17 17:30:00,Building_C_Admin,228.04,26.16,0.753,4.493
2026-06-17 17:45:00,Building_C_Admin,222.87,20.45,0.795,3.621
2026-06-17 18:00:00,Building_C_Admin,236.2,17.76,0.807,3.387
2026-06-17 18:15:00,Building_C_Admin,237.63,20.35,0.809,3.915
2026-06-17 18:30:00,Building_C_Admin,227.96,18.02,0.783,3.215
2026-06-17 18:45:00,Building_C_Admin,224.71,18.81,0.806,3.407
2026-06-17 19:00:00,Building_C_Admin,230.27,18.46,0.798,3.394
2026-06-17 19:15:00,Building_C_Admin,233.95,18.89,0.813,3.592
2026-06-17 19:30:00,Building_C_Admin,229.4,16.59,0.824,3.136
2026-06-17 19:45:00,Building_C_Admin,227.79,16.34,0.807,3.003
2026-06-17 20:00:00,Building_C_Admin,227.84,18.0,0.831,3.409
2026-06-17 20:15:00,Building_C_Admin,232.6,18.6,0.847,3.664
2026-06-17 20:30:00,Building_C_Admin,232.59,18.76,0.824,3.594
2026-06-17 20:45:00,Building_C_Admin,227.34,16.81,0.825,3.152
2026-06-17 21:00:00,Building_C_Admin,224.72,18.6,0.817,3.415
2026-06-17 21:15:00,Building_C_Admin,228.61,16.87,0.809,3.12
2026-06-17 21:30:00,Building_C_Admin,231.3,18.7,0.813,3.516
2026-06-17 21:45:00,Building_C_Admin,226.47,18.07,0.802,3.283
2026-06-17 22:00:00,Building_C_Admin,226.89,19.99,0.796,3.61
2026-06-17 22:15:00,Building_C_Admin,229.21,18.24,0.782,3.269
2026-06-17 22:30:00,Building_C_Admin,234.78,18.19,0.842,3.595
2026-06-17 22:45:00,Building_C_Admin,229.68,18.24,0.84,3.522
2026-06-17 23:00:00,Building_C_Admin,231.86,17.95,0.827,3.444
2026-06-17 23:15:00,Building_C_Admin,230.07,17.75,0.816,3.331
2026-06-17 23:30:00,Building_C_Admin,232.71,16.69,0.834,3.238
2026-06-17 23:45:00,Building_C_Admin,230.47,18.28,0.833,3.508
2026-06-18 00:00:00,Building_C_Admin,233.99,17.73,0.798,3.313
2026-06-18 00:15:00,Building_C_Admin,234.43,14.97,0.818,2.87
2026-06-18 00:30:00,Building_C_Admin,231.03,19.31,0.796,3.55
2026-06-18 00:45:00,Building_C_Admin,226.9,17.37,0.804,3.167
2026-06-18 01:00:00,Building_C_Admin,229.7,18.7,0.784,3.368
2026-06-18 01:15:00,Building_C_Admin,512.64,18.35,0.81,7.624
2026-06-18 01:30:00,Building_C_Admin,226.26,19.09,0.762,3.292
2026-06-18 01:45:00,Building_C_Admin,224.04,18.25,0.81,3.313
2026-06-18 02:00:00,Building_C_Admin,225.73,18.11,0.806,3.296
2026-06-18 02:15:00,Building_C_Admin,231.65,17.91,0.817,3.387
2026-06-18 02:30:00,Building_C_Admin,234.82,16.79,0.853,3.365
2026-06-18 02:45:00,Building_C_Admin,234.63,17.96,0.765,3.221
2026-06-18 03:00:00,Building_C_Admin,234.62,20.05,0.79,3.715
2026-06-18 03:15:00,Building_C_Admin,229.59,18.36,0.815,3.437
2026-06-18 03:30:00,Building_C_Admin,231.73,16.04,0.799,2.972
2026-06-18 03:45:00,Building_C_Admin,224.95,18.28,0.844,3.472
2026-06-18 04:00:00,Building_C_Admin,225.91,16.88,0.784,2.991
2026-06-18 04:15:00,Building_C_Admin,226.43,17.98,0.829,3.374
2026-06-18 04:30:00,Building_C_Admin,229.62,18.51,0.823,3.498
2026-06-18 04:45:00,Building_C_Admin,229.8,18.62,0.808,3.459
2026-06-18 05:00:00,Building_C_Admin,227.6,20.16,0.803,3.683
2026-06-18 05:15:00,Building_C_Admin,236.49,15.24,0.788,2.84
2026-06-18 05:30:00,Building_C_Admin,232.87,17.09,0.827,3.29
2026-06-18 05:45:00,Building_C_Admin,230.84,17.02,0.83,3.262
2026-06-18 06:00:00,Building_C_Admin,229.02,18.22,0.83,3.461
2026-06-18 06:15:00,Building_C_Admin,229.49,22.34,0.788,4.042
2026-06-18 06:30:00,Building_C_Admin,229.54,23.38,0.755,4.051
2026-06-18 06:45:00,Building_C_Admin,228.29,25.29,0.779,4.495
2026-06-18 07:00:00,Building_C_Admin,227.98,26.41,0.75,4.516
2026-06-18 07:15:00,Building_C_Admin,238.84,27.16,0.756,4.908
2026-06-18 07:30:00,Building_C_Admin,228.91,33.14,0.75,5.689
2026-06-18 07:45:00,Building_C_Admin,232.9,31.61,0.75,5.522
2026-06-18 08:00:00,Building_C_Admin,220.51,33.08,0.783,5.714
2026-06-18 08:15:00,Building_C_Admin,220.81,36.19,0.75,5.993
2026-06-18 08:30:00,Building_C_Admin,232.46,38.49,0.75,6.71
2026-06-18 08:45:00,Building_C_Admin,229.98,35.39,0.75,6.104
2026-06-18 09:00:00,Building_C_Admin,225.58,38.89,0.75,6.58
2026-06-18 09:15:00,Building_C_Admin,232.98,36.76,0.75,6.423
2026-06-18 09:30:00,Building_C_Admin,235.91,42.21,0.75,7.469
2026-06-18 09:45:00,Building_C_Admin,231.87,45.45,0.75,7.905
2026-06-18 10:00:00,Building_C_Admin,224.09,43.8,0.75,7.361
2026-06-18 10:15:00,Building_C_Admin,227.69,55.6,0.75,9.495
2026-06-18 10:30:00,Building_C_Admin,230.27,49.78,0.75,8.598
2026-06-18 10:45:00,Building_C_Admin,229.96,47.0,0.75,8.107
2026-06-18 11:00:00,Building_C_Admin,225.63,42.82,0.75,7.246
2026-06-18 11:15:00,Building_C_Admin,230.08,48.88,0.75,8.435
2026-06-18 11:30:00,Building_C_Admin,230.35,48.22,0.75,8.33
2026-06-18 11:45:00,Building_C_Admin,231.33,49.73,0.75,8.629
2026-06-18 12:00:00,Building_C_Admin,230.85,56.4,0.75,9.764
2026-06-18 12:15:00,Building_C_Admin,225.72,48.66,0.75,8.237
2026-06-18 12:30:00,Building_C_Admin,233.45,50.32,0.75,8.811
2026-06-18 12:45:00,Building_C_Admin,226.61,54.44,0.75,9.253
2026-06-18 13:00:00,Building_C_Admin,230.55,52.12,0.75,9.013
2026-06-18 13:15:00,Building_C_Admin,226.82,44.71,0.75,7.606
2026-06-18 13:30:00,Building_C_Admin,228.89,52.02,0.75,8.931
2026-06-18 13:45:00,Building_C_Admin,231.42,49.04,0.75,8.511
2026-06-18 14:00:00,Building_C_Admin,231.51,47.93,0.75,8.321
2026-06-18 14:15:00,Building_C_Admin,228.64,39.08,0.75,6.701
2026-06-18 14:30:00,Building_C_Admin,226.16,35.12,0.75,5.957
2026-06-18 14:45:00,Building_C_Admin,228.94,47.88,0.75,8.222
2026-06-18 15:00:00,Building_C_Admin,229.88,42.83,0.75,7.384
2026-06-18 15:15:00,Building_C_Admin,228.43,35.09,0.75,6.011
2026-06-18 15:30:00,Building_C_Admin,226.74,39.21,0.75,6.667
2026-06-18 15:45:00,Building_C_Admin,231.14,34.35,0.75,5.954
2026-06-18 16:00:00,Building_C_Admin,230.78,35.45,0.75,6.136
2026-06-18 16:15:00,Building_C_Admin,228.12,29.96,0.75,5.125
2026-06-18 16:30:00,Building_C_Admin,229.32,30.66,0.75,5.273
2026-06-18 16:45:00,Building_C_Admin,229.96,30.91,0.75,5.332
2026-06-18 17:00:00,Building_C_Admin,230.83,21.34,0.803,3.955
2026-06-18 17:15:00,Building_C_Admin,228.88,21.62,0.785,3.883
2026-06-18 17:30:00,Building_C_Admin,228.71,21.68,0.766,3.799
2026-06-18 17:45:00,Building_C_Admin,225.1,21.91,0.792,3.904
2026-06-18 18:00:00,Building_C_Admin,232.49,20.02,0.794,3.696
2026-06-18 18:15:00,Building_C_Admin,227.88,20.46,0.805,3.753
2026-06-18 18:30:00,Building_C_Admin,236.07,16.63,0.799,3.136
2026-06-18 18:45:00,Building_C_Admin,229.37,19.25,0.82,3.62
2026-06-18 19:00:00,Building_C_Admin,228.29,17.89,0.83,3.389
2026-06-18 19:15:00,Building_C_Admin,226.15,18.51,0.798,3.339
2026-06-18 19:30:00,Building_C_Admin,225.45,17.5,0.81,3.195
2026-06-18 19:45:00,Building_C_Admin,230.99,18.22,0.779,3.276
2026-06-18 20:00:00,Building_C_Admin,230.11,15.23,0.792,2.777
2026-06-18 20:15:00,Building_C_Admin,235.93,18.07,0.809,3.447
2026-06-18 20:30:00,Building_C_Admin,229.8,15.68,0.866,3.12
2026-06-18 20:45:00,Building_C_Admin,226.87,18.17,0.8,3.298
2026-06-18 21:00:00,Building_C_Admin,225.88,17.45,0.831,3.275
2026-06-18 21:15:00,Building_C_Admin,227.99,18.84,0.788,3.387
2026-06-18 21:30:00,Building_C_Admin,225.57,15.96,0.822,2.961
2026-06-18 21:45:00,Building_C_Admin,225.69,17.34,0.842,3.294
2026-06-18 22:00:00,Building_C_Admin,231.25,19.08,0.823,3.63
2026-06-18 22:15:00,Building_C_Admin,231.85,17.67,0.842,3.451
2026-06-18 22:30:00,Building_C_Admin,228.93,16.2,0.831,3.081
2026-06-18 22:45:00,Building_C_Admin,224.08,18.88,0.803,3.396
2026-06-18 23:00:00,Building_C_Admin,232.12,19.75,0.803,3.681
2026-06-18 23:15:00,Building_C_Admin,224.97,17.33,0.82,3.199
2026-06-18 23:30:00,Building_C_Admin,231.35,13.03,0.823,2.482
2026-06-18 23:45:00,Building_C_Admin,229.2,17.86,0.804,3.29
2026-06-19 00:00:00,Building_C_Admin,227.64,16.9,0.833,3.204
2026-06-19 00:15:00,Building_C_Admin,232.95,18.83,0.795,3.486
2026-06-19 00:30:00,Building_C_Admin,226.49,19.49,0.82,3.62
2026-06-19 00:45:00,Building_C_Admin,231.47,15.44,0.823,2.942
2026-06-19 01:00:00,Building_C_Admin,237.32,15.01,0.856,3.05
2026-06-19 01:15:00,Building_C_Admin,229.05,18.93,0.795,3.449
2026-06-19 01:30:00,Building_C_Admin,233.19,17.74,0.782,3.234
2026-06-19 01:45:00,Building_C_Admin,234.31,18.48,0.781,3.381
2026-06-19 02:00:00,Building_C_Admin,231.8,17.27,0.801,3.206
2026-06-19 02:15:00,Building_C_Admin,228.25,18.18,0.789,3.274
2026-06-19 02:30:00,Building_C_Admin,230.0,19.09,0.791,3.474
2026-06-19 02:45:00,Building_C_Admin,232.09,16.25,0.819,3.087
2026-06-19 03:00:00,Building_C_Admin,229.18,17.57,0.811,3.266
2026-06-19 03:15:00,Building_C_Admin,226.6,18.69,0.812,3.437
2026-06-19 03:30:00,Building_C_Admin,234.3,17.59,0.786,3.242
2026-06-19 03:45:00,Building_C_Admin,230.37,18.11,0.763,3.184
2026-06-19 04:00:00,Building_C_Admin,230.02,20.18,0.805,3.735
2026-06-19 04:15:00,Building_C_Admin,232.92,17.17,0.824,3.296
2026-06-19 04:30:00,Building_C_Admin,225.32,18.54,0.79,3.302
2026-06-19 04:45:00,Building_C_Admin,226.28,19.22,0.787,3.425
2026-06-19 05:00:00,Building_C_Admin,232.97,17.84,0.819,3.405
2026-06-19 05:15:00,Building_C_Admin,228.6,17.04,0.794,3.094
2026-06-19 05:30:00,Building_C_Admin,226.91,18.23,0.812,3.36
2026-06-19 05:45:00,Building_C_Admin,233.0,18.5,0.789,3.402
2026-06-19 06:00:00,Building_C_Admin,225.73,17.82,0.79,3.178
2026-06-19 06:15:00,Building_C_Admin,232.23,17.88,0.811,3.366
2026-06-19 06:30:00,Building_C_Admin,228.13,18.91,0.773,3.332
2026-06-19 06:45:00,Building_C_Admin,233.64,23.43,0.75,4.105
2026-06-19 07:00:00,Building_C_Admin,234.52,26.64,0.751,4.694
2026-06-19 07:15:00,Building_C_Admin,234.43,29.05,0.75,5.108
2026-06-19 07:30:00,Building_C_Admin,230.46,31.95,0.75,5.523
2026-06-19 07:45:00,Building_C_Admin,231.08,35.09,0.75,6.081
2026-06-19 08:00:00,Building_C_Admin,233.02,30.86,0.75,5.393
2026-06-19 08:15:00,Building_C_Admin,229.13,34.8,0.75,5.98
2026-06-19 08:30:00,Building_C_Admin,228.36,34.64,0.75,5.932
2026-06-19 08:45:00,Building_C_Admin,233.26,42.19,0.75,7.382
2026-06-19 09:00:00,Building_C_Admin,230.41,34.22,0.75,5.913
2026-06-19 09:15:00,Building_C_Admin,232.11,45.27,0.75,7.88
2026-06-19 09:30:00,Building_C_Admin,230.01,41.71,0.75,7.196
2026-06-19 09:45:00,Building_C_Admin,223.1,44.38,0.75,7.425
2026-06-19 10:00:00,Building_C_Admin,230.22,43.83,0.75,7.567
2026-06-19 10:15:00,Building_C_Admin,224.25,42.97,0.75,7.227
2026-06-19 10:30:00,Building_C_Admin,225.83,102.65,0.75,17.386
2026-06-19 10:45:00,Building_C_Admin,236.57,51.87,0.75,9.203
2026-06-19 11:00:00,Building_C_Admin,227.0,50.56,0.75,8.607
2026-06-19 11:15:00,Building_C_Admin,235.66,48.24,0.75,8.526
2026-06-19 11:30:00,Building_C_Admin,232.03,46.62,0.75,8.112
2026-06-19 11:45:00,Building_C_Admin,227.9,46.72,0.75,7.985
2026-06-19 12:00:00,Building_C_Admin,228.46,48.8,0.75,8.363
2026-06-19 12:15:00,Building_C_Admin,226.94,48.86,0.75,8.316
2026-06-19 12:30:00,Building_C_Admin,228.02,47.71,0.75,8.159
2026-06-19 12:45:00,Building_C_Admin,226.61,46.77,0.75,7.948
2026-06-19 13:00:00,Building_C_Admin,230.06,53.21,0.75,9.182
2026-06-19 13:15:00,Building_C_Admin,226.27,49.46,0.75,8.393
2026-06-19 13:30:00,Building_C_Admin,226.86,44.46,0.75,7.565
2026-06-19 13:45:00,Building_C_Admin,232.08,43.9,0.75,7.641
2026-06-19 14:00:00,Building_C_Admin,226.93,45.66,0.75,7.771
2026-06-19 14:15:00,Building_C_Admin,229.3,44.96,0.75,7.732
2026-06-19 14:30:00,Building_C_Admin,232.96,42.62,0.75,7.446
2026-06-19 14:45:00,Building_C_Admin,231.31,38.94,0.75,6.756
2026-06-19 15:00:00,Building_C_Admin,226.34,36.16,0.75,6.139
2026-06-19 15:15:00,Building_C_Admin,231.37,40.77,0.75,7.075
2026-06-19 15:30:00,Building_C_Admin,227.45,37.15,0.75,6.338
2026-06-19 15:45:00,Building_C_Admin,229.15,34.64,0.75,5.954
2026-06-19 16:00:00,Building_C_Admin,232.97,33.28,0.75,5.815
2026-06-19 16:15:00,Building_C_Admin,232.02,29.11,0.75,5.066
2026-06-19 16:30:00,Building_C_Admin,231.42,28.33,0.79,5.177
2026-06-19 16:45:00,Building_C_Admin,233.31,28.81,0.75,5.041
2026-06-19 17:00:00,Building_C_Admin,231.89,24.79,0.759,4.366
2026-06-19 17:15:00,Building_C_Admin,233.56,23.47,0.776,4.254
2026-06-19 17:30:00,Building_C_Admin,230.02,21.85,0.782,3.929
2026-06-19 17:45:00,Building_C_Admin,233.82,23.17,0.821,4.447
2026-06-19 18:00:00,Building_C_Admin,232.31,19.81,0.818,3.764
2026-06-19 18:15:00,Building_C_Admin,231.03,16.37,0.825,3.119
2026-06-19 18:30:00,Building_C_Admin,224.96,17.18,0.808,3.123
2026-06-19 18:45:00,Building_C_Admin,233.21,18.17,0.833,3.533
2026-06-19 19:00:00,Building_C_Admin,230.71,18.79,0.802,3.475
2026-06-19 19:15:00,Building_C_Admin,226.03,16.94,0.831,3.181
2026-06-19 19:30:00,Building_C_Admin,230.59,18.98,0.815,3.568
2026-06-19 19:45:00,Building_C_Admin,228.23,18.39,0.818,3.433
2026-06-19 20:00:00,Building_C_Admin,230.68,15.12,0.843,2.941
2026-06-19 20:15:00,Building_C_Admin,224.94,18.41,0.795,3.291
2026-06-19 20:30:00,Building_C_Admin,231.23,21.54,0.75,3.735
2026-06-19 20:45:00,Building_C_Admin,227.08,17.17,0.813,3.171
2026-06-19 21:00:00,Building_C_Admin,228.27,17.81,0.815,3.315
2026-06-19 21:15:00,Building_C_Admin,230.29,17.59,0.793,3.211
2026-06-19 21:30:00,Building_C_Admin,231.23,17.69,0.812,3.322
2026-06-19 21:45:00,Building_C_Admin,236.68,16.41,0.784,3.045
2026-06-19 22:00:00,Building_C_Admin,232.85,18.41,0.824,3.531
2026-06-19 22:15:00,Building_C_Admin,227.07,16.99,0.82,3.161
2026-06-19 22:30:00,Building_C_Admin,233.55,20.05,0.805,3.771
2026-06-19 22:45:00,Building_C_Admin,230.25,19.95,0.799,3.67
2026-06-19 23:00:00,Building_C_Admin,233.03,16.02,0.791,2.951
2026-06-19 23:15:00,Building_C_Admin,232.67,19.59,0.801,3.65
2026-06-19 23:30:00,Building_C_Admin,226.9,19.0,0.782,3.372
2026-06-19 23:45:00,Building_C_Admin,235.37,16.66,0.823,3.225
2026-06-20 00:00:00,Building_C_Admin,235.53,18.62,0.814,3.572
2026-06-20 00:15:00,Building_C_Admin,232.3,17.9,0.804,3.343
2026-06-20 00:30:00,Building_C_Admin,230.3,19.34,0.856,3.815
2026-06-20 00:45:00,Building_C_Admin,224.67,17.17,0.836,3.225
2026-06-20 01:00:00,Building_C_Admin,224.27,16.67,0.821,3.069
2026-06-20 01:15:00,Building_C_Admin,226.95,16.71,0.824,3.125
2026-06-20 01:30:00,Building_C_Admin,234.17,18.93,0.794,3.519
2026-06-20 01:45:00,Building_C_Admin,236.84,17.02,0.847,3.414
2026-06-20 02:00:00,Building_C_Admin,232.15,19.86,0.804,3.708
2026-06-20 02:15:00,Building_C_Admin,229.38,18.78,0.846,3.643
2026-06-20 02:30:00,Building_C_Admin,233.59,18.13,0.811,3.433
2026-06-20 02:45:00,Building_C_Admin,228.41,18.02,0.812,3.341
2026-06-20 03:00:00,Building_C_Admin,231.07,17.79,0.824,3.386
2026-06-20 03:15:00,Building_C_Admin,230.49,21.94,0.794,4.017
2026-06-20 03:30:00,Building_C_Admin,227.29,20.13,0.81,3.703
2026-06-20 03:45:00,Building_C_Admin,227.67,17.47,0.805,3.201
2026-06-20 04:00:00,Building_C_Admin,229.55,17.87,0.826,3.388
2026-06-20 04:15:00,Building_C_Admin,234.37,15.92,0.853,3.182
2026-06-20 04:30:00,Building_C_Admin,228.25,19.78,0.774,3.495
2026-06-20 04:45:00,Building_C_Admin,224.98,17.01,0.811,3.102
2026-06-20 05:00:00,Building_C_Admin,233.28,18.34,0.836,3.575
2026-06-20 05:15:00,Building_C_Admin,234.5,17.64,0.78,3.225
2026-06-20 05:30:00,Building_C_Admin,225.39,17.0,0.839,3.215
2026-06-20 05:45:00,Building_C_Admin,232.55,17.91,0.833,3.469
2026-06-20 06:00:00,Building_C_Admin,231.08,17.65,0.789,3.219
2026-06-20 06:15:00,Building_C_Admin,227.7,16.93,0.825,3.183
2026-06-20 06:30:00,Building_C_Admin,230.57,19.62,0.812,3.675
2026-06-20 06:45:00,Building_C_Admin,229.97,20.71,0.812,3.869
2026-06-20 07:00:00,Building_C_Admin,236.44,22.2,0.797,4.184
2026-06-20 07:15:00,Building_C_Admin,228.35,21.92,0.774,3.874
2026-06-20 07:30:00,Building_C_Admin,227.84,20.99,0.786,3.76
2026-06-20 07:45:00,Building_C_Admin,240.02,25.43,0.75,4.578
2026-06-20 08:00:00,Building_C_Admin,232.7,24.11,0.75,4.209
2026-06-20 08:15:00,Building_C_Admin,232.05,21.06,0.804,3.932
2026-06-20 08:30:00,Building_C_Admin,228.17,22.59,0.75,3.866
2026-06-20 08:45:00,Building_C_Admin,236.01,25.89,0.778,4.752
2026-06-20 09:00:00,Building_C_Admin,227.88,26.34,0.75,4.502
2026-06-20 09:15:00,Building_C_Admin,227.99,26.33,0.773,4.639
2026-06-20 09:30:00,Building_C_Admin,228.74,26.56,0.751,4.561
2026-06-20 09:45:00,Building_C_Admin,228.26,25.56,0.752,4.389
2026-06-20 10:00:00,Building_C_Admin,225.0,28.62,0.752,4.844
2026-06-20 10:15:00,Building_C_Admin,224.31,27.37,0.75,4.605
2026-06-20 10:30:00,Building_C_Admin,230.94,27.91,0.789,5.083
2026-06-20 10:45:00,Building_C_Admin,238.49,28.18,0.766,5.151
2026-06-20 11:00:00,Building_C_Admin,231.5,25.97,0.75,4.509
2026-06-20 11:15:00,Building_C_Admin,232.42,32.51,0.75,5.666
2026-06-20 11:30:00,Building_C_Admin,233.64,23.54,0.799,4.395
2026-06-20 11:45:00,Building_C_Admin,235.92,26.27,0.75,4.649
2026-06-20 12:00:00,Building_C_Admin,229.02,27.19,0.775,4.829
2026-06-20 12:15:00,Building_C_Admin,229.95,26.87,0.75,4.634
2026-06-20 12:30:00,Building_C_Admin,229.62,28.24,0.75,4.863
2026-06-20 12:45:00,Building_C_Admin,228.59,31.34,0.75,5.374
2026-06-20 13:00:00,Building_C_Admin,231.06,29.49,0.75,5.111
2026-06-20 13:15:00,Building_C_Admin,227.28,26.88,0.75,4.582
2026-06-20 13:30:00,Building_C_Admin,227.33,24.45,0.759,4.218
2026-06-20 13:45:00,Building_C_Admin,223.89,26.9,0.75,4.516
2026-06-20 14:00:00,Building_C_Admin,227.16,25.71,0.751,4.385
2026-06-20 14:15:00,Building_C_Admin,228.78,28.74,0.754,4.959
2026-06-20 14:30:00,Building_C_Admin,232.36,26.38,0.77,4.719
2026-06-20 14:45:00,Building_C_Admin,232.46,27.46,0.75,4.787
2026-06-20 15:00:00,Building_C_Admin,231.75,22.98,0.755,4.024
2026-06-20 15:15:00,Building_C_Admin,228.97,24.54,0.75,4.215
2026-06-20 15:30:00,Building_C_Admin,233.03,23.38,0.775,4.223
2026-06-20 15:45:00,Building_C_Admin,230.4,25.61,0.802,4.73
2026-06-20 16:00:00,Building_C_Admin,228.62,20.78,0.8,3.801
2026-06-20 16:15:00,Building_C_Admin,225.4,21.84,0.764,3.759
2026-06-20 16:30:00,Building_C_Admin,230.6,23.0,0.781,4.144
2026-06-20 16:45:00,Building_C_Admin,233.85,23.71,0.778,4.312
2026-06-20 17:00:00,Building_C_Admin,238.59,18.97,0.75,3.394
2026-06-20 17:15:00,Building_C_Admin,228.6,18.72,0.766,3.279
2026-06-20 17:30:00,Building_C_Admin,225.74,20.47,0.791,3.653
2026-06-20 17:45:00,Building_C_Admin,225.46,18.38,0.781,3.238
2026-06-20 18:00:00,Building_C_Admin,228.64,18.09,0.836,3.459
2026-06-20 18:15:00,Building_C_Admin,227.02,18.65,0.766,3.244
2026-06-20 18:30:00,Building_C_Admin,231.45,19.27,0.797,3.556
2026-06-20 18:45:00,Building_C_Admin,231.58,16.95,0.795,3.119
2026-06-20 19:00:00,Building_C_Admin,234.09,20.08,0.802,3.77
2026-06-20 19:15:00,Building_C_Admin,225.36,16.96,0.84,3.211
2026-06-20 19:30:00,Building_C_Admin,222.88,20.26,0.789,3.562
2026-06-20 19:45:00,Building_C_Admin,233.14,16.47,0.841,3.228
2026-06-20 20:00:00,Building_C_Admin,233.6,15.92,0.824,3.063
2026-06-20 20:15:00,Building_C_Admin,227.98,20.17,0.803,3.694
2026-06-20 20:30:00,Building_C_Admin,232.61,19.12,0.789,3.509
2026-06-20 20:45:00,Building_C_Admin,232.73,19.36,0.811,3.656
2026-06-20 21:00:00,Building_C_Admin,230.67,16.66,0.839,3.224
2026-06-20 21:15:00,Building_C_Admin,231.25,19.61,0.833,3.775
2026-06-20 21:30:00,Building_C_Admin,228.95,16.75,0.832,3.191
2026-06-20 21:45:00,Building_C_Admin,232.15,16.96,0.794,3.127
2026-06-20 22:00:00,Building_C_Admin,231.5,19.86,0.757,3.48
2026-06-20 22:15:00,Building_C_Admin,230.65,19.24,0.805,3.574
2026-06-20 22:30:00,Building_C_Admin,238.64,17.16,0.8,3.275
2026-06-20 22:45:00,Building_C_Admin,229.75,19.34,0.815,3.621
2026-06-20 23:00:00,Building_C_Admin,231.07,19.0,0.84,3.687
2026-06-20 23:15:00,Building_C_Admin,232.39,17.15,0.805,3.207
2026-06-20 23:30:00,Building_C_Admin,228.03,15.6,0.823,2.929
2026-06-20 23:45:00,Building_C_Admin,237.23,17.98,0.793,3.383
2026-06-21 00:00:00,Building_C_Admin,232.36,15.6,0.823,2.985
2026-06-21 00:15:00,Building_C_Admin,235.61,18.81,0.812,3.596
2026-06-21 00:30:00,Building_C_Admin,228.07,19.15,0.75,3.278
2026-06-21 00:45:00,Building_C_Admin,230.76,18.29,0.793,3.345
2026-06-21 01:00:00,Building_C_Admin,230.28,17.58,0.823,3.333
2026-06-21 01:15:00,Building_C_Admin,226.85,18.15,0.801,3.299
2026-06-21 01:30:00,Building_C_Admin,229.72,18.51,0.806,3.428
2026-06-21 01:45:00,Building_C_Admin,222.02,18.18,0.813,3.28
2026-06-21 02:00:00,Building_C_Admin,232.91,18.0,0.779,3.265
2026-06-21 02:15:00,Building_C_Admin,228.37,18.52,0.802,3.391
2026-06-21 02:30:00,Building_C_Admin,237.63,15.69,0.871,3.25
2026-06-21 02:45:00,Building_C_Admin,229.02,16.45,0.814,3.064
2026-06-21 03:00:00,Building_C_Admin,236.71,18.41,0.835,3.636
2026-06-21 03:15:00,Building_C_Admin,227.34,17.54,0.816,3.252
2026-06-21 03:30:00,Building_C_Admin,232.18,19.39,0.807,3.632
2026-06-21 03:45:00,Building_C_Admin,225.48,18.66,0.78,3.283
2026-06-21 04:00:00,Building_C_Admin,232.95,18.14,0.828,3.499
2026-06-21 04:15:00,Building_C_Admin,231.41,17.51,0.793,3.214
2026-06-21 04:30:00,Building_C_Admin,228.35,19.72,0.806,3.632
2026-06-21 04:45:00,Building_C_Admin,238.79,17.73,0.834,3.532
2026-06-21 05:00:00,Building_C_Admin,229.3,14.28,0.866,2.837
2026-06-21 05:15:00,Building_C_Admin,234.16,19.64,0.815,3.75
2026-06-21 05:30:00,Building_C_Admin,229.79,16.39,0.824,3.102
2026-06-21 05:45:00,Building_C_Admin,230.31,18.08,0.796,3.315
2026-06-21 06:00:00,Building_C_Admin,222.38,17.03,0.817,3.093
2026-06-21 06:15:00,Building_C_Admin,231.32,20.93,0.753,3.647
2026-06-21 06:30:00,Building_C_Admin,227.17,20.59,0.784,3.669
2026-06-21 06:45:00,Building_C_Admin,233.93,19.64,0.809,3.716
2026-06-21 07:00:00,Building_C_Admin,235.5,19.74,0.784,3.644
2026-06-21 07:15:00,Building_C_Admin,237.1,20.42,0.796,3.855
2026-06-21 07:30:00,Building_C_Admin,226.47,19.61,0.789,3.505
2026-06-21 07:45:00,Building_C_Admin,230.25,23.07,0.763,4.056
2026-06-21 08:00:00,Building_C_Admin,225.55,20.43,0.784,3.611
2026-06-21 08:15:00,Building_C_Admin,235.64,24.47,0.785,4.525
2026-06-21 08:30:00,Building_C_Admin,231.78,26.44,0.761,4.663
2026-06-21 08:45:00,Building_C_Admin,226.27,20.17,0.776,3.542
2026-06-21 09:00:00,Building_C_Admin,235.56,25.97,0.778,4.761
2026-06-21 09:15:00,Building_C_Admin,229.51,27.27,0.75,4.694
2026-06-21 09:30:00,Building_C_Admin,227.51,25.32,0.75,4.32
2026-06-21 09:45:00,Building_C_Admin,233.7,26.85,0.788,4.945
2026-06-21 10:00:00,Building_C_Admin,232.78,29.73,0.75,5.191
2026-06-21 10:15:00,Building_C_Admin,223.78,26.9,0.751,4.519
2026-06-21 10:30:00,Building_C_Admin,231.63,28.09,0.75,4.88
2026-06-21 10:45:00,Building_C_Admin,233.44,25.31,0.75,4.432
2026-06-21 11:00:00,Building_C_Admin,220.97,26.44,0.761,4.449
2026-06-21 11:15:00,Building_C_Admin,237.55,27.99,0.752,4.997
2026-06-21 11:30:00,Building_C_Admin,223.37,27.68,0.75,4.637
2026-06-21 11:45:00,Building_C_Admin,230.38,24.12,0.77,4.276
2026-06-21 12:00:00,Building_C_Admin,231.85,28.63,0.75,4.978
2026-06-21 12:15:00,Building_C_Admin,221.28,25.7,0.768,4.368
2026-06-21 12:30:00,Building_C_Admin,226.84,27.39,0.77,4.786
2026-06-21 12:45:00,Building_C_Admin,236.1,30.96,0.75,5.482
2026-06-21 13:00:00,Building_C_Admin,232.96,24.83,0.761,4.401
2026-06-21 13:15:00,Building_C_Admin,229.78,29.79,0.75,5.133
2026-06-21 13:30:00,Building_C_Admin,231.19,23.5,0.784,4.261
2026-06-21 13:45:00,Building_C_Admin,226.75,27.34,0.75,4.65
2026-06-21 14:00:00,Building_C_Admin,228.57,23.21,0.775,4.112
2026-06-21 14:15:00,Building_C_Admin,230.21,30.35,0.75,5.24
2026-06-21 14:30:00,Building_C_Admin,232.61,25.69,0.75,4.482
2026-06-21 14:45:00,Building_C_Admin,230.09,23.63,0.763,4.149
2026-06-21 15:00:00,Building_C_Admin,233.59,23.51,0.783,4.303
2026-06-21 15:15:00,Building_C_Admin,234.25,26.64,0.778,4.855
2026-06-21 15:30:00,Building_C_Admin,232.43,27.72,0.783,5.042
2026-06-21 15:45:00,Building_C_Admin,230.43,26.78,0.756,4.665
2026-06-21 16:00:00,Building_C_Admin,224.86,21.9,0.818,4.027
2026-06-21 16:15:00,Building_C_Admin,230.94,23.48,0.779,4.223
2026-06-21 16:30:00,Building_C_Admin,227.85,22.82,0.809,4.204
2026-06-21 16:45:00,Building_C_Admin,230.75,21.3,0.822,4.041
2026-06-21 17:00:00,Building_C_Admin,236.7,20.4,0.816,3.941
2026-06-21 17:15:00,Building_C_Admin,229.12,20.36,0.795,3.706
2026-06-21 17:30:00,Building_C_Admin,225.09,19.12,0.75,3.228
2026-06-21 17:45:00,Building_C_Admin,227.39,17.74,0.823,3.318
2026-06-21 18:00:00,Building_C_Admin,226.27,17.83,0.839,3.385
2026-06-21 18:15:00,Building_C_Admin,229.15,17.79,0.8,3.263
2026-06-21 18:30:00,Building_C_Admin,230.2,18.01,0.806,3.342
2026-06-21 18:45:00,Building_C_Admin,231.7,19.43,0.795,3.581
2026-06-21 19:00:00,Building_C_Admin,232.72,17.1,0.8,3.183
2026-06-21 19:15:00,Building_C_Admin,234.42,20.37,0.75,3.583
2026-06-21 19:30:00,Building_C_Admin,225.32,17.79,0.797,3.193
2026-06-21 19:45:00,Building_C_Admin,229.08,15.19,0.823,2.863
2026-06-21 20:00:00,Building_C_Admin,226.64,18.68,0.814,3.448
2026-06-21 20:15:00,Building_C_Admin,229.88,55.8,0.836,10.73
2026-06-21 20:30:00,Building_C_Admin,227.08,15.58,0.84,2.971
2026-06-21 20:45:00,Building_C_Admin,235.19,17.67,0.803,3.338
2026-06-21 21:00:00,Building_C_Admin,228.26,18.35,0.785,3.29
2026-06-21 21:15:00,Building_C_Admin,229.54,17.92,0.802,3.3
2026-06-21 21:30:00,Building_C_Admin,223.52,19.82,0.811,3.594
2026-06-21 21:45:00,Building_C_Admin,230.05,20.15,0.762,3.534
2026-06-21 22:00:00,Building_C_Admin,227.56,17.42,0.813,3.225
2026-06-21 22:15:00,Building_C_Admin,226.88,18.09,0.806,3.306
2026-06-21 22:30:00,Building_C_Admin,233.14,19.05,0.801,3.557
2026-06-21 22:45:00,Building_C_Admin,232.29,18.74,0.786,3.419
2026-06-21 23:00:00,Building_C_Admin,226.42,17.71,0.812,3.253
2026-06-21 23:15:00,Building_C_Admin,227.16,17.58,0.818,3.266
2026-06-21 23:30:00,Building_C_Admin,233.96,20.27,0.796,3.774
2026-06-21 23:45:00,Building_C_Admin,229.5,17.36,0.8,3.188
2026-06-22 00:00:00,Building_C_Admin,228.94,18.95,0.811,3.52
2026-06-22 00:15:00,Building_C_Admin,228.05,15.08,0.833,2.864
2026-06-22 00:30:00,Building_C_Admin,231.3,15.44,0.854,3.05
2026-06-22 00:45:00,Building_C_Admin,232.06,20.42,0.761,3.605
2026-06-22 01:00:00,Building_C_Admin,229.87,19.85,0.806,3.676
2026-06-22 01:15:00,Building_C_Admin,226.0,17.1,0.787,3.043
2026-06-22 01:30:00,Building_C_Admin,237.18,19.1,0.762,3.45
2026-06-22 01:45:00,Building_C_Admin,235.84,20.85,0.769,3.782
2026-06-22 02:00:00,Building_C_Admin,229.21,16.95,0.816,3.17
2026-06-22 02:15:00,Building_C_Admin,228.86,17.49,0.838,3.353
2026-06-22 02:30:00,Building_C_Admin,229.2,15.73,0.839,3.023
2026-06-22 02:45:00,Building_C_Admin,227.97,17.06,0.82,3.187
2026-06-22 03:00:00,Building_C_Admin,237.89,19.16,0.805,3.668
2026-06-22 03:15:00,Building_C_Admin,228.0,19.06,0.795,3.455
2026-06-22 03:30:00,Building_C_Admin,229.62,17.23,0.805,3.185
2026-06-22 03:45:00,Building_C_Admin,222.07,21.75,0.804,3.883
2026-06-22 04:00:00,Building_C_Admin,228.48,18.05,0.806,3.326
2026-06-22 04:15:00,Building_C_Admin,229.28,70.29,0.838,13.506
2026-06-22 04:30:00,Building_C_Admin,229.52,20.05,0.837,3.851
2026-06-22 04:45:00,Building_C_Admin,473.75,15.5,0.813,5.97
2026-06-22 05:00:00,Building_C_Admin,231.63,17.49,0.832,3.369
2026-06-22 05:15:00,Building_C_Admin,228.64,15.48,0.847,2.998
2026-06-22 05:30:00,Building_C_Admin,226.9,21.52,0.815,3.98
2026-06-22 05:45:00,Building_C_Admin,229.15,17.9,0.822,3.373
2026-06-22 06:00:00,Building_C_Admin,229.96,19.01,0.815,3.562
2026-06-22 06:15:00,Building_C_Admin,234.09,20.11,0.783,3.687
2026-06-22 06:30:00,Building_C_Admin,231.5,23.35,0.793,4.288
2026-06-22 06:45:00,Building_C_Admin,221.61,26.97,0.75,4.483
2026-06-22 07:00:00,Building_C_Admin,228.99,24.0,0.75,4.122
2026-06-22 07:15:00,Building_C_Admin,232.2,27.42,0.762,4.85
2026-06-22 07:30:00,Building_C_Admin,235.61,32.77,0.75,5.791
2026-06-22 07:45:00,Building_C_Admin,225.95,36.85,0.75,6.244
2026-06-22 08:00:00,Building_C_Admin,228.25,37.93,0.75,6.493
2026-06-22 08:15:00,Building_C_Admin,229.39,35.12,0.75,6.043
2026-06-22 08:30:00,Building_C_Admin,230.52,35.72,0.75,6.176
2026-06-22 08:45:00,Building_C_Admin,225.26,41.27,0.75,6.972
2026-06-22 09:00:00,Building_C_Admin,228.59,36.88,0.75,6.323
2026-06-22 09:15:00,Building_C_Admin,227.21,44.21,0.75,7.534
2026-06-22 09:30:00,Building_C_Admin,232.6,46.86,0.75,8.175
2026-06-22 09:45:00,Building_C_Admin,229.58,43.1,0.75,7.422
2026-06-22 10:00:00,Building_C_Admin,224.48,46.07,0.75,7.757
2026-06-22 10:15:00,Building_C_Admin,226.87,49.37,0.75,8.4
2026-06-22 10:30:00,Building_C_Admin,233.42,43.86,0.75,7.678
2026-06-22 10:45:00,Building_C_Admin,229.84,48.77,0.75,8.407
2026-06-22 11:00:00,Building_C_Admin,230.38,45.56,0.75,7.872
2026-06-22 11:15:00,Building_C_Admin,230.34,44.74,0.75,7.73
2026-06-22 11:30:00,Building_C_Admin,222.5,51.0,0.75,8.511
2026-06-22 11:45:00,Building_C_Admin,236.41,45.26,0.75,8.025
2026-06-22 12:00:00,Building_C_Admin,233.17,51.28,0.75,8.967
2026-06-22 12:15:00,Building_C_Admin,230.4,52.41,0.75,9.056
2026-06-22 12:30:00,Building_C_Admin,233.36,58.82,0.75,10.294
2026-06-22 12:45:00,Building_C_Admin,232.62,48.69,0.75,8.494
2026-06-22 13:00:00,Building_C_Admin,227.91,46.97,0.75,8.028
2026-06-22 13:15:00,Building_C_Admin,225.62,51.43,0.75,8.702
2026-06-22 13:30:00,Building_C_Admin,225.66,44.36,0.75,7.508
2026-06-22 13:45:00,Building_C_Admin,224.78,49.18,0.75,8.291
2026-06-22 14:00:00,Building_C_Admin,229.89,45.78,0.75,7.894
2026-06-22 14:15:00,Building_C_Admin,231.43,40.26,0.75,6.988
2026-06-22 14:30:00,Building_C_Admin,231.82,37.24,0.75,6.475
2026-06-22 14:45:00,Building_C_Admin,229.97,44.16,0.75,7.616
2026-06-22 15:00:00,Building_C_Admin,226.89,44.68,0.75,7.602
2026-06-22 15:15:00,Building_C_Admin,231.16,40.44,0.75,7.011
2026-06-22 15:30:00,Building_C_Admin,231.38,100.72,0.75,17.479
2026-06-22 15:45:00,Building_C_Admin,224.05,33.29,0.75,5.594
2026-06-22 16:00:00,Building_C_Admin,228.69,34.74,0.75,5.958
2026-06-22 16:15:00,Building_C_Admin,230.6,36.35,0.75,6.287
2026-06-22 16:30:00,Building_C_Admin,226.52,31.01,0.75,5.268
2026-06-22 16:45:00,Building_C_Admin,230.85,26.19,0.771,4.661
2026-06-22 17:00:00,Building_C_Admin,224.64,29.42,0.75,4.957
2026-06-22 17:15:00,Building_C_Admin,229.27,23.3,0.752,4.017
2026-06-22 17:30:00,Building_C_Admin,227.83,24.68,0.769,4.323
2026-06-22 17:45:00,Building_C_Admin,222.43,20.19,0.832,3.737
2026-06-22 18:00:00,Building_C_Admin,228.69,21.33,0.807,3.938
2026-06-22 18:15:00,Building_C_Admin,234.27,17.44,0.84,3.434
2026-06-22 18:30:00,Building_C_Admin,228.36,19.12,0.77,3.363
2026-06-22 18:45:00,Building_C_Admin,234.73,19.73,0.818,3.785
2026-06-22 19:00:00,Building_C_Admin,229.08,19.53,0.764,3.415
2026-06-22 19:15:00,Building_C_Admin,230.67,19.09,0.857,3.774
2026-06-22 19:30:00,Building_C_Admin,229.16,17.78,0.823,3.353
2026-06-22 19:45:00,Building_C_Admin,229.98,16.93,0.838,3.261
2026-06-22 20:00:00,Building_C_Admin,232.62,18.29,0.819,3.484
2026-06-22 20:15:00,Building_C_Admin,228.37,15.48,0.842,2.975
2026-06-22 20:30:00,Building_C_Admin,229.09,18.14,0.831,3.451
2026-06-22 20:45:00,Building_C_Admin,220.7,16.27,0.821,2.948
2026-06-22 21:00:00,Building_C_Admin,227.44,19.7,0.813,3.644
2026-06-22 21:15:00,Building_C_Admin,231.53,19.29,0.822,3.672
2026-06-22 21:30:00,Building_C_Admin,231.31,15.63,0.816,2.951
2026-06-22 21:45:00,Building_C_Admin,237.46,19.46,0.841,3.885
2026-06-22 22:00:00,Building_C_Admin,229.64,19.74,0.777,3.52
2026-06-22 22:15:00,Building_C_Admin,217.64,17.34,0.809,3.053
2026-06-22 22:30:00,Building_C_Admin,230.56,19.39,0.77,3.442
2026-06-22 22:45:00,Building_C_Admin,233.69,18.11,0.76,3.217
2026-06-22 23:00:00,Building_C_Admin,231.26,14.47,0.846,2.829
2026-06-22 23:15:00,Building_C_Admin,224.78,18.72,0.802,3.377
2026-06-22 23:30:00,Building_C_Admin,225.22,16.22,0.83,3.031
2026-06-22 23:45:00,Building_C_Admin,229.76,19.04,0.771,3.371
2026-06-23 00:00:00,Building_C_Admin,232.02,18.13,0.793,3.335
2026-06-23 00:15:00,Building_C_Admin,225.53,16.55,0.857,3.199
2026-06-23 00:30:00,Building_C_Admin,238.99,18.48,0.825,3.644
2026-06-23 00:45:00,Building_C_Admin,229.57,15.18,0.834,2.907
2026-06-23 01:00:00,Building_C_Admin,225.66,17.54,0.795,3.147
2026-06-23 01:15:00,Building_C_Admin,229.32,19.34,0.809,3.59
2026-06-23 01:30:00,Building_C_Admin,228.72,17.51,0.782,3.132
2026-06-23 01:45:00,Building_C_Admin,230.43,17.63,0.801,3.255
2026-06-23 02:00:00,Building_C_Admin,229.23,18.17,0.844,3.516
2026-06-23 02:15:00,Building_C_Admin,229.38,17.64,0.772,3.124
2026-06-23 02:30:00,Building_C_Admin,231.8,17.91,0.799,3.315
2026-06-23 02:45:00,Building_C_Admin,232.3,17.76,0.817,3.37
2026-06-23 03:00:00,Building_C_Admin,231.81,18.84,0.772,3.369
2026-06-23 03:15:00,Building_C_Admin,229.6,18.62,0.806,3.444
2026-06-23 03:30:00,Building_C_Admin,234.23,20.19,0.791,3.739
2026-06-23 03:45:00,Building_C_Admin,229.23,16.31,0.84,3.141
2026-06-23 04:00:00,Building_C_Admin,229.48,18.46,0.788,3.339
2026-06-23 04:15:00,Building_C_Admin,226.62,17.44,0.851,3.363
2026-06-23 04:30:00,Building_C_Admin,232.46,19.16,0.832,3.704
2026-06-23 04:45:00,Building_C_Admin,226.14,18.02,0.825,3.361
2026-06-23 05:00:00,Building_C_Admin,230.27,17.98,0.816,3.377
2026-06-23 05:15:00,Building_C_Admin,226.48,15.99,0.861,3.116
2026-06-23 05:30:00,Building_C_Admin,223.89,20.66,0.816,3.773
2026-06-23 05:45:00,Building_C_Admin,224.65,16.52,0.806,2.99
2026-06-23 06:00:00,Building_C_Admin,234.92,18.29,0.819,3.52
2026-06-23 06:15:00,Building_C_Admin,230.2,20.14,0.821,3.809
2026-06-23 06:30:00,Building_C_Admin,230.78,23.04,0.768,4.085
2026-06-23 06:45:00,Building_C_Admin,239.43,25.13,0.775,4.664
2026-06-23 07:00:00,Building_C_Admin,227.28,27.85,0.759,4.805
2026-06-23 07:15:00,Building_C_Admin,232.79,29.42,0.75,5.136
2026-06-23 07:30:00,Building_C_Admin,226.35,32.48,0.75,5.514
2026-06-23 07:45:00,Building_C_Admin,232.21,35.95,0.75,6.261
2026-06-23 08:00:00,Building_C_Admin,228.67,34.36,0.75,5.894
2026-06-23 08:15:00,Building_C_Admin,229.08,35.7,0.75,6.134
2026-06-23 08:30:00,Building_C_Admin,225.4,34.2,0.75,5.781
2026-06-23 08:45:00,Building_C_Admin,228.26,41.99,0.75,7.188
2026-06-23 09:00:00,Building_C_Admin,229.15,41.49,0.75,7.131
2026-06-23 09:15:00,Building_C_Admin,224.55,42.45,0.75,7.149
2026-06-23 09:30:00,Building_C_Admin,232.43,42.5,0.75,7.409
2026-06-23 09:45:00,Building_C_Admin,231.02,42.73,0.75,7.404
2026-06-23 10:00:00,Building_C_Admin,231.95,42.05,0.75,7.314
2026-06-23 10:15:00,Building_C_Admin,232.68,45.51,0.75,7.941
2026-06-23 10:30:00,Building_C_Admin,229.89,43.43,0.75,7.488
2026-06-23 10:45:00,Building_C_Admin,228.86,46.68,0.75,8.012
2026-06-23 11:00:00,Building_C_Admin,226.09,47.12,0.75,7.99
2026-06-23 11:15:00,Building_C_Admin,239.32,54.69,0.75,9.816
2026-06-23 11:30:00,Building_C_Admin,234.94,44.63,0.75,7.863
2026-06-23 11:45:00,Building_C_Admin,231.24,48.82,0.75,8.467
2026-06-23 12:00:00,Building_C_Admin,236.8,43.44,0.75,7.715
2026-06-23 12:15:00,Building_C_Admin,231.72,49.22,0.75,8.554
2026-06-23 12:30:00,Building_C_Admin,227.87,46.11,0.75,7.881
2026-06-23 12:45:00,Building_C_Admin,228.6,49.27,0.75,8.447
2026-06-23 13:00:00,Building_C_Admin,232.94,53.38,0.75,9.326
2026-06-23 13:15:00,Building_C_Admin,232.67,46.73,0.75,8.155
2026-06-23 13:30:00,Building_C_Admin,223.29,46.63,0.75,7.809
2026-06-23 13:45:00,Building_C_Admin,230.3,44.11,0.75,7.619
2026-06-23 14:00:00,Building_C_Admin,229.47,51.99,0.75,8.947
2026-06-23 14:15:00,Building_C_Admin,222.7,43.38,0.75,7.246
2026-06-23 14:30:00,Building_C_Admin,229.97,43.13,0.75,7.44
2026-06-23 14:45:00,Building_C_Admin,228.0,43.51,0.75,7.439
2026-06-23 15:00:00,Building_C_Admin,232.76,37.71,0.75,6.583
2026-06-23 15:15:00,Building_C_Admin,233.96,35.87,0.75,6.294
2026-06-23 15:30:00,Building_C_Admin,231.9,36.17,0.75,6.291
2026-06-23 15:45:00,Building_C_Admin,231.91,38.53,0.75,6.702
2026-06-23 16:00:00,Building_C_Admin,236.36,33.81,0.75,5.993
2026-06-23 16:15:00,Building_C_Admin,228.95,25.44,0.788,4.586
2026-06-23 16:30:00,Building_C_Admin,235.2,27.78,0.751,4.909
2026-06-23 16:45:00,Building_C_Admin,235.65,29.26,0.752,5.186
2026-06-23 17:00:00,Building_C_Admin,230.28,23.01,0.792,4.196
2026-06-23 17:15:00,Building_C_Admin,230.51,22.79,0.808,4.247
2026-06-23 17:30:00,Building_C_Admin,221.22,20.91,0.789,3.648
2026-06-23 17:45:00,Building_C_Admin,227.83,19.98,0.813,3.699
2026-06-23 18:00:00,Building_C_Admin,230.41,19.26,0.794,3.522
2026-06-23 18:15:00,Building_C_Admin,230.38,17.22,0.809,3.209
2026-06-23 18:30:00,Building_C_Admin,221.96,17.1,0.812,3.08
2026-06-23 18:45:00,Building_C_Admin,220.95,18.33,0.815,3.3
2026-06-23 19:00:00,Building_C_Admin,226.42,16.92,0.796,3.049
2026-06-23 19:15:00,Building_C_Admin,226.34,14.86,0.832,2.797
2026-06-23 19:30:00,Building_C_Admin,232.94,20.03,0.78,3.637
2026-06-23 19:45:00,Building_C_Admin,232.01,18.46,0.814,3.487
2026-06-23 20:00:00,Building_C_Admin,228.64,18.18,0.785,3.262
2026-06-23 20:15:00,Building_C_Admin,230.23,18.24,0.813,3.415
2026-06-23 20:30:00,Building_C_Admin,231.95,17.29,0.831,3.333
2026-06-23 20:45:00,Building_C_Admin,229.22,14.41,0.843,2.785
2026-06-23 21:00:00,Building_C_Admin,222.01,18.84,0.805,3.367
2026-06-23 21:15:00,Building_C_Admin,231.46,18.62,0.807,3.48
2026-06-23 21:30:00,Building_C_Admin,228.31,18.64,0.815,3.47
2026-06-23 21:45:00,Building_C_Admin,237.02,19.25,0.785,3.581
2026-06-23 22:00:00,Building_C_Admin,228.06,17.49,0.822,3.279
2026-06-23 22:15:00,Building_C_Admin,234.47,17.43,0.81,3.31
2026-06-23 22:30:00,Building_C_Admin,230.29,20.7,0.779,3.716
2026-06-23 22:45:00,Building_C_Admin,229.89,16.46,0.849,3.214
2026-06-23 23:00:00,Building_C_Admin,228.68,15.88,0.82,2.976
2026-06-23 23:15:00,Building_C_Admin,229.25,18.76,0.782,3.363
2026-06-23 23:30:00,Building_C_Admin,226.97,17.33,0.837,3.294
2026-06-23 23:45:00,Building_C_Admin,232.65,16.03,0.843,3.145
2026-06-24 00:00:00,Building_C_Admin,231.45,18.73,0.819,3.552
2026-06-24 00:15:00,Building_C_Admin,232.9,18.23,0.812,3.45
2026-06-24 00:30:00,Building_C_Admin,231.13,14.83,0.882,3.022
2026-06-24 00:45:00,Building_C_Admin,230.29,15.43,0.871,3.094
2026-06-24 01:00:00,Building_C_Admin,233.19,18.58,0.797,3.455
2026-06-24 01:15:00,Building_C_Admin,227.16,19.0,0.833,3.596
2026-06-24 01:30:00,Building_C_Admin,238.05,18.99,0.782,3.534
2026-06-24 01:45:00,Building_C_Admin,227.97,18.61,0.766,3.25
2026-06-24 02:00:00,Building_C_Admin,228.27,21.32,0.787,3.829
2026-06-24 02:15:00,Building_C_Admin,236.89,19.79,0.796,3.73
2026-06-24 02:30:00,Building_C_Admin,222.97,20.12,0.777,3.485
2026-06-24 02:45:00,Building_C_Admin,228.5,17.03,0.814,3.166
2026-06-24 03:00:00,Building_C_Admin,226.04,17.38,0.83,3.26
2026-06-24 03:15:00,Building_C_Admin,232.4,16.0,0.866,3.222
2026-06-24 03:30:00,Building_C_Admin,224.08,18.33,0.837,3.438
2026-06-24 03:45:00,Building_C_Admin,230.1,18.21,0.8,3.353
2026-06-24 04:00:00,Building_C_Admin,232.54,17.48,0.783,3.184
2026-06-24 04:15:00,Building_C_Admin,226.76,15.81,0.816,2.926
2026-06-24 04:30:00,Building_C_Admin,229.72,16.85,0.826,3.196
2026-06-24 04:45:00,Building_C_Admin,230.22,19.96,0.838,3.851
2026-06-24 05:00:00,Building_C_Admin,233.43,18.44,0.83,3.57
2026-06-24 05:15:00,Building_C_Admin,228.26,20.27,0.775,3.585
2026-06-24 05:30:00,Building_C_Admin,224.8,15.3,0.826,2.84
2026-06-24 05:45:00,Building_C_Admin,226.45,20.91,0.781,3.697
2026-06-24 06:00:00,Building_C_Admin,222.86,16.31,0.811,2.947
2026-06-24 06:15:00,Building_C_Admin,226.04,23.24,0.785,4.126
2026-06-24 06:30:00,Building_C_Admin,230.29,23.1,0.775,4.123
2026-06-24 06:45:00,Building_C_Admin,233.37,27.5,0.75,4.813
2026-06-24 07:00:00,Building_C_Admin,230.28,24.09,0.75,4.16
2026-06-24 07:15:00,Building_C_Admin,231.29,28.96,0.752,5.038
2026-06-24 07:30:00,Building_C_Admin,233.48,30.88,0.75,5.407
2026-06-24 07:45:00,Building_C_Admin,227.14,35.21,0.75,5.999
2026-06-24 08:00:00,Building_C_Admin,232.02,34.35,0.75,5.978
2026-06-24 08:15:00,Building_C_Admin,227.51,38.62,0.75,6.591
2026-06-24 08:30:00,Building_C_Admin,230.71,38.43,0.75,6.65
2026-06-24 08:45:00,Building_C_Admin,230.83,-39.41,0.75,-6.823
2026-06-24 09:00:00,Building_C_Admin,229.31,42.07,0.75,7.235
2026-06-24 09:15:00,Building_C_Admin,229.34,39.62,0.75,6.815
2026-06-24 09:30:00,Building_C_Admin,234.63,41.02,0.75,7.218
2026-06-24 09:45:00,Building_C_Admin,229.88,45.57,0.75,7.857
2026-06-24 10:00:00,Building_C_Admin,230.76,40.14,0.75,6.947
2026-06-24 10:15:00,Building_C_Admin,232.32,45.57,0.75,7.941
2026-06-24 10:30:00,Building_C_Admin,233.86,43.95,0.75,7.709
2026-06-24 10:45:00,Building_C_Admin,229.71,52.94,0.75,9.12
2026-06-24 11:00:00,Building_C_Admin,232.73,48.48,0.75,8.462
2026-06-24 11:15:00,Building_C_Admin,232.76,44.41,0.75,7.753
2026-06-24 11:30:00,Building_C_Admin,231.92,50.11,0.75,8.716
2026-06-24 11:45:00,Building_C_Admin,228.6,50.8,0.75,8.71
2026-06-24 12:00:00,Building_C_Admin,231.86,49.86,0.75,8.671
2026-06-24 12:15:00,Building_C_Admin,230.37,41.5,0.75,7.17
2026-06-24 12:30:00,Building_C_Admin,231.41,46.35,0.75,8.044
2026-06-24 12:45:00,Building_C_Admin,233.25,49.45,0.75,8.651
2026-06-24 13:00:00,Building_C_Admin,227.56,48.55,0.75,8.287
2026-06-24 13:15:00,Building_C_Admin,234.68,54.74,0.75,9.635
2026-06-24 13:30:00,Building_C_Admin,228.32,45.02,0.75,7.709
2026-06-24 13:45:00,Building_C_Admin,232.18,43.1,0.75,7.506
2026-06-24 14:00:00,Building_C_Admin,227.7,38.23,0.75,6.528
2026-06-24 14:15:00,Building_C_Admin,227.54,45.09,0.75,7.696
2026-06-24 14:30:00,Building_C_Admin,233.7,43.84,0.75,7.683
2026-06-24 14:45:00,Building_C_Admin,225.58,39.5,0.75,6.683
2026-06-24 15:00:00,Building_C_Admin,232.06,41.34,0.75,7.195
2026-06-24 15:15:00,Building_C_Admin,223.55,41.28,0.75,6.921
2026-06-24 15:30:00,Building_C_Admin,227.72,39.33,0.75,6.716
2026-06-24 15:45:00,Building_C_Admin,229.82,33.24,0.75,5.73
2026-06-24 16:00:00,Building_C_Admin,235.53,35.83,0.75,6.329
2026-06-24 16:15:00,Building_C_Admin,238.42,34.11,0.75,6.099
2026-06-24 16:30:00,Building_C_Admin,227.6,31.78,0.75,5.425
2026-06-24 16:45:00,Building_C_Admin,237.69,27.97,0.763,5.072
2026-06-24 17:00:00,Building_C_Admin,230.46,17.48,0.815,3.282
2026-06-24 17:15:00,Building_C_Admin,232.15,25.8,0.75,4.493
2026-06-24 17:30:00,Building_C_Admin,233.6,18.48,0.774,3.34
2026-06-24 17:45:00,Building_C_Admin,229.8,22.06,0.777,3.939
2026-06-24 18:00:00,Building_C_Admin,229.99,18.63,0.776,3.326
2026-06-24 18:15:00,Building_C_Admin,228.42,18.81,0.814,3.5
2026-06-24 18:30:00,Building_C_Admin,230.04,19.32,0.801,3.56
2026-06-24 18:45:00,Building_C_Admin,227.08,18.68,0.828,3.512
2026-06-24 19:00:00,Building_C_Admin,231.74,17.9,0.787,3.266
2026-06-24 19:15:00,Building_C_Admin,231.4,18.5,0.803,3.437
2026-06-24 19:30:00,Building_C_Admin,228.25,19.28,0.841,3.7
2026-06-24 19:45:00,Building_C_Admin,223.44,16.93,0.82,3.102
2026-06-24 20:00:00,Building_C_Admin,227.42,17.38,0.804,3.178
2026-06-24 20:15:00,Building_C_Admin,222.79,18.91,0.782,3.295
2026-06-24 20:30:00,Building_C_Admin,230.22,16.87,0.83,3.224
2026-06-24 20:45:00,Building_C_Admin,225.69,19.41,0.814,3.567
2026-06-24 21:00:00,Building_C_Admin,227.79,19.46,0.806,3.574
2026-06-24 21:15:00,Building_C_Admin,226.64,15.96,0.808,2.923
2026-06-24 21:30:00,Building_C_Admin,230.75,20.57,0.778,3.694
2026-06-24 21:45:00,Building_C_Admin,233.75,18.49,0.79,3.414
2026-06-24 22:00:00,Building_C_Admin,225.7,18.55,0.79,3.307
2026-06-24 22:15:00,Building_C_Admin,233.43,20.2,0.827,3.9
2026-06-24 22:30:00,Building_C_Admin,237.31,17.79,0.797,3.364
2026-06-24 22:45:00,Building_C_Admin,225.82,18.86,0.861,3.667
2026-06-24 23:00:00,Building_C_Admin,235.56,18.6,0.79,3.463
2026-06-24 23:15:00,Building_C_Admin,228.2,18.68,0.805,3.43
2026-06-24 23:30:00,Building_C_Admin,228.46,17.94,0.814,3.336
2026-06-24 23:45:00,Building_C_Admin,227.84,18.28,0.824,3.433
2026-06-25 00:00:00,Building_C_Admin,228.68,16.34,0.823,3.075
2026-06-25 00:15:00,Building_C_Admin,231.42,16.9,0.822,3.214
2026-06-25 00:30:00,Building_C_Admin,229.28,20.45,0.802,3.761
2026-06-25 00:45:00,Building_C_Admin,227.91,17.69,0.81,3.265
2026-06-25 01:00:00,Building_C_Admin,229.45,18.48,0.818,3.471
2026-06-25 01:15:00,Building_C_Admin,226.28,19.65,0.819,3.643
2026-06-25 01:30:00,Building_C_Admin,237.9,13.64,0.85,2.757
2026-06-25 01:45:00,Building_C_Admin,224.82,18.54,0.756,3.151
2026-06-25 02:00:00,Building_C_Admin,235.9,18.22,0.813,3.496
2026-06-25 02:15:00,Building_C_Admin,228.56,18.96,0.782,3.39
2026-06-25 02:30:00,Building_C_Admin,228.73,16.22,0.789,2.925
2026-06-25 02:45:00,Building_C_Admin,238.87,16.83,0.817,3.284
2026-06-25 03:00:00,Building_C_Admin,231.37,19.49,0.807,3.637
2026-06-25 03:15:00,Building_C_Admin,230.53,18.77,0.842,3.642
2026-06-25 03:30:00,Building_C_Admin,231.18,18.72,0.828,3.584
2026-06-25 03:45:00,Building_C_Admin,234.71,20.12,0.779,3.677
2026-06-25 04:00:00,Building_C_Admin,232.33,19.81,0.786,3.619
2026-06-25 04:15:00,Building_C_Admin,228.76,17.68,0.793,3.205
2026-06-25 04:30:00,Building_C_Admin,230.9,18.42,0.767,3.264
2026-06-25 04:45:00,Building_C_Admin,236.91,21.61,0.818,4.185
2026-06-25 05:00:00,Building_C_Admin,221.94,17.49,0.785,3.047
2026-06-25 05:15:00,Building_C_Admin,225.76,16.23,0.806,2.952
2026-06-25 05:30:00,Building_C_Admin,230.63,19.17,0.812,3.591
2026-06-25 05:45:00,Building_C_Admin,229.71,18.62,0.808,3.458
2026-06-25 06:00:00,Building_C_Admin,224.86,15.82,0.803,2.856
2026-06-25 06:15:00,Building_C_Admin,224.66,22.81,0.759,3.89
2026-06-25 06:30:00,Building_C_Admin,234.44,22.92,0.75,4.031
2026-06-25 06:45:00,Building_C_Admin,229.04,24.07,0.804,4.434
2026-06-25 07:00:00,Building_C_Admin,231.31,22.9,0.781,4.135
2026-06-25 07:15:00,Building_C_Admin,232.46,29.56,0.75,5.154
2026-06-25 07:30:00,Building_C_Admin,234.97,34.29,0.75,6.043
2026-06-25 07:45:00,Building_C_Admin,228.59,35.3,0.75,6.052
2026-06-25 08:00:00,Building_C_Admin,226.8,33.08,0.75,5.627
2026-06-25 08:15:00,Building_C_Admin,224.61,35.96,0.75,6.058
2026-06-25 08:30:00,Building_C_Admin,229.22,32.59,0.75,5.603
2026-06-25 08:45:00,Building_C_Admin,228.49,38.06,0.75,6.523
2026-06-25 09:00:00,Building_C_Admin,231.27,38.82,0.75,6.734
2026-06-25 09:15:00,Building_C_Admin,223.94,40.8,0.75,6.853
2026-06-25 09:30:00,Building_C_Admin,232.2,52.71,0.75,9.18
2026-06-25 09:45:00,Building_C_Admin,228.94,46.76,0.75,8.029
2026-06-25 10:00:00,Building_C_Admin,230.73,46.58,0.75,8.06
2026-06-25 10:15:00,Building_C_Admin,237.68,42.53,0.75,7.582
2026-06-25 10:30:00,Building_C_Admin,228.75,45.38,0.75,7.786
2026-06-25 10:45:00,Building_C_Admin,224.35,41.61,0.75,7.002
2026-06-25 11:00:00,Building_C_Admin,236.5,44.15,0.75,7.831
2026-06-25 11:15:00,Building_C_Admin,237.42,51.71,0.75,9.208
2026-06-25 11:30:00,Building_C_Admin,229.83,47.59,0.75,8.204
2026-06-25 11:45:00,Building_C_Admin,229.41,48.63,0.75,8.367
2026-06-25 12:00:00,Building_C_Admin,231.13,49.72,0.75,8.62
2026-06-25 12:15:00,Building_C_Admin,233.85,53.17,0.75,9.326
2026-06-25 12:30:00,Building_C_Admin,227.66,46.67,0.75,7.97
2026-06-25 12:45:00,Building_C_Admin,234.11,55.83,0.75,9.804
2026-06-25 13:00:00,Building_C_Admin,230.9,47.53,0.75,8.231
2026-06-25 13:15:00,Building_C_Admin,227.42,44.83,0.75,7.646
2026-06-25 13:30:00,Building_C_Admin,230.9,49.7,0.75,8.607
2026-06-25 13:45:00,Building_C_Admin,230.07,47.22,0.75,8.149
2026-06-25 14:00:00,Building_C_Admin,226.64,44.91,0.75,7.634
2026-06-25 14:15:00,Building_C_Admin,228.58,37.21,0.75,6.378
2026-06-25 14:30:00,Building_C_Admin,229.42,47.45,0.75,8.164
2026-06-25 14:45:00,Building_C_Admin,230.5,42.14,0.75,7.285
2026-06-25 15:00:00,Building_C_Admin,231.76,33.25,0.75,5.78
2026-06-25 15:15:00,Building_C_Admin,226.26,38.8,0.75,6.585
2026-06-25 15:30:00,Building_C_Admin,227.56,33.69,0.75,5.749
2026-06-25 15:45:00,Building_C_Admin,232.74,38.19,0.75,6.666
2026-06-25 16:00:00,Building_C_Admin,232.96,35.42,0.75,6.189
2026-06-25 16:15:00,Building_C_Admin,227.42,27.03,0.75,4.611
2026-06-25 16:30:00,Building_C_Admin,233.83,30.4,0.75,5.331
2026-06-25 16:45:00,Building_C_Admin,228.42,32.23,0.75,5.521
2026-06-25 17:00:00,Building_C_Admin,230.15,26.59,0.766,4.688
2026-06-25 17:15:00,Building_C_Admin,233.2,24.83,0.768,4.449
2026-06-25 17:30:00,Building_C_Admin,228.06,24.46,0.759,4.233
2026-06-25 17:45:00,Building_C_Admin,232.28,18.86,0.802,3.513
2026-06-25 18:00:00,Building_C_Admin,230.74,22.59,0.773,4.028
2026-06-25 18:15:00,Building_C_Admin,232.98,20.5,0.811,3.874
2026-06-25 18:30:00,Building_C_Admin,233.93,18.55,0.82,3.56
2026-06-25 18:45:00,Building_C_Admin,232.43,16.24,0.812,3.067
2026-06-25 19:00:00,Building_C_Admin,229.57,18.31,0.799,3.358
2026-06-25 19:15:00,Building_C_Admin,227.85,17.55,0.785,3.141
2026-06-25 19:30:00,Building_C_Admin,225.43,17.02,0.798,3.064
2026-06-25 19:45:00,Building_C_Admin,225.29,19.54,0.794,3.494
2026-06-25 20:00:00,Building_C_Admin,222.62,17.12,0.807,3.076
2026-06-25 20:15:00,Building_C_Admin,224.02,20.81,0.817,3.809
2026-06-25 20:30:00,Building_C_Admin,231.91,18.14,0.809,3.402
2026-06-25 20:45:00,Building_C_Admin,225.2,16.87,0.816,3.1
2026-06-25 21:00:00,Building_C_Admin,226.22,18.82,0.801,3.411
2026-06-25 21:15:00,Building_C_Admin,231.58,18.4,0.805,3.43
2026-06-25 21:30:00,Building_C_Admin,228.52,18.64,0.794,3.383
2026-06-25 21:45:00,Building_C_Admin,231.39,17.05,0.796,3.139
2026-06-25 22:00:00,Building_C_Admin,233.82,17.09,0.819,3.274
2026-06-25 22:15:00,Building_C_Admin,229.83,17.49,0.842,3.386
2026-06-25 22:30:00,Building_C_Admin,228.85,18.01,0.767,3.163
2026-06-25 22:45:00,Building_C_Admin,233.25,17.52,0.834,3.41
2026-06-25 23:00:00,Building_C_Admin,230.94,16.41,0.826,3.13
2026-06-25 23:15:00,Building_C_Admin,228.0,17.47,0.822,3.276
2026-06-25 23:30:00,Building_C_Admin,228.98,16.88,0.8,3.094
2026-06-25 23:45:00,Building_C_Admin,229.51,17.17,0.823,3.243
2026-06-26 00:00:00,Building_C_Admin,232.91,18.4,0.809,3.468
2026-06-26 00:15:00,Building_C_Admin,227.37,16.04,0.812,2.963
2026-06-26 00:30:00,Building_C_Admin,229.11,17.51,0.837,3.358
2026-06-26 00:45:00,Building_C_Admin,226.32,15.49,0.833,2.918
2026-06-26 01:00:00,Building_C_Admin,238.13,19.36,0.792,3.651
2026-06-26 01:15:00,Building_C_Admin,231.55,19.28,0.8,3.572
2026-06-26 01:30:00,Building_C_Admin,228.37,14.8,0.853,2.882
2026-06-26 01:45:00,Building_C_Admin,233.07,15.53,0.864,3.126
2026-06-26 02:00:00,Building_C_Admin,228.29,18.99,0.791,3.429
2026-06-26 02:15:00,Building_C_Admin,229.91,20.84,0.777,3.726
2026-06-26 02:30:00,Building_C_Admin,228.35,19.1,0.789,3.44
2026-06-26 02:45:00,Building_C_Admin,231.48,18.55,0.787,3.38
2026-06-26 03:00:00,Building_C_Admin,223.02,19.78,0.79,3.484
2026-06-26 03:15:00,Building_C_Admin,228.15,15.18,0.807,2.795
2026-06-26 03:30:00,Building_C_Admin,224.89,19.29,0.818,3.55
2026-06-26 03:45:00,Building_C_Admin,230.78,16.92,0.803,3.135
2026-06-26 04:00:00,Building_C_Admin,225.44,17.41,0.821,3.222
2026-06-26 04:15:00,Building_C_Admin,231.36,16.07,0.842,3.13
2026-06-26 04:30:00,Building_C_Admin,230.11,18.2,0.791,3.313
2026-06-26 04:45:00,Building_C_Admin,226.77,16.69,0.818,3.097
2026-06-26 05:00:00,Building_C_Admin,229.92,18.85,0.824,3.573
2026-06-26 05:15:00,Building_C_Admin,230.85,17.57,0.827,3.354
2026-06-26 05:30:00,Building_C_Admin,229.05,17.82,0.803,3.277
2026-06-26 05:45:00,Building_C_Admin,229.55,17.98,0.831,3.43
2026-06-26 06:00:00,Building_C_Admin,224.32,18.03,0.808,3.266
2026-06-26 06:15:00,Building_C_Admin,238.65,19.77,0.788,3.719
2026-06-26 06:30:00,Building_C_Admin,230.69,21.99,0.814,4.129
2026-06-26 06:45:00,Building_C_Admin,228.93,22.3,0.815,4.163
2026-06-26 07:00:00,Building_C_Admin,227.7,24.43,0.757,4.212
2026-06-26 07:15:00,Building_C_Admin,231.94,30.44,0.751,5.303
2026-06-26 07:30:00,Building_C_Admin,227.29,32.23,0.75,5.494
2026-06-26 07:45:00,Building_C_Admin,228.65,31.09,0.75,5.332
2026-06-26 08:00:00,Building_C_Admin,228.11,32.95,0.75,5.637
2026-06-26 08:15:00,Building_C_Admin,231.54,36.94,0.75,6.414
2026-06-26 08:30:00,Building_C_Admin,227.1,41.4,0.75,7.051
2026-06-26 08:45:00,Building_C_Admin,233.66,35.71,0.75,6.257
2026-06-26 09:00:00,Building_C_Admin,234.5,43.38,0.75,7.63
2026-06-26 09:15:00,Building_C_Admin,230.2,39.25,0.75,6.777
2026-06-26 09:30:00,Building_C_Admin,219.5,42.7,0.75,7.029
2026-06-26 09:45:00,Building_C_Admin,227.61,48.78,0.75,8.326
2026-06-26 10:00:00,Building_C_Admin,234.35,39.71,0.75,6.979
2026-06-26 10:15:00,Building_C_Admin,229.13,51.36,0.75,8.827
2026-06-26 10:30:00,Building_C_Admin,227.36,48.76,0.75,8.314
2026-06-26 10:45:00,Building_C_Admin,229.84,42.1,0.75,7.258
2026-06-26 11:00:00,Building_C_Admin,229.65,53.15,0.75,9.155
2026-06-26 11:15:00,Building_C_Admin,231.28,51.54,0.75,8.94
2026-06-26 11:30:00,Building_C_Admin,232.12,57.81,0.75,10.064
2026-06-26 11:45:00,Building_C_Admin,235.98,52.86,0.75,9.355
2026-06-26 12:00:00,Building_C_Admin,224.17,49.21,0.75,8.274
2026-06-26 12:15:00,Building_C_Admin,230.44,50.7,0.75,8.762
2026-06-26 12:30:00,Building_C_Admin,228.46,52.05,0.75,8.919
2026-06-26 12:45:00,Building_C_Admin,234.09,47.17,0.75,8.281
2026-06-26 13:00:00,Building_C_Admin,228.14,48.1,0.75,8.229
2026-06-26 13:15:00,Building_C_Admin,229.25,46.26,0.75,7.953
2026-06-26 13:30:00,Building_C_Admin,236.69,54.62,0.75,9.697
2026-06-26 13:45:00,Building_C_Admin,227.26,46.37,0.75,7.904
2026-06-26 14:00:00,Building_C_Admin,229.58,38.75,0.75,6.673
2026-06-26 14:15:00,Building_C_Admin,228.96,42.67,0.75,7.326
2026-06-26 14:30:00,Building_C_Admin,229.03,45.43,0.75,7.804
2026-06-26 14:45:00,Building_C_Admin,229.11,42.95,0.75,7.381
2026-06-26 15:00:00,Building_C_Admin,230.93,36.91,0.75,6.393
2026-06-26 15:15:00,Building_C_Admin,228.58,39.44,0.75,6.762
2026-06-26 15:30:00,Building_C_Admin,236.39,42.01,0.75,7.448
2026-06-26 15:45:00,Building_C_Admin,221.87,34.99,0.75,5.822
2026-06-26 16:00:00,Building_C_Admin,234.27,36.5,0.75,6.413
2026-06-26 16:15:00,Building_C_Admin,227.14,33.32,0.75,5.676
2026-06-26 16:30:00,Building_C_Admin,227.66,30.02,0.759,5.186
2026-06-26 16:45:00,Building_C_Admin,223.73,28.7,0.75,4.816
2026-06-26 17:00:00,Building_C_Admin,232.09,27.85,0.75,4.848
2026-06-26 17:15:00,Building_C_Admin,231.56,25.78,0.757,4.517
2026-06-26 17:30:00,Building_C_Admin,229.8,23.39,0.791,4.25
2026-06-26 17:45:00,Building_C_Admin,227.58,20.78,0.753,3.561
2026-06-26 18:00:00,Building_C_Admin,231.08,19.06,0.769,3.389
2026-06-26 18:15:00,Building_C_Admin,236.13,16.11,0.817,3.107
2026-06-26 18:30:00,Building_C_Admin,229.3,15.85,0.807,2.932
2026-06-26 18:45:00,Building_C_Admin,229.86,20.14,0.819,3.792
2026-06-26 19:00:00,Building_C_Admin,234.44,19.22,0.82,3.695
2026-06-26 19:15:00,Building_C_Admin,225.42,19.14,0.789,3.403
2026-06-26 19:30:00,Building_C_Admin,230.9,17.89,0.806,3.328
2026-06-26 19:45:00,Building_C_Admin,231.76,17.49,0.802,3.249
2026-06-26 20:00:00,Building_C_Admin,227.22,17.77,0.814,3.284
2026-06-26 20:15:00,Building_C_Admin,229.72,18.06,0.788,3.27
2026-06-26 20:30:00,Building_C_Admin,229.04,18.89,0.8,3.461
2026-06-26 20:45:00,Building_C_Admin,231.78,18.4,0.81,3.453
2026-06-26 21:00:00,Building_C_Admin,229.85,19.51,0.772,3.46
2026-06-26 21:15:00,Building_C_Admin,232.43,18.98,0.781,3.448
2026-06-26 21:30:00,Building_C_Admin,228.71,19.11,0.771,3.369
2026-06-26 21:45:00,Building_C_Admin,232.94,16.74,0.816,3.182
2026-06-26 22:00:00,Building_C_Admin,228.29,19.09,0.786,3.426
2026-06-26 22:15:00,Building_C_Admin,229.87,16.87,0.799,3.098
2026-06-26 22:30:00,Building_C_Admin,231.02,17.61,0.781,3.176
2026-06-26 22:45:00,Building_C_Admin,232.61,17.43,0.78,3.163
2026-06-26 23:00:00,Building_C_Admin,228.72,16.19,0.824,3.05
2026-06-26 23:15:00,Building_C_Admin,231.87,18.65,0.795,3.439
2026-06-26 23:30:00,Building_C_Admin,227.65,18.78,0.795,3.399
2026-06-26 23:45:00,Building_C_Admin,226.3,18.56,0.804,3.376
2026-06-27 00:00:00,Building_C_Admin,230.14,18.98,0.816,3.566
2026-06-27 00:15:00,Building_C_Admin,230.49,21.63,0.783,3.903
2026-06-27 00:30:00,Building_C_Admin,228.77,19.85,0.806,3.66
2026-06-27 00:45:00,Building_C_Admin,222.07,18.17,0.831,3.354
2026-06-27 01:00:00,Building_C_Admin,223.85,17.98,0.796,3.203
2026-06-27 01:15:00,Building_C_Admin,232.34,18.3,0.815,3.467
2026-06-27 01:30:00,Building_C_Admin,227.51,17.91,0.818,3.333
2026-06-27 01:45:00,Building_C_Admin,227.52,-16.68,0.815,-3.091
2026-06-27 02:00:00,Building_C_Admin,231.15,15.77,0.828,3.017
2026-06-27 02:15:00,Building_C_Admin,229.37,19.66,0.819,3.695
2026-06-27 02:30:00,Building_C_Admin,231.85,19.62,0.814,3.702
2026-06-27 02:45:00,Building_C_Admin,233.14,20.09,0.777,3.64
2026-06-27 03:00:00,Building_C_Admin,229.46,17.82,0.792,3.238
2026-06-27 03:15:00,Building_C_Admin,234.63,20.27,0.806,3.833
2026-06-27 03:30:00,Building_C_Admin,223.83,18.48,0.797,3.297
2026-06-27 03:45:00,Building_C_Admin,230.44,19.18,0.788,3.481
2026-06-27 04:00:00,Building_C_Admin,234.11,19.67,0.818,3.764
2026-06-27 04:15:00,Building_C_Admin,229.26,18.41,0.789,3.328
2026-06-27 04:30:00,Building_C_Admin,228.35,18.1,0.823,3.401
2026-06-27 04:45:00,Building_C_Admin,232.13,17.51,0.816,3.316
2026-06-27 05:00:00,Building_C_Admin,220.67,16.56,0.797,2.912
2026-06-27 05:15:00,Building_C_Admin,233.65,18.81,0.79,3.474
2026-06-27 05:30:00,Building_C_Admin,228.48,17.52,0.833,3.335
2026-06-27 05:45:00,Building_C_Admin,232.32,20.25,0.789,3.712
2026-06-27 06:00:00,Building_C_Admin,230.07,18.94,0.805,3.508
2026-06-27 06:15:00,Building_C_Admin,232.07,19.62,0.762,3.471
2026-06-27 06:30:00,Building_C_Admin,229.45,20.78,0.759,3.618
2026-06-27 06:45:00,Building_C_Admin,233.94,19.03,0.811,3.611
2026-06-27 07:00:00,Building_C_Admin,232.27,20.2,0.777,3.647
2026-06-27 07:15:00,Building_C_Admin,229.19,21.3,0.75,3.661
2026-06-27 07:30:00,Building_C_Admin,223.51,22.11,0.797,3.94
2026-06-27 07:45:00,Building_C_Admin,226.64,22.01,0.769,3.835
2026-06-27 08:00:00,Building_C_Admin,232.83,21.44,0.791,3.948
2026-06-27 08:15:00,Building_C_Admin,232.54,22.57,0.762,4.001
2026-06-27 08:30:00,Building_C_Admin,229.9,25.17,0.776,4.491
2026-06-27 08:45:00,Building_C_Admin,227.87,24.95,0.757,4.305
2026-06-27 09:00:00,Building_C_Admin,235.62,-25.05,0.769,-4.536
2026-06-27 09:15:00,Building_C_Admin,238.91,28.18,0.75,5.05
2026-06-27 09:30:00,Building_C_Admin,226.99,24.27,0.75,4.132
2026-06-27 09:45:00,Building_C_Admin,223.49,26.72,0.75,4.478
2026-06-27 10:00:00,Building_C_Admin,230.41,21.32,0.782,3.839
2026-06-27 10:15:00,Building_C_Admin,224.87,28.5,0.75,4.807
2026-06-27 10:30:00,Building_C_Admin,228.41,25.26,0.758,4.375
2026-06-27 10:45:00,Building_C_Admin,230.51,26.51,0.756,4.619
2026-06-27 11:00:00,Building_C_Admin,232.45,24.72,0.783,4.496
2026-06-27 11:15:00,Building_C_Admin,232.72,28.02,0.764,4.985
2026-06-27 11:30:00,Building_C_Admin,224.49,30.18,0.75,5.081
2026-06-27 11:45:00,Building_C_Admin,235.03,27.48,0.754,4.868
2026-06-27 12:00:00,Building_C_Admin,224.73,28.63,0.77,4.956
2026-06-27 12:15:00,Building_C_Admin,227.41,27.35,0.78,4.849
2026-06-27 12:30:00,Building_C_Admin,228.22,27.6,0.75,4.724
2026-06-27 12:45:00,Building_C_Admin,226.24,28.23,0.75,4.79
2026-06-27 13:00:00,Building_C_Admin,235.99,26.7,0.773,4.868
2026-06-27 13:15:00,Building_C_Admin,229.64,27.93,0.75,4.81
2026-06-27 13:30:00,Building_C_Admin,226.41,22.63,0.78,3.999
2026-06-27 13:45:00,Building_C_Admin,225.26,26.28,0.75,4.44
2026-06-27 14:00:00,Building_C_Admin,224.67,25.82,0.75,4.351
2026-06-27 14:15:00,Building_C_Admin,232.6,29.44,0.75,5.136
2026-06-27 14:30:00,Building_C_Admin,227.8,26.52,0.757,4.574
2026-06-27 14:45:00,Building_C_Admin,237.55,25.55,0.762,4.627
2026-06-27 15:00:00,Building_C_Admin,238.97,22.92,0.81,4.434
2026-06-27 15:15:00,Building_C_Admin,231.46,22.75,0.773,4.068
2026-06-27 15:30:00,Building_C_Admin,227.9,24.05,0.782,4.288
2026-06-27 15:45:00,Building_C_Admin,227.55,23.17,0.75,3.954
2026-06-27 16:00:00,Building_C_Admin,232.34,22.38,0.8,4.158
2026-06-27 16:15:00,Building_C_Admin,229.17,22.09,0.812,4.111
2026-06-27 16:30:00,Building_C_Admin,225.1,17.96,0.812,3.281
2026-06-27 16:45:00,Building_C_Admin,231.83,21.16,0.804,3.944
2026-06-27 17:00:00,Building_C_Admin,233.21,23.35,0.773,4.21
2026-06-27 17:15:00,Building_C_Admin,225.05,19.38,0.824,3.595
2026-06-27 17:30:00,Building_C_Admin,225.37,18.56,0.8,3.345
2026-06-27 17:45:00,Building_C_Admin,226.31,18.21,0.815,3.358
2026-06-27 18:00:00,Building_C_Admin,225.24,18.25,0.769,3.162
2026-06-27 18:15:00,Building_C_Admin,226.85,17.29,0.815,3.196
2026-06-27 18:30:00,Building_C_Admin,228.19,16.99,0.75,2.908
2026-06-27 18:45:00,Building_C_Admin,224.53,16.82,0.821,3.102
2026-06-27 19:00:00,Building_C_Admin,230.41,19.03,0.812,3.559
2026-06-27 19:15:00,Building_C_Admin,232.71,16.93,0.808,3.183
2026-06-27 19:30:00,Building_C_Admin,237.31,15.94,0.827,3.13
2026-06-27 19:45:00,Building_C_Admin,230.64,16.9,0.802,3.125
2026-06-27 20:00:00,Building_C_Admin,227.69,18.92,0.806,3.472
2026-06-27 20:15:00,Building_C_Admin,228.93,17.52,0.789,3.164
2026-06-27 20:30:00,Building_C_Admin,226.91,21.09,0.768,3.674
2026-06-27 20:45:00,Building_C_Admin,227.04,17.57,0.829,3.306
2026-06-27 21:00:00,Building_C_Admin,226.76,17.07,0.841,3.257
2026-06-27 21:15:00,Building_C_Admin,227.63,18.55,0.779,3.29
2026-06-27 21:30:00,Building_C_Admin,239.54,16.09,0.826,3.186
2026-06-27 21:45:00,Building_C_Admin,225.6,15.13,0.812,2.773
2026-06-27 22:00:00,Building_C_Admin,229.12,16.03,0.821,3.018
2026-06-27 22:15:00,Building_C_Admin,223.73,17.2,0.799,3.074
2026-06-27 22:30:00,Building_C_Admin,236.23,17.76,0.804,3.375
2026-06-27 22:45:00,Building_C_Admin,232.6,15.99,0.817,3.037
2026-06-27 23:00:00,Building_C_Admin,230.59,18.27,0.827,3.485
2026-06-27 23:15:00,Building_C_Admin,232.74,17.28,0.792,3.185
2026-06-27 23:30:00,Building_C_Admin,226.69,16.01,0.824,2.991
2026-06-27 23:45:00,Building_C_Admin,234.14,19.73,0.778,3.596
2026-06-28 00:00:00,Building_C_Admin,240.25,21.68,0.78,4.063
2026-06-28 00:15:00,Building_C_Admin,227.02,16.68,0.855,3.237
2026-06-28 00:30:00,Building_C_Admin,228.22,17.41,0.798,3.17
2026-06-28 00:45:00,Building_C_Admin,231.42,15.84,0.779,2.857
2026-06-28 01:00:00,Building_C_Admin,235.75,18.6,0.819,3.591
2026-06-28 01:15:00,Building_C_Admin,232.1,17.88,0.815,3.383
2026-06-28 01:30:00,Building_C_Admin,234.2,17.52,0.803,3.295
2026-06-28 01:45:00,Building_C_Admin,225.6,17.01,0.797,3.06
2026-06-28 02:00:00,Building_C_Admin,231.14,17.38,0.814,3.271
2026-06-28 02:15:00,Building_C_Admin,228.24,17.94,0.79,3.234
2026-06-28 02:30:00,Building_C_Admin,231.6,17.63,0.831,3.394
2026-06-28 02:45:00,Building_C_Admin,238.28,17.81,0.789,3.349
2026-06-28 03:00:00,Building_C_Admin,233.64,17.01,0.803,3.193
2026-06-28 03:15:00,Building_C_Admin,227.88,17.55,0.804,3.217
2026-06-28 03:30:00,Building_C_Admin,224.16,18.04,0.796,3.218
2026-06-28 03:45:00,Building_C_Admin,231.26,17.73,0.84,3.443
2026-06-28 04:00:00,Building_C_Admin,233.15,22.91,0.75,4.006
2026-06-28 04:15:00,Building_C_Admin,228.44,18.32,0.81,3.392
2026-06-28 04:30:00,Building_C_Admin,234.68,16.77,0.805,3.168
2026-06-28 04:45:00,Building_C_Admin,229.85,17.06,0.786,3.084
2026-06-28 05:00:00,Building_C_Admin,230.36,14.36,0.854,2.824
2026-06-28 05:15:00,Building_C_Admin,230.34,17.24,0.835,3.315
2026-06-28 05:30:00,Building_C_Admin,234.52,16.75,0.867,3.404
2026-06-28 05:45:00,Building_C_Admin,225.74,17.69,0.841,3.357
2026-06-28 06:00:00,Building_C_Admin,227.12,18.23,0.804,3.329
2026-06-28 06:15:00,Building_C_Admin,235.92,20.16,0.78,3.709
2026-06-28 06:30:00,Building_C_Admin,233.78,22.73,0.773,4.106
2026-06-28 06:45:00,Building_C_Admin,230.15,18.1,0.785,3.273
2026-06-28 07:00:00,Building_C_Admin,227.91,21.19,0.802,3.876
2026-06-28 07:15:00,Building_C_Admin,231.55,20.74,0.78,3.744
2026-06-28 07:30:00,Building_C_Admin,225.66,18.94,0.795,3.399
2026-06-28 07:45:00,Building_C_Admin,233.37,20.58,0.793,3.808
2026-06-28 08:00:00,Building_C_Admin,229.27,20.33,0.778,3.629
2026-06-28 08:15:00,Building_C_Admin,229.83,25.46,0.75,4.388
2026-06-28 08:30:00,Building_C_Admin,235.19,23.55,0.772,4.279
2026-06-28 08:45:00,Building_C_Admin,233.76,26.95,0.75,4.725
2026-06-28 09:00:00,Building_C_Admin,226.84,23.66,0.751,4.031
2026-06-28 09:15:00,Building_C_Admin,224.8,23.96,0.75,4.039
2026-06-28 09:30:00,Building_C_Admin,235.87,28.87,0.75,5.107
2026-06-28 09:45:00,Building_C_Admin,231.59,24.09,0.798,4.455
2026-06-28 10:00:00,Building_C_Admin,231.02,24.73,0.767,4.379
2026-06-28 10:15:00,Building_C_Admin,231.33,22.52,0.774,4.032
2026-06-28 10:30:00,Building_C_Admin,227.53,29.46,0.75,5.028
2026-06-28 10:45:00,Building_C_Admin,234.21,25.25,0.761,4.499
2026-06-28 11:00:00,Building_C_Admin,229.96,29.39,0.75,5.069
2026-06-28 11:15:00,Building_C_Admin,226.92,26.8,0.75,4.562
2026-06-28 11:30:00,Building_C_Admin,224.66,27.45,0.76,4.687
2026-06-28 11:45:00,Building_C_Admin,226.74,30.1,0.75,5.12
2026-06-28 12:00:00,Building_C_Admin,229.17,24.9,0.758,4.328
2026-06-28 12:15:00,Building_C_Admin,221.61,27.69,0.75,4.602
2026-06-28 12:30:00,Building_C_Admin,233.33,28.62,0.75,5.009
2026-06-28 12:45:00,Building_C_Admin,231.26,28.97,0.75,5.025
2026-06-28 13:00:00,Building_C_Admin,229.48,27.66,0.75,4.76
2026-06-28 13:15:00,Building_C_Admin,228.33,27.28,0.75,4.671
2026-06-28 13:30:00,Building_C_Admin,235.07,27.48,0.754,4.869
2026-06-28 13:45:00,Building_C_Admin,227.36,26.23,0.75,4.472
2026-06-28 14:00:00,Building_C_Admin,230.29,30.54,0.75,5.275
2026-06-28 14:15:00,Building_C_Admin,227.44,24.83,0.75,4.235
2026-06-28 14:30:00,Building_C_Admin,227.69,24.11,0.783,4.297
2026-06-28 14:45:00,Building_C_Admin,237.46,25.95,0.75,4.621
2026-06-28 15:00:00,Building_C_Admin,233.0,20.83,0.785,3.812
2026-06-28 15:15:00,Building_C_Admin,223.56,23.16,0.783,4.053
2026-06-28 15:30:00,Building_C_Admin,230.31,25.32,0.76,4.435
2026-06-28 15:45:00,Building_C_Admin,234.07,22.3,0.784,4.092
2026-06-28 16:00:00,Building_C_Admin,228.59,25.05,0.75,4.295
2026-06-28 16:15:00,Building_C_Admin,229.04,21.9,0.75,3.761
2026-06-28 16:30:00,Building_C_Admin,230.24,24.42,0.771,4.334
2026-06-28 16:45:00,Building_C_Admin,230.71,21.04,0.784,3.805
2026-06-28 17:00:00,Building_C_Admin,233.14,20.64,0.813,3.911
2026-06-28 17:15:00,Building_C_Admin,232.34,21.12,0.83,4.075
2026-06-28 17:30:00,Building_C_Admin,229.15,19.49,0.803,3.589
2026-06-28 17:45:00,Building_C_Admin,231.96,16.43,0.823,3.138
2026-06-28 18:00:00,Building_C_Admin,223.69,17.15,0.821,3.15
2026-06-28 18:15:00,Building_C_Admin,226.56,18.0,0.838,3.417
2026-06-28 18:30:00,Building_C_Admin,232.36,18.2,0.792,3.351
2026-06-28 18:45:00,Building_C_Admin,229.09,19.14,0.827,3.627
2026-06-28 19:00:00,Building_C_Admin,227.71,20.81,0.796,3.772
2026-06-28 19:15:00,Building_C_Admin,232.43,18.06,0.788,3.306
2026-06-28 19:30:00,Building_C_Admin,225.66,15.87,0.81,2.902
2026-06-28 19:45:00,Building_C_Admin,240.14,19.83,0.807,3.842
2026-06-28 20:00:00,Building_C_Admin,228.57,16.44,0.815,3.06
2026-06-28 20:15:00,Building_C_Admin,227.65,18.75,0.809,3.453
2026-06-28 20:30:00,Building_C_Admin,236.1,19.89,0.796,3.74
2026-06-28 20:45:00,Building_C_Admin,235.84,17.17,0.822,3.33
2026-06-28 21:00:00,Building_C_Admin,228.88,20.0,0.842,3.856
2026-06-28 21:15:00,Building_C_Admin,226.9,14.48,0.824,2.706
2026-06-28 21:30:00,Building_C_Admin,229.81,18.17,0.793,3.312
2026-06-28 21:45:00,Building_C_Admin,229.26,17.17,0.808,3.182
2026-06-28 22:00:00,Building_C_Admin,233.27,15.57,0.798,2.897
2026-06-28 22:15:00,Building_C_Admin,233.86,17.97,0.804,3.381
2026-06-28 22:30:00,Building_C_Admin,225.49,21.04,0.776,3.683
2026-06-28 22:45:00,Building_C_Admin,219.76,19.26,0.807,3.416
2026-06-28 23:00:00,Building_C_Admin,235.41,16.28,0.807,3.095
2026-06-28 23:15:00,Building_C_Admin,230.37,16.91,0.803,3.128
2026-06-28 23:30:00,Building_C_Admin,223.92,18.06,0.815,3.294
2026-06-28 23:45:00,Building_C_Admin,235.62,19.19,0.818,3.701
